layer,id,ref,kind,zone,conf,date,src,note,open
buildings,administration_hall,"B14,B15",academic,ncore,high,2022,"aerial2022, User155128, R053, R354, V01, wayfinding2026","Hip-roof outline from the 2022 aerial; front facade, portico and storey count from User155128/R053.",Rear wing use and rear door unverified; B15 welcome office door location inside the building not established.
buildings,aquatics_wing,B40,athletic,west,medium,2022,"aerial2022, wayfinding2026, plan2023p4",outline from 2022 aerial; the split between recreation centre and aquatics wing is inferred (2026 map marker and 2023 plan label sit on the south part of the complex),which hall holds the pool is not confirmed (dark hall with skylights assumed); heights shadow-estimated
buildings,arena,B38,athletic,west,medium,2022,"aerial2022, R181, R056, wayfinding2026",roof edges measured on the 2022 aerial (no visible lean); height from 7-8 m north shadow,exact entrance positions; whether the south canopy belongs to the arena or the link
buildings,arts_center,B16,academic,ncore,medium,2022,"aerial2022, User155151, R308, R310, R312, wayfinding2026, V05, User155234",Dark roof outline traced from the 2022 aerial; entrance facade from User155151 (curved glass between brick piers behind the basins).,"Heights estimated from the facade photo (no scale bar); the dark strip along the east face is planting (colour), not building."
buildings,baseball_dugout_1b,A02,athletic,west,medium,2022,"aerial2022, R059",2022 aerial,
buildings,baseball_dugout_3b,A02,athletic,west,medium,2022,"aerial2022, R059",2022 aerial,
buildings,baseball_grandstand,A02,athletic,west,medium,2022,"aerial2022, R181",outline simplified from the 2022 aerial,exact facets
buildings,baseball_outfield_building,,service,west,medium,2022,aerial2022,2022 aerial; use unknown,function and facade
buildings,bell_tower,B22,service,ccore,medium,2022,"aerial2022, user155113, user155120, user155324, R095, R109, R353, V04, V07, V08","tower centred on the inner octagon of its base; ground footprint ~5.7 x 4.1 m from the dark mass at the base in the aerial (the top appears displaced ~(+2,+7.5) m by lean); pier arrangement and stepped heights from the oblique photos/video; total height ~28 m estimated from the base octagon (23.4 m across) in the oblique user image 155113","exact pier sizes/offsets, setback heights and the width of the ground gap need a site measurement; height +-3 m"
buildings,bridge_hall,B32,residence,south,high,2022,"aerial2022, R213, R214, R084, plan2023p16","roof outline traced on the 2022 aerial (flat roofs, staggered blocks); 4 floors counted in R213/R214; plan p16 footprint agrees within ~2 m",south-side outline partly under shadow; the boundary with the glazed link (x 5) is where the roof material changes; north entrance positions from walks
buildings,campus_center,"B19,B20",dining,ncore,medium,2022,"aerial2022, wayfinding2026, plan2023p4, R064, R199, R065, R067, V05, User155234",Outline traced from 2022 roof edges (white membrane and dark roofs); north-west patio notch and west wing confirmed by the 2026 wayfinding outline; heights estimated (no measured elevation photos).,"Heights of each mass not measured; the 2026 wayfinding draws the large assembly project directly against this north side, so the north annex (z < -285) may be altered or absorbed by that project; west strip (x -29..-21) read as a low wing, not shadow."
buildings,campus_market,B03,service,north,high,2022,"aerial2022, wayfinding2026","white flat roof traced in 2022 aerial (dark band W/N is its shadow, ~5 m); size matches the 2026 wayfinding square",facade material and doors not photographed (inventory gap); height from shadow only
buildings,cedar_apartments,B04,residence,north,medium,2022,"aerial2022, wayfinding2026, R124",roof outline in 2022 aerial with W/N shadows excluded; double-block plan per 2026 wayfinding,west wall line (x 204-206) uncertain between shadow and west roof slope; link width estimated
buildings,club_field_bleachers_1,A07,athletic,west,medium,2022,aerial2022,2022 aerial,
buildings,club_field_bleachers_2,A07,athletic,west,medium,2022,aerial2022,2022 aerial,
buildings,club_field_shed,A07,service,west,medium,2022,aerial2022,2022 aerial,
buildings,club_field_shed_s,,service,west,medium,2022,aerial2022,2022 aerial,
buildings,court_apartments_a,B05,residence,north,medium,2022,"overview2022, wayfinding2026, parcels2025, R171",first-pass outline from overview raster,refine
buildings,court_apartments_b,B05,residence,north,medium,2022,"overview2022, wayfinding2026, parcels2025, R171",first-pass outline from overview raster,refine
buildings,ctx_bldg_001,C04,context,context,medium,2022,"overview2022, parcels2025","large one-storey complex (long N-S spine with a west wing); overview raster, simplified union outline",wall material and roof form not verified (dark grey pitched roofs read from the overview)
buildings,ctx_bldg_002,C04,context,context,low,2022,overview2022,square pavilion/court block on the west side of the complex,
buildings,ctx_house_001,C04,house,context,medium,2022,aerial2022,house in the residential subdivision north-west of the campus; traced on the 0.66 m overview raster (+-1.5 m),
buildings,ctx_house_002,C04,house,context,low,2022,aerial2022,house in the residential subdivision north-west of the campus; traced on the 0.66 m overview raster (+-1.5 m),outline soft under trees
buildings,ctx_house_003,C04,house,context,low,2022,aerial2022,house in the residential subdivision north-west of the campus; traced on the 0.66 m overview raster (+-1.5 m); set at an angle along the street curve,
buildings,ctx_house_004,C04,house,context,medium,2022,aerial2022,house in the residential subdivision north-west of the campus; traced on the 0.66 m overview raster (+-1.5 m); brown roof,
buildings,ctx_house_005,C04,house,context,medium,2022,aerial2022,house in the residential subdivision north-west of the campus; traced on the 0.66 m overview raster (+-1.5 m),
buildings,ctx_house_006,C04,house,context,medium,2022,aerial2022,house in the residential subdivision north-west of the campus; traced on the 0.66 m overview raster (+-1.5 m),
buildings,ctx_house_007,C04,house,context,medium,2022,aerial2022,house in the residential subdivision north-west of the campus; traced on the 0.66 m overview raster (+-1.5 m); house with a rear wing,
buildings,ctx_house_008,C04,house,context,medium,2022,aerial2022,house in the residential subdivision north-west of the campus; traced on the 0.66 m overview raster (+-1.5 m),
buildings,ctx_house_009,C04,house,context,medium,2022,aerial2022,house in the residential subdivision north-west of the campus; traced on the 0.66 m overview raster (+-1.5 m),
buildings,ctx_house_010,C04,house,context,medium,2022,aerial2022,house in the residential subdivision north-west of the campus; traced on the 0.66 m overview raster (+-1.5 m),
buildings,ctx_house_011,C04,house,context,medium,2022,aerial2022,house in the residential subdivision north-west of the campus; traced on the 0.66 m overview raster (+-1.5 m),
buildings,ctx_house_012,C04,house,context,medium,2022,aerial2022,house in the residential subdivision north-west of the campus; traced on the 0.66 m overview raster (+-1.5 m),
buildings,ctx_house_013,C04,house,context,medium,2022,aerial2022,one-storey ranch house facing the north perimeter street; footprint from the 2022 aerial (roof outline),
buildings,ctx_house_014,C04,house,context,medium,2022,aerial2022,one-storey ranch house facing the north perimeter street; footprint from the 2022 aerial (roof outline); brown roof,
buildings,ctx_house_015,C04,house,context,medium,2022,aerial2022,one-storey ranch house facing the north perimeter street; footprint from the 2022 aerial (roof outline),
buildings,ctx_house_016,C04,house,context,medium,2022,aerial2022,one-storey ranch house facing the north perimeter street; footprint from the 2022 aerial (roof outline),
buildings,ctx_house_017,C04,house,context,low,2022,aerial2022,house around the subdivision cul-de-sac; overview raster (+-1.5 m); set diagonally to the circle; brown roof,
buildings,ctx_house_018,C04,house,context,low,2022,aerial2022,house around the subdivision cul-de-sac; overview raster (+-1.5 m),
buildings,ctx_house_019,C04,house,context,low,2022,aerial2022,house around the subdivision cul-de-sac; overview raster (+-1.5 m); brown roof,
buildings,ctx_house_020,C04,house,context,medium,2022,aerial2022,house around the subdivision cul-de-sac; overview raster (+-1.5 m),
buildings,ctx_house_021,C04,house,context,medium,2022,aerial2022,house around the subdivision cul-de-sac; overview raster (+-1.5 m),
buildings,ctx_house_022,C04,house,context,medium,2022,aerial2022,house around the subdivision cul-de-sac; overview raster (+-1.5 m),
buildings,ctx_house_023,C04,house,context,medium,2022,aerial2022,house facing the north perimeter street; 2022 aerial,
buildings,ctx_house_024,C04,house,context,medium,2022,aerial2022,house facing the north perimeter street; 2022 aerial; taller central mass (one and a half storeys),
buildings,ctx_house_025,C04,house,context,medium,2022,aerial2022,house facing the north perimeter street; 2022 aerial; L-shaped with a lower front wing,
buildings,ctx_house_026,C04,house,context,medium,2022,aerial2022,house facing the north perimeter street; 2022 aerial,
buildings,ctx_shed_001,C04,context,context,medium,2022,aerial2022,detached garage / shed behind the houses,
buildings,ctx_shed_002,C04,context,context,medium,2022,aerial2022,detached garage / shed,
buildings,ctx_shed_003,C04,context,context,medium,2022,aerial2022,outbuilding with a deck (pool house?) behind a house,use unclear
buildings,ctx_shed_004,C04,context,context,medium,2022,aerial2022,detached garage / shed,
buildings,ctx_shed_005,C04,context,context,medium,2022,overview2022,small white-roofed service building at the complex lot,
buildings,dining_commons,B35,dining,south,medium,2026,"aerial2022, plan2023p16, wayfinding2026, R008, R339, R340, R341, R342, R344","2022 mass hand-traced from the aerial (high); SW wing x -177..-146, z 121..135 placed from plan p16 (navy block, fit RMS 2.5 m) and confirmed as built by the 2026 wayfinding outline and the newer wing in R340/R008",SW wing's exact west end (aligned here with the 2022 west wall) and depth; whether other parts were re-roofed or extended in the 2024 renovation; loading-dock outline on the north side approximate
buildings,dining_pergola,B35,dining,south,medium,2024,"R340, R008, plan2023p16, wayfinding2026","R340 shows a timber pergola along the south facade, east of the newer flat-roofed wing, fronting the fire-pit terrace; position = the paved strip on plan p16 (placed from the 2023 planning figure p16 georeferenced by the south tracer (11 control points, fit RMS 2.5 m))",pergola length and depth estimated (~29 x 4 m); exact east end unverified
buildings,east_hall,B29,residence,ccore,high,2022,"aerial2022, R085, R251, R267, wayfinding2026","wall lines from eave/facade-strip profiles at x=180,195,235,250,258 corrected for lean; bar 89.0 x 12.7 m at -17.95 deg; portico columns visible in the aerial; white flat-roofed stem and lower annex south of the centre",side/end door positions unverified; stem height from its short shadow (~6 m)
buildings,elm_hall,B31,residence,south,high,2022,"aerial2022, R269, R281, R082, plan2023p16","white-roof blocks extracted from the 2022 aerial (threshold contour, eps 0.7 m); west low wings hand-traced; 3 floors counted in R269/R281",west wing heights and roof form inferred from roof colour/hip lines (no photo of that side); entrance positions from walks meeting the building
buildings,environmental_center,B41,academic,west,medium,2022,"aerial2022, R042, R044, wayfinding2026, plan2023p4","arc fitted to the 2022 roof edges by radial scans from the drive centre (-540,-194.5): inner wall r~37-39 m, outer wall r~58-62 m, from ~158 to ~261 deg; eave ~4.5 m (one storey in photos)",individual roof blocks simplified to two ring parts; the 2023 plan marks a proposed addition north of the building (not modelled; no evidence it was built)
buildings,environmental_greenhouse,B41,academic,west,high,2022,aerial2022,2022 aerial (glazed gables clearly visible),
buildings,field_house,B43,house,west,medium,2022,"aerial2022, wayfinding2026",2022 aerial; map marker identifies it,"facade, use and porch"
buildings,founders_hall,B02,residence,north,low,2026,"wayfinding2026, R087, R103, R282, S10, S11, aerial2022","L-shaped plan from the 2026 wayfinding, scaled between the neighbouring buildings (east edge of B01, west edge of B03) and aligned to the old setback; this part = west wing incl. SW corner, modelled as the phase opened fall 2026 (S10/S11: 117 places 2026, full completion 2027); height from renderings (4 floors)","which wing opened first is not stated in the pack (chosen: west wing, which stands mostly on the former lot and is the larger part); no post-2022 overhead image; outline +-5 m"
buildings,founders_hall_phase2,B02,residence,north,low,2026,"wayfinding2026, R282, S10, S11",south wing of the L from the 2026 wayfinding; status construction because the full project completes 2027 (S10/S11),actual progress (shell vs site) in Oct 2026 unknown; outline +-5 m
buildings,health_house,B49,service,south,high,2022,"aerial2022, R004, wayfinding2026, plan2023p16","traced from the 2022 aerial; still shown at the west end of the village row on the 2026 wayfinding (unnumbered, non-residence colour) and on plan p16; brick low building at the end of the row in R004",this is the only built structure at the west end of the row: no separate village community building is evidenced (R003's small block was a 2023 sketch); its 2026 use and height (1 storey assumed from shadows) unverified
buildings,health_house_shed,B49,service,south,medium,2022,aerial2022,"small shed/utility box north of the support building, 2022 aerial",not visible in any photo; may be a transformer/utility enclosure rather than a shed
buildings,heritage_gallery,B13,academic,ncore,medium,2022,"aerial2022, wayfinding2026, plan2023p5",Hip roof traced from the 2022 aerial; identity from the 2026 wayfinding marker and the 2023 plan label position.,"No current facade photo; dark band north/west of the roof read as shadow and trees, not building; height estimated."
buildings,heritage_house,"B10,B11",house,ncore,medium,2022,"aerial2022, wayfinding2026, plan2023p5",Traced from the 2022 aerial; identity from the 2026 wayfinding (markers 10 and 11 both point here) and the 2023 plan label.,"Centroid (243.5, -388) lies 3 m north of z = -385 (north-zone side) but the building is assigned to this zone's inventory; facade/height not photographed; whether campus services occupy this house or a room elsewhere."
buildings,house_a,,house,west,medium,2022,aerial2022,detached house in the woods south of the athletics (context); outline simplified from roof,ownership/use; facade
buildings,house_b_garage,,house,west,medium,2022,aerial2022,detached house in the woods south of the athletics (context); outline simplified from roof,ownership/use; facade
buildings,house_c,,house,west,medium,2022,aerial2022,detached house in the woods south of the athletics (context); outline simplified from roof,ownership/use; facade
buildings,house_d,,house,west,medium,2022,aerial2022,detached house in the woods south of the athletics (context); outline simplified from roof,ownership/use; facade
buildings,house_e,,house,west,medium,2022,aerial2022,detached house in the woods south of the athletics (context); outline simplified from roof,ownership/use; facade
buildings,innovation_center,B09,academic,ncore,medium,2026,"wayfinding2026, plan2023p4, R006, R328, R336, R330, R337, R331, User155234","Not in the 2022 aerial. Footprint from the 2026 wayfinding outline georeferenced with a local fit (7 control points, 3.0 m RMS) and squared to the campus grid; rotunda on the west face and northward-projecting east block confirmed by the user oblique aerial (User155234); facade heights from R006 (two storeys about 9.8 m, drum about 11.6 m, dome top about 15.5 m).","Exact footprint (+-4 m) and whether the 2022 rectangular block (x 135..160, z -368..-332) was incorporated or rebuilt; rear (south/east) door positions; arcade depth."
buildings,lakeside_pavilion,B34,dining,south,medium,2024,"R347, plan2023p16, wayfinding2026","navy block on plan p16 and an outline in the 2026 wayfinding at the same spot SE of the dining hall; R347 shows the timber pavilion with a curving concrete approach; placed from the 2023 planning figure p16 georeferenced by the south tracer (11 control points, fit RMS 2.5 m)",size from the plan block (19.5 x 11.6 incl. its outline) reduced to ~18 x 10; ridge orientation assumed along the long axis (R347: gable end on the short side)
buildings,lakeview_hall,B37,residence,south,high,2022,"aerial2022, R226, R074, plan2023p4","roof outline from the 2022 aerial (46.4 x 17.4 m), shifted 2.5 m NE onto the visible NE wall base (roof lean); 4 floors counted in R226 (glass block 4 bands, end bay 4 window rows); glazed corner is at the N corner (woods behind it, the dining hall in the distance)","lean along the long axis not measurable (assumed 0); glazed block extent (~8 x 10 m) estimated from R226; the dark area NW of the slab is mostly its shadow, containing the terrace"
buildings,liberal_arts_hall,B23,academic,ncore,medium,2022,"aerial2022, wayfinding2026","Traced from the 2022 aerial (roof edge; south vestibules where the south walk meets the wall). Listed for the central zone in the inventory, but its centroid (245, -180) is north of z = -150, so it is traced here.","Not in this tracer's assigned inventory list: check for a duplicate in the central-zone file; no photos, storey count and height estimated from shadows."
buildings,library,B26,academic,ccore,medium,2022,"aerial2022, user155113, R353, V08, plan2023p4, wayfinding2026","outline traced from the roof colour mask and 9 px/m tiles, moved by the measured lean for ~9 m eaves (-0.6,-2.4 m); parts follow the visible roof masses","eave heights estimated from video V08 (2 storeys); entrances placed where paved forecourts meet the walls (north at the bell-tower base, south forecourt, east wing, west service side) and need photo confirmation; roof overhangs not deducted (+-1 m)"
buildings,lodge_west_building,,house,north,high,2022,"aerial2022, wayfinding2026, plan2023p4",outline from 2022 aerial (short ~2 m NW shadows => one storey); drawn as an unnumbered campus building on the 2026 wayfinding; not colour-coded on the 2023 plan,use unknown; one candidate for B46 (legend item without a map marker) - unverified
buildings,maintenance_main,B48,service,west,high,2022,"aerial2022, plan2023p4, wayfinding2026",roof outline 2022 aerial (unchanged on the 2026 map); height from a ~2.5 m north shadow,wall material unknown (no photo)
buildings,maintenance_shed_a,B48,service,west,high,2022,"aerial2022, plan2023p4, wayfinding2026",2022 aerial roof outlines; service buildings,
buildings,maintenance_shed_b,B48,service,west,high,2022,"aerial2022, plan2023p4, wayfinding2026",2022 aerial roof outlines; service buildings,
buildings,maintenance_shed_c,B48,service,west,high,2022,"aerial2022, plan2023p4, wayfinding2026",2022 aerial roof outlines; service buildings,
buildings,maintenance_shed_d,B48,service,west,high,2022,"aerial2022, plan2023p4, wayfinding2026",2022 aerial roof outlines; service buildings,
buildings,maintenance_shed_south,B48,service,west,high,2022,"aerial2022, plan2023p4, wayfinding2026",2022 aerial roof outlines; service buildings,
buildings,maintenance_store_n,B48,service,west,low,2022,aerial2022,dark low structure; could be containers,nature of the structure
buildings,maple_apartments,B01,residence,north,high,2022,"aerial2022, R110, R111, R122, wayfinding2026","ground outline from 2022 aerial (roof edges, NW shadows 6-8 m excluded, ~0.5 m lean corrected); H plan confirmed by 2026 wayfinding; R111 shows the recessed porch entry, R122 the one-storey link and courtyard",link width (x 19-34) and the porch recess depth are estimated; north face entry not photographed
buildings,meadow_apartments,B08,residence,north,medium,2022,"aerial2022, overview2022, wayfinding2026, R162",first-pass outline,refine
buildings,media_center,B18,academic,ncore,medium,2022,"aerial2022, wayfinding2026, plan2023p4, User155234, V05","Roof outlines segmented from the 2022 aerial (white membrane), dark link roof inferred between wings; parts split by roof breaks; matches the 2026 wayfinding outline.",No close exterior photos of this building; heights and the stage-house interpretation of the tall box are estimates; south wing could belong to the music center instead.
buildings,music_center,B21,academic,ncore,medium,2022,"aerial2022, wayfinding2026, R069, V05",Dark roof traced from the 2022 aerial; wing split by roof finish; the south hall wing extends south across z = -150 but the building's centroid is in this zone.,No close exterior photo; heights estimated; nature of the lighter inner roof (low roof versus open court) unverified.
buildings,north_court_home_01,B45,residence,north,low,2026,"wayfinding2026, overview2022, parcels2025, R150, R160","detached site ~400 m north of the north perimeter street; outline = the inset building shape on the 2026 wayfinding, georeferenced locally to the four street crossings around the block (fit residual 0.1 m; the inset's E-W lane lands within 1.3 m of the 2025 parcels' alley strip, an independent check), then shifted 2.5 m west so the rows sit centred in their 2025 parcel (as drawn, building 07 would reach 3 m into the street right-of-way); the block is open lawn and paving in the 2022 overview and an apartment-class (402) parcel in 2025; 2 storeys + garage wings counted in R150 (2-storey eave ~6.3 m, garage eave ~3.0 m)","outline is the inset's stylised shape at its drawn scale: building length 36 m on the inset vs ~30-32 m estimated from R150's facade (lobe ~9-10 m wide, garages ~3 m), so each wing/lobe split is +-3 m and positions +-3 m; front side per row inferred from driveway access (row 1 north, row 2 south, east building west); unit count per building inferred (R150 door numbers 3 and 4); no post-2022 overhead image"
buildings,north_court_home_02,B45,residence,north,low,2026,"wayfinding2026, overview2022, parcels2025, R150, R160","detached site ~400 m north of the north perimeter street; outline = the inset building shape on the 2026 wayfinding, georeferenced locally to the four street crossings around the block (fit residual 0.1 m; the inset's E-W lane lands within 1.3 m of the 2025 parcels' alley strip, an independent check), then shifted 2.5 m west so the rows sit centred in their 2025 parcel (as drawn, building 07 would reach 3 m into the street right-of-way); the block is open lawn and paving in the 2022 overview and an apartment-class (402) parcel in 2025; 2 storeys + garage wings counted in R150 (2-storey eave ~6.3 m, garage eave ~3.0 m)","outline is the inset's stylised shape at its drawn scale: building length 36 m on the inset vs ~30-32 m estimated from R150's facade (lobe ~9-10 m wide, garages ~3 m), so each wing/lobe split is +-3 m and positions +-3 m; front side per row inferred from driveway access (row 1 north, row 2 south, east building west); unit count per building inferred (R150 door numbers 3 and 4); no post-2022 overhead image"
buildings,north_court_home_03,B45,residence,north,low,2026,"wayfinding2026, overview2022, parcels2025, R150, R160","detached site ~400 m north of the north perimeter street; outline = the inset building shape on the 2026 wayfinding, georeferenced locally to the four street crossings around the block (fit residual 0.1 m; the inset's E-W lane lands within 1.3 m of the 2025 parcels' alley strip, an independent check), then shifted 2.5 m west so the rows sit centred in their 2025 parcel (as drawn, building 07 would reach 3 m into the street right-of-way); the block is open lawn and paving in the 2022 overview and an apartment-class (402) parcel in 2025; 2 storeys + garage wings counted in R150 (2-storey eave ~6.3 m, garage eave ~3.0 m)","outline is the inset's stylised shape at its drawn scale: building length 36 m on the inset vs ~30-32 m estimated from R150's facade (lobe ~9-10 m wide, garages ~3 m), so each wing/lobe split is +-3 m and positions +-3 m; front side per row inferred from driveway access (row 1 north, row 2 south, east building west); unit count per building inferred (R150 door numbers 3 and 4); no post-2022 overhead image"
buildings,north_court_home_04,B45,residence,north,low,2026,"wayfinding2026, overview2022, parcels2025, R150, R160","detached site ~400 m north of the north perimeter street; outline = the inset building shape on the 2026 wayfinding, georeferenced locally to the four street crossings around the block (fit residual 0.1 m; the inset's E-W lane lands within 1.3 m of the 2025 parcels' alley strip, an independent check), then shifted 2.5 m west so the rows sit centred in their 2025 parcel (as drawn, building 07 would reach 3 m into the street right-of-way); the block is open lawn and paving in the 2022 overview and an apartment-class (402) parcel in 2025; 2 storeys + garage wings counted in R150 (2-storey eave ~6.3 m, garage eave ~3.0 m)","outline is the inset's stylised shape at its drawn scale: building length 36 m on the inset vs ~30-32 m estimated from R150's facade (lobe ~9-10 m wide, garages ~3 m), so each wing/lobe split is +-3 m and positions +-3 m; front side per row inferred from driveway access (row 1 north, row 2 south, east building west); unit count per building inferred (R150 door numbers 3 and 4); no post-2022 overhead image"
buildings,north_court_home_05,B45,residence,north,low,2026,"wayfinding2026, overview2022, parcels2025, R150, R160","detached site ~400 m north of the north perimeter street; outline = the inset building shape on the 2026 wayfinding, georeferenced locally to the four street crossings around the block (fit residual 0.1 m; the inset's E-W lane lands within 1.3 m of the 2025 parcels' alley strip, an independent check), then shifted 2.5 m west so the rows sit centred in their 2025 parcel (as drawn, building 07 would reach 3 m into the street right-of-way); the block is open lawn and paving in the 2022 overview and an apartment-class (402) parcel in 2025; 2 storeys + garage wings counted in R150 (2-storey eave ~6.3 m, garage eave ~3.0 m)","outline is the inset's stylised shape at its drawn scale: building length 36 m on the inset vs ~30-32 m estimated from R150's facade (lobe ~9-10 m wide, garages ~3 m), so each wing/lobe split is +-3 m and positions +-3 m; front side per row inferred from driveway access (row 1 north, row 2 south, east building west); unit count per building inferred (R150 door numbers 3 and 4); no post-2022 overhead image"
buildings,north_court_home_06,B45,residence,north,low,2026,"wayfinding2026, overview2022, parcels2025, R150, R160","detached site ~400 m north of the north perimeter street; outline = the inset building shape on the 2026 wayfinding, georeferenced locally to the four street crossings around the block (fit residual 0.1 m; the inset's E-W lane lands within 1.3 m of the 2025 parcels' alley strip, an independent check), then shifted 2.5 m west so the rows sit centred in their 2025 parcel (as drawn, building 07 would reach 3 m into the street right-of-way); the block is open lawn and paving in the 2022 overview and an apartment-class (402) parcel in 2025; 2 storeys + garage wings counted in R150 (2-storey eave ~6.3 m, garage eave ~3.0 m)","outline is the inset's stylised shape at its drawn scale: building length 36 m on the inset vs ~30-32 m estimated from R150's facade (lobe ~9-10 m wide, garages ~3 m), so each wing/lobe split is +-3 m and positions +-3 m; front side per row inferred from driveway access (row 1 north, row 2 south, east building west); unit count per building inferred (R150 door numbers 3 and 4); no post-2022 overhead image"
buildings,north_court_home_07,B45,residence,north,low,2026,"wayfinding2026, overview2022, parcels2025, R150, R160","detached site ~400 m north of the north perimeter street; outline = the inset building shape on the 2026 wayfinding, georeferenced locally to the four street crossings around the block (fit residual 0.1 m; the inset's E-W lane lands within 1.3 m of the 2025 parcels' alley strip, an independent check), then shifted 2.5 m west so the rows sit centred in their 2025 parcel (as drawn, building 07 would reach 3 m into the street right-of-way); the block is open lawn and paving in the 2022 overview and an apartment-class (402) parcel in 2025; 2 storeys + garage wings counted in R150 (2-storey eave ~6.3 m, garage eave ~3.0 m)","outline is the inset's stylised shape at its drawn scale: building length 36 m on the inset vs ~30-32 m estimated from R150's facade (lobe ~9-10 m wide, garages ~3 m), so each wing/lobe split is +-3 m and positions +-3 m; front side per row inferred from driveway access (row 1 north, row 2 south, east building west); unit count per building inferred (R150 door numbers 3 and 4); no post-2022 overhead image"
buildings,north_hall,B12,residence,ncore,high,2022,"aerial2022, R089, R200, R203, R205, R206, R207, R208, R209, R306, wayfinding2026, plan2023p5","Outline from 2022 roof edges; four storeys counted in R200/R203/R306 (3.2 m/floor + base, eave about 13.3 m); portico on the east front centred about z -339 matches the front stair paving at z -344..-338.","Roof shading/lean makes wing widths uncertain by about +-1.5 m (north range reads 23 m wide with a flat-topped hip, south range 19 m, west wing 14.5 m; the dark band north of the west wing is cast shadow by colour); exact rear door positions from R203 are estimated; front stair rise (about 1.8 m) estimated from R200/R306."
buildings,north_lodge,B42,house,west,low,2022,"aerial2022, wayfinding2026","outline simplified from the 2022 aerial roof planes (complex roof, trees); height from short shadows","no facade photo: wall material, storeys and entrance are assumptions"
buildings,oak_hall,B07,residence,north,medium,2022,"aerial2022, wayfinding2026, R283, R284, R303",first-pass outline,refine
buildings,practice_field_bleachers,A04,athletic,west,medium,2022,aerial2022,small bleacher units,
buildings,prayer_chapel,B27,worship,ccore,medium,2022,"aerial2022, R009, R010, R011, R012, R013, R014, R073, R097, R355, V02","core octagon and four diagonal gabled wings fitted inside the 29.6 m garden ring (inner edge r 14.8 about (70.25,25.0)); cupola top at ground (70.1,22.9) after lean correction; eave ~4.8 m and apex ~17 m estimated from R009/R355 proportions","exact wing count/orientation (V02 shows gables on at least two sides), which entrance is the main portico, and the atrium route; footprint +-1.5 m"
buildings,racket_courts_kiosk,A05,athletic,west,low,2026,"wayfinding2026, R055, plan2023p4","layout from the top-down photo R055 (rotated 180 deg to match the 2026 map: 3+3+3 tennis courts, 8 pickleball courts in the SE quadrant, central walks with benches and a pyramid-roof kiosk); scale from tennis court lines (0.142 m/px -> complex ~110 x 80 m); placed from the 2026 map (+-10 m)",exact position and orientation need newer imagery; not in the 2022 aerial
buildings,recreation_center,B39,athletic,west,medium,2022,"aerial2022, R040, R181, R060, wayfinding2026, plan2023p4",footprint from 2022 aerial roof/shadow edges (+-1 m); fieldhouse eave ~10.5 m and ridge ~17 m from west/north shadow lengths calibrated on the training hall (2 floors); wings ~6 m,glazed entrance tower seen in R040 not located in the aerial; ridge height shadow-estimated
buildings,scholars_lodge,B47,house,north,medium,2022,"aerial2022, plan2023p4, wayfinding2026",2022 aerial outline; 2023 plan colours this small building as a misc. campus building beside the honors-lodge label; 2026 wayfinding draws it unnumbered next to pin 1 (legend number shared with B01),identity rests on the plan colour + label proximity (the label also overlaps the larger building to the west); wall material and floors not photographed
buildings,science_annex,B25,academic,ccore,medium,2022,"aerial2022, wayfinding2026, R034","outline from 14 px/m tile, moved by the lean for 9 m",height (2 storeys) from its short shadow only; 2025 renovation/addition noted in the inventory could not be verified
buildings,science_center,B24,academic,ccore,medium,2022,"aerial2022, R031, R032, R033, R034, R035, R036, R108, V12, V13, wayfinding2026","outline from 8-14 px/m tiles and profiles, moved by the lean for an 11 m reference height (-0.8,-3.0 m); lantern, dome, solar roof and green roof identified from R034/R035/R108","B24/B25 split assumed: hexagonal flat-roofed block = annex (wayfinding pin 24 points at it), everything else = science center; any 2025 addition/renovation (S13) is not visible in the 2022 aerial; east entrance rotunda footprint not modelled separately"
buildings,softball_dugout_1b,A03,athletic,west,medium,2022,aerial2022,2022 aerial,
buildings,softball_dugout_3b,A03,athletic,west,medium,2022,aerial2022,2022 aerial,
buildings,softball_stands,A03,athletic,west,medium,2022,"aerial2022, R062","2022 aerial, simplified; bleachers + press box in R062",
buildings,stadium_east_bleachers,A01,athletic,west,medium,2022,"aerial2022, R181",2022 aerial; height from photo proportions,
buildings,stadium_west_grandstand,A01,athletic,west,medium,2022,"aerial2022, R181, R059",plan from 2022 aerial; back height ~8 m and press box ~13 m from the westward shadow,under-stand enclosure and stairs not resolved
buildings,terrace_apartments_a,B06,residence,north,low,2026,"wayfinding2026, overview2022, parcels2025","outline = the pin-6 rectangle on the 2026 wayfinding, fitted locally to the street crossings either side and the B05 corners (affine RMS 2.0 m), moved 2.5 m north to undo the map's street-side squeeze measured on B05; block a fills the street-side parcel (class 500, vacant, in the 2025 parcels), block b the parcel behind it; aligned with the ~1.9 deg town grid; neither block is in the 2022 overview","position +-4 m and size +-2 m (diagram); height, floors, roof and walls unknown (no photo: the inventory gap 'exterior detail needed' remains); the 2025 parcels still class the rear parcel as a single-family dwelling (a 2022 house stands at ~x 259-272, z -650..-641), so whether block b replaced it or the map exaggerates that house is unresolved; entrances not evidenced"
buildings,terrace_apartments_b,B06,residence,north,low,2026,"wayfinding2026, overview2022, parcels2025","outline = the pin-6 rectangle on the 2026 wayfinding, fitted locally to the street crossings either side and the B05 corners (affine RMS 2.0 m), moved 2.5 m north to undo the map's street-side squeeze measured on B05; block a fills the street-side parcel (class 500, vacant, in the 2025 parcels), block b the parcel behind it; aligned with the ~1.9 deg town grid; neither block is in the 2022 overview","position +-4 m and size +-2 m (diagram); height, floors, roof and walls unknown (no photo: the inventory gap 'exterior detail needed' remains); the 2025 parcels still class the rear parcel as a single-family dwelling (a 2022 house stands at ~x 259-272, z -650..-641), so whether block b replaced it or the map exaggerates that house is unresolved; entrances not evidenced"
buildings,training_hall,B44,athletic,west,high,2022,"aerial2022, R058, R181, wayfinding2026, plan2023p4","roof edges measured (50 x 18.7 m, ridge E-W at z -230.6); two levels in R058; eave ~7.5 m, ridge ~10.5 m (shadow 4 m N / 6 m W used as the zone's shadow calibration)",the brick-paved plaza on the south side (R058) is newer than the 2022 aerial; its extent is estimated
buildings,village_home_01,B30,residence,south,medium,2024,"plan2023p16, wayfinding2026, R004, R017, R134, R149, R101, R135, R002, R313","built 2023-24 (gold block on plan p16); not in the 2022 aerial. Centre and 15.4 x 14.6 m body from the plan p16 outline, placed from the 2023 planning figure p16 georeferenced by the south tracer (11 control points, fit RMS 2.5 m); the 2026 wayfinding has all 7 with the same spacing (within ~3 m, its absolute offset ~3 m W / 6 m N is inside its 10 m fit); 3 levels counted in photos","as-built position +-3-5 m; porch depth (1.9 m) and widths estimated from photos; colour from R004 (row seen from the east: white home at the west end next to the brick support building, two grey ones); small side stoops on the plan outline omitted"
buildings,village_home_02,B30,residence,south,medium,2024,"plan2023p16, wayfinding2026, R004, R017, R134, R149, R101, R135, R002, R313","built 2023-24 (gold block on plan p16); not in the 2022 aerial. Centre and 15.4 x 14.6 m body from the plan p16 outline, placed from the 2023 planning figure p16 georeferenced by the south tracer (11 control points, fit RMS 2.5 m); the 2026 wayfinding has all 7 with the same spacing (within ~3 m, its absolute offset ~3 m W / 6 m N is inside its 10 m fit); 3 levels counted in photos","as-built position +-3-5 m; porch depth (1.9 m) and widths estimated from photos; colour from R004 (row seen from the east: white home at the west end next to the brick support building, two grey ones); small side stoops on the plan outline omitted"
buildings,village_home_03,B30,residence,south,medium,2024,"plan2023p16, wayfinding2026, R004, R017, R134, R149, R101, R135, R002, R313","built 2023-24 (gold block on plan p16); not in the 2022 aerial. Centre and 15.4 x 14.6 m body from the plan p16 outline, placed from the 2023 planning figure p16 georeferenced by the south tracer (11 control points, fit RMS 2.5 m); the 2026 wayfinding has all 7 with the same spacing (within ~3 m, its absolute offset ~3 m W / 6 m N is inside its 10 m fit); 3 levels counted in photos","as-built position +-3-5 m; porch depth (1.9 m) and widths estimated from photos; colour from R004 (row seen from the east: white home at the west end next to the brick support building, two grey ones); small side stoops on the plan outline omitted"
buildings,village_home_04,B30,residence,south,medium,2024,"plan2023p16, wayfinding2026, R004, R017, R134, R149, R101, R135, R002, R313","built 2023-24 (gold block on plan p16); not in the 2022 aerial. Centre and 15.4 x 14.6 m body from the plan p16 outline, placed from the 2023 planning figure p16 georeferenced by the south tracer (11 control points, fit RMS 2.5 m); the 2026 wayfinding has all 7 with the same spacing (within ~3 m, its absolute offset ~3 m W / 6 m N is inside its 10 m fit); 3 levels counted in photos",as-built position +-3-5 m; porch depth (1.9 m) and widths estimated from photos; wall colour per building not matched to photos (R101/R135 show white and grey variants); small side stoops on the plan outline omitted
buildings,village_home_05,B30,residence,south,medium,2024,"plan2023p16, wayfinding2026, R004, R017, R134, R149, R101, R135, R002, R313","built 2023-24 (gold block on plan p16); not in the 2022 aerial. Centre and 15.4 x 14.6 m body from the plan p16 outline, placed from the 2023 planning figure p16 georeferenced by the south tracer (11 control points, fit RMS 2.5 m); the 2026 wayfinding has all 7 with the same spacing (within ~3 m, its absolute offset ~3 m W / 6 m N is inside its 10 m fit); 3 levels counted in photos",as-built position +-3-5 m; porch depth (1.9 m) and widths estimated from photos; wall colour per building not matched to photos (R101/R135 show white and grey variants); small side stoops on the plan outline omitted
buildings,village_home_06,B30 C03,residence,south,medium,2025,"plan2023p16, wayfinding2026, R100, R101, R102, R002, R313","built 2025 (one of the two additions; drawn as a proposed light-grey block on plan p16 and present on the 2026 wayfinding); not in the 2022 aerial. Centre and 15.4 x 14.6 m body from the plan p16 outline, placed from the 2023 planning figure p16 georeferenced by the south tracer (11 control points, fit RMS 2.5 m); the 2026 wayfinding has all 7 with the same spacing (within ~3 m, its absolute offset ~3 m W / 6 m N is inside its 10 m fit); 3 levels counted in photos",as-built position +-3-5 m; porch depth (1.9 m) and widths estimated from photos; wall colour per building not matched to photos (R101/R135 show white and grey variants); small side stoops on the plan outline omitted
buildings,village_home_07,B30 C03,residence,south,medium,2025,"plan2023p16, wayfinding2026, R100, R101, R102, R002, R313","built 2025 (one of the two additions; drawn as a proposed light-grey block on plan p16 and present on the 2026 wayfinding); not in the 2022 aerial. Centre and 15.4 x 14.6 m body from the plan p16 outline, placed from the 2023 planning figure p16 georeferenced by the south tracer (11 control points, fit RMS 2.5 m); the 2026 wayfinding has all 7 with the same spacing (within ~3 m, its absolute offset ~3 m W / 6 m N is inside its 10 m fit); 3 levels counted in photos",as-built position +-3-5 m; porch depth (1.9 m) and widths estimated from photos; wall colour per building not matched to photos (R101/R135 show white and grey variants); small side stoops on the plan outline omitted
buildings,water_tower,,service,ncore,medium,2022,"aerial2022, User155234, V05, wayfinding2026",Leg ring located from the visible north legs (x 16.4 and 27.0 at z about -370.5) and the paved pad; the tank image is displaced about 8 m SSE by view angle.,Height not measured (tank top assumed 40 m); number of legs not counted.
buildings,waterside_hall,B33,residence,south,high,2022,"aerial2022, R240, R076, plan2023p16, wayfinding2026","outline traced on the 2022 aerial (hip-roof eaves, so walls may sit ~0.5 m inside); 4 window rows in R240 (left wing); plan p16 / 2026 wayfinding footprints agree",exact eave overhang; which wing has 3 vs 4 storeys (terrain falls toward the pond/lake); entrances on the west/south from walks only
buildings,waterside_link,B33,residence,south,medium,2022,"aerial2022, R240, R242, R213",dark flat roof between the two halls on the 2022 aerial; glazed 2-storey commons in R240/R242,the curved glass front's exact plan curve is simplified to straight segments; boundary to each hall approximate
buildings,west_hall,B28,residence,ccore,high,2022,"aerial2022, R093, R182, R193, R196, R198, plan2023p4, wayfinding2026","north and south wall lines from the visible north facade strip/eave edges along 6 cross-profiles, corrected for the measured lean (0.07,0.27) m/m; bar 89.2 m x 13.0 m at 13.05 deg; portico from the four column bases; stem/annex from the flat roofs; 3 floors counted in R093/R182","south-side doors placed where walks/plaza meet the walls (stem east face plaza, walk ending at the bar's south wall at x~61, both ends): exact door positions unverified; stem height (8 m) from its shadow only; lobby/commons interior photos R183-R198 show lounges/kitchen but no plan"
water,bridge_pond,W02,pond,south,high,2022,"aerial2022, R240, R076, wayfinding2026","two lobes (north ~20 x 33 m, south ~21 x 37 m) joined by a narrow neck under the bridge, water edge traced on the 2022 aerial (dark smooth water mask, 8 px/m); the 2026 wayfinding draws the same two lobes; a stream leaves the south lobe SW toward the lake (water/lake_creek)",water level vs bank height unknown; the neck between the lobes may be a culvert rather than open water
water,campus_lake,W01,lake,south,high,2022,"aerial2022, R071, wayfinding2026","water edge traced on the 2022 aerial (dark-water mask at 4 px/m, simplified to 0.8 m); west side is a dam with a light stone face; the south shore is smoothed through the overhanging crowns of the wooded bank (true edge may be 1-3 m further south there); ~2.9 ha; one of the game's objective waters",south-shore water line under tree crowns (+-2 m); small notch at x -272 z 410-413 may be the outlet/spillway; 2026 shoreline and swim-raft positions (seasonal) unverified
water,garden_fountain,W05,fountain,ccore,medium,2022,"aerial2022, user155324, R098","small round basin on the SE edge of the walk hub west of the library: water r~1.5 m inside a ~1 m light coping ring (outer r 2.7); the pillar's 2.3 m shadow points NW; user image 155324 looks from it to the bell tower with the library close on the right, R098 shows the brick seat wall beside it","not the jet pool listed with V03/V10 (that is the separate pool at (213,-46), traced as garden_run_pool); basin depth and rim height estimated"
water,garden_run,W06,channel,ccore,low,2022,"aerial2022, plan2023p4, wayfinding2026","a stony, planted dry-creek channel meandering from the small pool by the science centre across the south lawn (dark stone band in the aerial; drawn blue on the diagrams); walks cross it",whether it carries water except after rain; exact width (1.5-3 m) and the western end
water,garden_run_pool,W06,fountain,ccore,high,2022,"aerial2022, V03, V10, wayfinding2026","round pool r 4.4 m (dark water edge in the aerial) with a central jet and a few boulders, a brown stone rim, a curved concrete walk around its north side; it is the head of the garden run: a rock cascade leaves it to the south (V03)",rim height and depth estimated
water,lake_creek,W02,channel,south,medium,2022,aerial2022,narrow stream in a wooded ravine from the bridge pond's south lobe SW to the lake's east arm (2022 aerial: a dark line between bare-tree crowns); width ~2 m assumed,true channel width and whether it carries water year-round unknown; crossings (culverts/footbridges) under the south-lot walk not verified
water,north_pond,W07,pond,west,medium,2022,"aerial2022, wayfinding2026","water edge traced on the 2022 leaf-off aerial; west lobe open, east lobe edged with trees",east lobe edge partly under tree crowns; current shore detail
water,reflection_court_basin_ne,W04,fountain,ncore,high,2022,"aerial2022, User155151, R308, R310, R312, V05","Water edge traced at 30 px/m from the 2022 aerial: NE basin centre (154.08, -223.80), outer rim radius 2.20 m, white concrete rim about 0.25 m thick and 0.55 m high that also forms the divider with the SW basin; paired with the SW basin; brick-paved court with a stamped round pad holding a standing statue in front (south-west) and the curved glass entrance of the arts center behind.",Water depth and rim height estimated from User155151; whether the two basins share water through a gap in the dividing rim.
water,reflection_court_basin_sw,W04,fountain,ncore,high,2022,"aerial2022, User155151, R308, R310, R312","SW basin centre (151.83, -221.33), outer rim radius 2.25 m; its outline is a crescent where it meets the NE basin's rim, so the pair reads as a curved figure-eight, not a circle.",Exact statue positions within the basins are estimated from the photo.
water,village_pond,W03,pond,south,medium,2025,"plan2023p16, R101, R135","outline = the blue pond on plan p16 (near-circular, ~69 m across, centre (346.5, 345)), placed from the 2023 planning figure p16 georeferenced by the south tracer (11 control points, fit RMS 2.5 m); R101/R135 (2025) show the pond with a central fountain jet and four village homes beyond; not in the 2022 aerial (open field)",as-built shoreline unknown (plan is a design drawing; the 2026 wayfinding does not draw this pond); fountain position estimated; water levels assumed
water,woods_pond_west,,pond,west,medium,2022,aerial2022,"pond in the north-west woods (marshy margins), not in the inventory",edge partly marsh; water level varies
roads,aisle_arena_front,,lot_aisle,west,medium,2022,aerial2022,frontage aisle,
roads,aisle_lot_east_link,,lot_aisle,west,medium,2022,aerial2022,north-south aisle and entrance to the road,
roads,aisle_lot_east_n1,,lot_aisle,west,high,2022,aerial2022,aisle,
roads,aisle_lot_east_n2,,lot_aisle,west,high,2022,aerial2022,aisle,
roads,aisle_lot_east_n3,,lot_aisle,west,high,2022,aerial2022,aisle,
roads,aisle_lot_east_s1,,lot_aisle,west,high,2022,aerial2022,west aisle / entrance,
roads,aisle_lot_east_s2,,lot_aisle,west,high,2022,aerial2022,aisle,
roads,aisle_lot_east_s3,,lot_aisle,west,high,2022,aerial2022,aisle,
roads,aisle_rec_north,,lot_aisle,west,high,2022,aerial2022,main aisle,
roads,aisle_stadium_lot_w,,lot_aisle,west,high,2022,aerial2022,one-way U aisle round the angled stalls,
roads,arts_service_drive,,service,ncore,low,2026,"wayfinding2026, aerial2022",Service drive drawn (white) in the 2026 wayfinding from the new lot south to the paved yard north of the arts center; it follows the line of the 2022 curved walk.,Could be a wide shared walk rather than a drive.
roads,athletics_road_east,,campus,west,high,2022,"aerial2022, wayfinding2026","centre line from kerb-to-kerb profiles; ~7 m, widening to ~10 m along the arena frontage",exact lane marking near the arena
roads,athletics_road_west,,campus,west,high,2022,aerial2022,asphalt road west of the west street to the yard and softball entrances,
roads,campus_center_dropoff,,drive,ncore,high,2022,"aerial2022, wayfinding2026","Semicircular drop-off lane on the west side of the loop road, passing under the campus-center porte-cochere (x 38..49, z -233..-226); planted island inside.",
roads,campus_center_west_road,,campus,ncore,medium,2022,"aerial2022, wayfinding2026","Road west of the campus center (2022 asphalt 10-11 m wide, profiles every 15 m). The 2026 wayfinding draws it as the through route west of the campus center (the loop's updated alignment) ending at the south-west corner of the assembly-center construction site; ends exactly at z = -150.","Whether it was rebuilt/realigned a few metres west when the loop was rerouted (wayfinding places it about 10 m further west, within its +-10 m error); northern end/turnaround under the construction site."
roads,campus_center_west_road_spur_w,,campus,ncore,medium,2022,"aerial2022, wayfinding2026",Stub of the road branching west at z about -199.5; continues in the west zone from x = -40.,
roads,campus_loop_east_ncore,C02,campus,ncore,high,2022,"aerial2022, wayfinding2026","East side of the campus loop from the north perimeter street (cut at z = -385) south to the main entrance (cut at z = -150); asphalt about 7 m, widening to about 10 m between z -205 and -180 (lay-by on the east side).",Purpose of the widened section (bus/drop-off lay-by) unverified.
roads,campus_loop_northwest,C02,campus,ncore,high,2022,"aerial2022, wayfinding2026, plan2023p4",North-west part of the campus loop from the north perimeter street (cut at z = -385) to the campus-center drop-off; centreline drifts east from x 57.5 to 65.8 (brightness profiles every 15 m). In 2026 the wayfinding shows this road ending at the campus-center drop-off: the 2022 curve south-west from here toward the lake side is gone (see changes).,Exact 2026 termination/turnaround geometry at the south end not visible in any source.
roads,campus_loop_west_new,C02,campus,west,low,2026,"wayfinding2026, S01","relocated west leg of the campus loop shown on the 2026 wayfinding map (west of the old leg, through the former track site); placed with a local 10-point affine fit of the map (RMS 4.7 m)","true alignment, width and junction with the north perimeter street need newer imagery; may be offset 5-10 m"
roads,club_field_track,,service,west,medium,2022,aerial2022,dirt/gravel maintenance track along the north and west sides of the club field,
roads,ctx_road_001,C01,drive,context,medium,2022,overview2022,drive from the N-S town street along the south side of the complex,
roads,ctx_road_002,C01,drive,context,low,2022,overview2022,north service drive of the complex,
roads,ctx_road_003,C01,street,context,medium,2022,"overview2022, aerial2022","west street north of the north perimeter street; straight, drifting ~0.04 m/m west going north; profiles every 25 m",
roads,ctx_road_004,C01,street,context,medium,2022,overview2022,"curving residential street of the north-west subdivision (from the west street, then north)",
roads,ctx_road_005,C01,street,context,medium,2022,overview2022,"east branch of the subdivision street ending in a cul-de-sac (circle r~10 m around (-210,-545))",
roads,ctx_road_006,C01,street,context,low,2022,overview2022,cul-de-sac turning circle drawn as a ring centre line (outer radius ~10 m),
roads,ctx_road_007,C01,street,context,medium,2022,"overview2022, aerial2022",town street north of the campus; centre line from axis-averaged brightness profiles and 3 px/m tiles on the overview raster (+-1.5 m); N-S street from the north perimeter street to the first E-W street,
roads,ctx_road_008,C01,street,context,medium,2022,overview2022,town street north of the campus; centre line from axis-averaged brightness profiles and 3 px/m tiles on the overview raster (+-1.5 m); short N-S street ending in a cul-de-sac,
roads,ctx_road_009,C01,street,context,low,2022,overview2022,"cul-de-sac turning circle (ring centre line, radius ~10 m)",
roads,ctx_road_010,C01,street,context,medium,2022,overview2022,town street north of the campus; centre line from axis-averaged brightness profiles and 3 px/m tiles on the overview raster (+-1.5 m); ends at the E-W street on the north edge of the campus strip (continues south in the north zone),
roads,ctx_road_011,C01,street,context,medium,2022,overview2022,town street north of the campus; centre line from axis-averaged brightness profiles and 3 px/m tiles on the overview raster (+-1.5 m); ends at the E-W street on the north edge of the campus strip (continues south between campus lots),
roads,ctx_road_012,C01,street,context,low,2022,overview2022,town street north of the campus; centre line from axis-averaged brightness profiles and 3 px/m tiles on the overview raster (+-1.5 m); narrow street/lane between two E-W streets,
roads,ctx_road_013,C01,street,context,medium,2022,overview2022,town street north of the campus; centre line from axis-averaged brightness profiles and 3 px/m tiles on the overview raster (+-1.5 m),
roads,ctx_road_014,C01,street,context,medium,2022,overview2022,town street north of the campus; centre line from axis-averaged brightness profiles and 3 px/m tiles on the overview raster (+-1.5 m),
roads,ctx_road_015,C01,street,context,medium,2022,overview2022,"east perimeter street north of the campus strip; profiles every 40 m (two lanes, ~8-9 m)",
roads,ctx_road_016,C01,street,context,low,2022,overview2022,town street north of the campus; centre line from axis-averaged brightness profiles and 3 px/m tiles on the overview raster (+-1.5 m); E-W street on the northern edge of the band,
roads,ctx_road_017,C01,street,context,low,2022,overview2022,town street north of the campus; centre line from axis-averaged brightness profiles and 3 px/m tiles on the overview raster (+-1.5 m); short E-W street,
roads,ctx_road_018,C01,street,context,medium,2022,overview2022,town street north of the campus; centre line from axis-averaged brightness profiles and 3 px/m tiles on the overview raster (+-1.5 m),
roads,ctx_road_019,C01,street,context,medium,2022,overview2022,town street north of the campus; centre line from axis-averaged brightness profiles and 3 px/m tiles on the overview raster (+-1.5 m),
roads,ctx_road_020,C01,street,context,medium,2022,"overview2022, aerial2022",town street north of the campus; centre line from axis-averaged brightness profiles and 3 px/m tiles on the overview raster (+-1.5 m); E-W street along the north edge of the campus strip (north zone south of it),
roads,dorm_lot_aisle_1,,lot_aisle,south,medium,2022,aerial2022,dorm lot aisle (2022 aerial stall rows),
roads,dorm_lot_aisle_2,,lot_aisle,south,medium,2022,aerial2022,dorm lot aisle (2022 aerial stall rows),
roads,dorm_lot_aisle_3,,lot_aisle,south,medium,2022,aerial2022,dorm lot aisle (2022 aerial stall rows),
roads,dorm_lot_aisle_4,,lot_aisle,south,medium,2022,aerial2022,dorm lot aisle (2022 aerial stall rows),
roads,dorm_lot_aisle_5,,lot_aisle,south,medium,2022,aerial2022,dorm lot aisle (2022 aerial stall rows),
roads,dorm_lot_aisle_6,,lot_aisle,south,medium,2022,aerial2022,dorm lot aisle (2022 aerial stall rows),
roads,drive_cc_science_link,,drive,ccore,low,2022,aerial2022,link from the turnaround to the campus loop,where it meets the loop
roads,drive_cc_science_turnaround,,drive,ccore,medium,2022,aerial2022,turnaround drive east of the science centre,radius +-2 m
roads,drive_house_a,,drive,west,high,2022,aerial2022,private drive from the west street,
roads,drive_house_c,,drive,west,high,2022,aerial2022,curving drive to the house turning circle,
roads,drive_south_stub_1,,drive,west,medium,2022,aerial2022,"private drive south off the perimeter road, cut at the zone edge z=440",
roads,drive_south_stub_2,,drive,west,medium,2022,aerial2022,"private drive south off the perimeter road, cut at the zone edge z=440",
roads,east_lot_aisle_c,,lot_aisle,ncore,high,2022,aerial2022,North-south aisle between stall rows.,
roads,east_lot_aisle_e,,lot_aisle,ncore,high,2022,aerial2022,North-south aisle beside the east row.,
roads,east_lot_aisle_n,,lot_aisle,ncore,high,2022,aerial2022,"Northern aisle of the large east lot, entrance from the loop at z about -232.",
roads,east_lot_aisle_s,,lot_aisle,ncore,high,2022,aerial2022,"Southern aisle of the large east lot, entrance from the loop at z about -177.",
roads,east_lot_aisle_w,,lot_aisle,ncore,high,2022,aerial2022,North-south aisle between stall rows.,
roads,east_perimeter_street,C01,street,south,high,2022,aerial2022,"east perimeter street (3-lane with hatched centre/turn lane, no kerbs) from the z=200 zone line south past the south road junction; centre from the 2022 aerial (z<=400) and the overview aerial (z>400)",east edge truncated by the 2022 campus aerial at x 436.7; south of the junction from the coarser overview aerial
roads,east_perimeter_street_cc,,street,ccore,high,2022,aerial2022,"east perimeter street (concrete), centre of the 7.5-8 m carriageway; south of z~110 an added lane/shoulder widens the east side",
roads,east_perimeter_street_ncore_n,,street,ncore,high,2022,aerial2022,"East perimeter street, kerb to kerb about 9.3-9.5 m (two lanes), traced at 14 px/m; runs on from the north zone at z = -385.",
roads,east_perimeter_street_ncore_s,,street,ncore,high,2022,aerial2022,East perimeter street widening to about 12 m with a turn lane approaching the main campus entrance; ends exactly at z = -150 for the central zone.,
roads,east_street_n,C01,street,north,high,2022,"aerial2022, overview2022",east street north of the perimeter street; ends on the zone line z=-385,
roads,english_service_drive,,service,south,high,2022,aerial2022,service drive with a few stalls running north from the south lot to the courtyard west of Elm Hall (2022 aerial),
roads,env_center_access,,drive,west,high,2022,aerial2022,"concrete access drive from the west street to the ring, lined with parking bays",
roads,env_center_ring,,drive,west,high,2022,"aerial2022, R044","circular drive round a central lawn (inner r~21 m, outer r~30 m)",
roads,env_center_service_drive,,drive,west,medium,2022,aerial2022,drive from the ring's south side to the service lot,
roads,farm_lane_west,,service,west,medium,2022,aerial2022,gravel/dirt service lane continuing west past the yard between the fields,surface gravel; extent west of the aerial
roads,innovation_center_dropoff,,drive,ncore,medium,2026,"wayfinding2026, User155234, R005","New semicircular drop-off loop on the east side of the loop road in front of the domed rotunda (2026 wayfinding white arc, local georeference +-4 m; oblique user aerial shows the loop with planted islands).",
roads,innovation_center_lot_aisle,,lot_aisle,ncore,low,2026,"wayfinding2026, User155234",Assumed aisle layout of the new lot (lot outline from the 2026 wayfinding; cars visible in the oblique user aerial).,Stall/aisle layout unknown.
roads,innovation_center_lot_drive,,drive,ncore,medium,2026,"wayfinding2026, User155234",Access drive from the north perimeter street (cut at z = -385) to the new lot east of the innovation center (2026 wayfinding grey strip).,Exact width/position +-4 m.
roads,lane_south_houses,,drive,west,medium,2022,aerial2022,narrow asphalt/gravel lane west from the west street to the houses in the woods,partly hidden by tree shadows between x -560 and -435
roads,loop_east,C02,campus,ccore,high,2022,aerial2022,"campus loop, east side, centre from asphalt edges every 20 m",
roads,loop_nw_link,C02,campus,ccore,high,2022,aerial2022,road leaving the loop's north-west corner east-north-eastwards towards the north core (continues in ncore),
roads,loop_south,C02,campus,ccore,high,2022,aerial2022,"campus loop, south arc below the two south dorms and around the south-east lot, from asphalt (blue-grey) runs every 10 m",
roads,loop_west,C02,campus,ccore,high,2022,aerial2022,"campus loop, west side: centre line from asphalt edges every 10 m; between z~5 and ~55 the loop is divided and this is the east carriageway (the west one lies in the west zone)",
roads,main_entrance_in,,drive,ccore,high,2022,aerial2022,"main entrance boulevard, south carriageway (in), between the east perimeter street and the loop; median island z -145..-137",
roads,main_entrance_out,,drive,ccore,high,2022,aerial2022,"main entrance boulevard, north carriageway (out); decorative light paving ovals at the crossing",
roads,north_hall_lot_aisle,,lot_aisle,ncore,high,2022,aerial2022,"Aisle of the small lot south-east of the north hall, entered from the loop.",
roads,north_perimeter_st_c,C01,street,north,high,2022,aerial2022,centre line from kerb-to-kerb profiles every 10 m,
roads,north_perimeter_st_e,C01,street,north,medium,2022,aerial2022,first pass; angle-parking bays on the north side between x 66 and 136 are a parking area,
roads,north_perimeter_st_w,C01,street,north,high,2022,aerial2022,rural two-lane road west of the west street; measured edge-to-edge 4.5 m,
roads,service_drive_north_of_baseball,,service,west,medium,2022,aerial2022,"asphalt drive (2022) from the training hall lot east to the old loop leg, between the old track and the baseball warning track",the 2026 map does not draw it: it may have been removed or rebuilt as part of the relocated loop (the relocated loop may in fact follow this line)
roads,softball_lot_aisle,,lot_aisle,west,high,2022,aerial2022,main circulation aisle (entrance from the road at x~-526),
roads,south_drive,,campus,south,high,2022,aerial2022,"campus drive from the loop (begins on the z=200 zone line) south past the dorm lot, the support building and the south lot to the south perimeter road; asphalt with white edge lines (2022 aerial)",exact kerb width varies 7-10 m (wider by the dorm lot)
roads,south_lot_aisle_n,,lot_aisle,south,high,2022,aerial2022,"north aisle of the south lot, continuing east as its entry from the south drive",
roads,south_lot_aisle_s,,lot_aisle,south,medium,2022,aerial2022,south aisle of the south lot (ring round the median islands),
roads,south_perimeter_road,C01,street,south,high,2022,aerial2022,"south perimeter road, asphalt ~6 m with grass verges, centre measured on the 2022 aerial every 25-75 m (it drifts ~1.4 deg off grid east, i.e. it follows true east); begins on the x=-330 zone line",west of x=-270 the centre is extrapolated (tree shade); not re-checked against 2026 imagery
roads,south_perimeter_road_w,,street,west,high,2022,aerial2022,"rural asphalt road along the south edge, cut at x=-330 for the south zone",continues west beyond the aerial window
roads,south_road_east_stub,C01,street,south,medium,2022,aerial_overview,the south road continues east of the junction with a northward jog (overview aerial); ends on the x=460 zone edge,from the 0.66 m overview aerial only (outside the 2022 campus aerial)
roads,tower_lot_aisle,,lot_aisle,ncore,low,2022,"aerial2022, wayfinding2026, User155234",Aisles of the surviving part of the lot around the water tower (2022 aerial; a small paved area east of the tower is still drawn in 2026 and the oblique user aerial shows cars north of the tower).,2026 extent of this lot is uncertain: the wayfinding draws only the small paved area east of the tower; the northern part may be construction staging.
roads,village_lot_aisle,,lot_aisle,south,medium,2024,"plan2023p16, wayfinding2026","central aisle of the village lot, entered from the south drive at its west end (plan p16 drive stub 278-285; placed from the 2023 planning figure p16 georeferenced by the south tracer (11 control points, fit RMS 2.5 m))",the 2026 wayfinding draws this as the village drive; NE end connection unverified
roads,village_west_lot_aisle_1,,lot_aisle,south,medium,2022,aerial2022,west village lot aisle (2022 aerial),
roads,village_west_lot_aisle_2,,lot_aisle,south,medium,2022,aerial2022,west village lot aisle (2022 aerial),
roads,village_west_lot_aisle_3,,lot_aisle,south,medium,2022,aerial2022,west village lot aisle (2022 aerial),
roads,village_west_lot_aisle_4,,lot_aisle,south,medium,2022,aerial2022,west village lot aisle (2022 aerial),
roads,village_west_lot_entry_n,,drive,south,medium,2022,aerial2022,lot entry toward the loop; ends on the z=200 zone line,exact entry position
roads,west_street,,street,west,high,2022,"aerial2022, wayfinding2026","straight centre line fitted to kerb profiles (x = -398.3 + 0.0426 z); ~7 m asphalt, kerbed north of the athletics road, open shoulders further south",south end junction geometry
roads,west_street_n,C01,street,north,high,2022,"aerial2022, overview2022",west street north of the perimeter street,
paths,boardwalk_woods_pond,,,west,medium,2022,aerial2022,boardwalk/pier from the east bank to the platform,
paths,crosswalk_rec_north,,,west,high,2022,aerial2022,zebra crossing over the west street,
paths,drive_lodge_se,,,west,medium,2022,aerial2022,paved drive from the forecourt along the house to the south walk,
paths,path_pond_loop,,,west,low,2022,aerial2022,light mown/gravel track round the west and north sides of the pond,surface; may be grass
paths,path_s_001,,,south,high,2022,aerial2022,walk from the dining NE entrance east to the loop; ends on the x=-40 zone line (ccore continues),
paths,path_s_002,,,south,high,2022,aerial2022,diagonal walk from the dining NE entrance SE to the loop walk; ends on x=-40,
paths,path_s_003,,,south,high,2022,aerial2022,walk along the dining hall east facade,
paths,path_s_004,,,south,high,2022,aerial2022,sidewalk along the south edge of the north dining lot; ends on x=-40,
paths,path_s_005,,,south,medium,2024,"plan2023p16, wayfinding2026","curving walk from the NE entrance round to the south terrace (plan p16; placed from the 2023 planning figure p16 georeferenced by the south tracer (11 control points, fit RMS 2.5 m))",as-built curve radius unverified
paths,path_s_006,,,south,medium,2024,"plan2023p16, wayfinding2026","link terrace walk -> round node, plan p16",
paths,path_s_007,,,south,medium,2024,"plan2023p16, wayfinding2026, R347","walk from the terrace past the NE side of the pavilion south to the lake walk (plan p16; R347 shows the curving concrete approach); placed from the 2023 planning figure p16 georeferenced by the south tracer (11 control points, fit RMS 2.5 m)",junction with the 2022 lake walk inferred
paths,path_s_008,,,south,medium,2024,"plan2023p16, wayfinding2026","walk leaving the terrace SW corner toward the lake (plan p16, figure ends here); placed from the 2023 planning figure p16 georeferenced by the south tracer (11 control points, fit RMS 2.5 m)",where it ends south of z 175 (the figure fades); not visible in photos
paths,path_v_001,,,south,medium,2024,"plan2023p16, wayfinding2026","sidewalk along the south edge of the village lot to the round node; placed from the 2023 planning figure p16 georeferenced by the south tracer (11 control points, fit RMS 2.5 m)",as-built alignment +-3-5 m (design drawing)
paths,path_v_002,,,south,medium,2024,"plan2023p16, wayfinding2026","sidewalk along the SE edge of the curving village lot; placed from the 2023 planning figure p16 georeferenced by the south tracer (11 control points, fit RMS 2.5 m)",as-built alignment +-3-5 m (design drawing)
paths,path_v_003,,,south,medium,2024,"plan2023p16, wayfinding2026",home stub / walk between homes (plan p16),as-built alignment +-3-5 m (design drawing)
paths,path_v_004,,,south,medium,2024,"plan2023p16, wayfinding2026",home stub / walk between homes (plan p16),as-built alignment +-3-5 m (design drawing)
paths,path_v_005,,,south,medium,2024,"plan2023p16, wayfinding2026",home stub / walk between homes (plan p16),as-built alignment +-3-5 m (design drawing)
paths,path_v_006,,,south,medium,2024,"plan2023p16, wayfinding2026",home stub / walk between homes (plan p16),as-built alignment +-3-5 m (design drawing)
paths,path_v_007,,,south,medium,2024,"plan2023p16, wayfinding2026",home stub / walk between homes (plan p16),as-built alignment +-3-5 m (design drawing)
paths,path_v_008,,,south,medium,2024,"plan2023p16, wayfinding2026",home stub / walk between homes (plan p16),as-built alignment +-3-5 m (design drawing)
paths,path_v_009,,,south,medium,2024,"plan2023p16, wayfinding2026",home stub / walk between homes (plan p16),as-built alignment +-3-5 m (design drawing)
paths,path_v_010,,,south,medium,2024,"plan2023p16, wayfinding2026",home stub / walk between homes (plan p16),as-built alignment +-3-5 m (design drawing)
paths,path_v_011,,,south,medium,2024,"plan2023p16, wayfinding2026","walk along the south (pond) side of the homes, curving NE to home 07; placed from the 2023 planning figure p16 georeferenced by the south tracer (11 control points, fit RMS 2.5 m)",as-built alignment +-3-5 m (design drawing)
paths,path_v_012,,,south,medium,2024,"plan2023p16, wayfinding2026",round node south to the south walk (plan p16),as-built alignment +-3-5 m (design drawing)
paths,path_v_013,,,south,medium,2024,"plan2023p16, wayfinding2026",village home stubs / links (plan p16),as-built alignment +-3-5 m (design drawing)
paths,path_v_014,,,south,medium,2024,"plan2023p16, wayfinding2026",village home stubs / links (plan p16),as-built alignment +-3-5 m (design drawing)
paths,path_v_015,,,south,medium,2024,"plan2023p16, wayfinding2026",village home stubs / links (plan p16),as-built alignment +-3-5 m (design drawing)
paths,path_v_016,,,south,medium,2024,"plan2023p16, wayfinding2026",village home stubs / links (plan p16),as-built alignment +-3-5 m (design drawing)
paths,path_v_017,,,south,medium,2024,"plan2023p16, wayfinding2026",village home stubs / links (plan p16),as-built alignment +-3-5 m (design drawing)
paths,path_v_018,,,south,medium,2024,"plan2023p16, wayfinding2026",village home stubs / links (plan p16),as-built alignment +-3-5 m (design drawing)
paths,path_v_019,,,south,medium,2024,"plan2023p16, wayfinding2026",village home stubs / links (plan p16),as-built alignment +-3-5 m (design drawing)
paths,path_v_020,,,south,medium,2024,"plan2023p16, wayfinding2026",village home stubs / links (plan p16),as-built alignment +-3-5 m (design drawing)
paths,path_v_021,,,south,medium,2024,"plan2023p16, wayfinding2026",village home stubs / links (plan p16),as-built alignment +-3-5 m (design drawing)
paths,path_v_022,,,south,medium,2024,"plan2023p16, wayfinding2026","loop walk round the village pond (plan p16); placed from the 2023 planning figure p16 georeferenced by the south tracer (11 control points, fit RMS 2.5 m)",as-built alignment +-3-5 m (design drawing)
paths,path_v_023,,,south,medium,2024,"plan2023p16, wayfinding2026",south walk -> pond loop (plan p16),as-built alignment +-3-5 m (design drawing)
paths,path_v_024,,,south,low,2024,"plan2023p16, wayfinding2026","long curving walk south and east of the pond toward the east street side (plan p16); placed from the 2023 planning figure p16 georeferenced by the south tracer (11 control points, fit RMS 2.5 m)",figure fades north of z 285 and west of x 285; whether it was built is unverified (not on the 2026 wayfinding)
paths,track_field_house_north,,,west,low,2022,"aerial2022, wayfinding2026",pale gravel/grass service track from the north street to the field house,surface (gravel or grass); vehicle use
paths,walk_arena_east,,,west,high,2022,aerial2022,paved walk traced on the 2022 aerial,
paths,walk_baseball_south_1,,,west,high,2022,aerial2022,paved walk traced on the 2022 aerial,
paths,walk_baseball_south_2,,,west,high,2022,aerial2022,paved walk traced on the 2022 aerial,
paths,walk_cc_001,,walk,ccore,medium,2022,aerial2022,"centre line and width from a brightness/thinness extraction of the 2022 aerial, cleaned and checked on overlays",widths +-0.5 m; segments under dense crowns bridged where they line up
paths,walk_cc_002,,walk,ccore,medium,2022,aerial2022,"centre line and width from a brightness/thinness extraction of the 2022 aerial, cleaned and checked on overlays",widths +-0.5 m; segments under dense crowns bridged where they line up
paths,walk_cc_003,,walk,ccore,medium,2022,aerial2022,"centre line and width from a brightness/thinness extraction of the 2022 aerial, cleaned and checked on overlays",widths +-0.5 m; segments under dense crowns bridged where they line up
paths,walk_cc_004,,walk,ccore,medium,2022,aerial2022,"centre line and width from a brightness/thinness extraction of the 2022 aerial, cleaned and checked on overlays",widths +-0.5 m; segments under dense crowns bridged where they line up
paths,walk_cc_005,,walk,ccore,medium,2022,aerial2022,"centre line and width from a brightness/thinness extraction of the 2022 aerial, cleaned and checked on overlays",widths +-0.5 m; segments under dense crowns bridged where they line up
paths,walk_cc_006,,walk,ccore,medium,2022,aerial2022,"centre line and width from a brightness/thinness extraction of the 2022 aerial, cleaned and checked on overlays",widths +-0.5 m; segments under dense crowns bridged where they line up
paths,walk_cc_007,,walk,ccore,medium,2022,aerial2022,"centre line and width from a brightness/thinness extraction of the 2022 aerial, cleaned and checked on overlays",widths +-0.5 m; segments under dense crowns bridged where they line up
paths,walk_cc_008,,walk,ccore,medium,2022,aerial2022,"centre line and width from a brightness/thinness extraction of the 2022 aerial, cleaned and checked on overlays",widths +-0.5 m; segments under dense crowns bridged where they line up
paths,walk_cc_009,,walk,ccore,medium,2022,aerial2022,"centre line and width from a brightness/thinness extraction of the 2022 aerial, cleaned and checked on overlays",widths +-0.5 m; segments under dense crowns bridged where they line up
paths,walk_cc_010,,walk,ccore,medium,2022,aerial2022,"centre line and width from a brightness/thinness extraction of the 2022 aerial, cleaned and checked on overlays",widths +-0.5 m; segments under dense crowns bridged where they line up
paths,walk_cc_011,,walk,ccore,medium,2022,aerial2022,"centre line and width from a brightness/thinness extraction of the 2022 aerial, cleaned and checked on overlays",widths +-0.5 m; segments under dense crowns bridged where they line up
paths,walk_cc_012,,walk,ccore,medium,2022,aerial2022,"centre line and width from a brightness/thinness extraction of the 2022 aerial, cleaned and checked on overlays",widths +-0.5 m; segments under dense crowns bridged where they line up
paths,walk_cc_013,,walk,ccore,medium,2022,aerial2022,"centre line and width from a brightness/thinness extraction of the 2022 aerial, cleaned and checked on overlays",widths +-0.5 m; segments under dense crowns bridged where they line up
paths,walk_cc_014,,walk,ccore,medium,2022,aerial2022,"centre line and width from a brightness/thinness extraction of the 2022 aerial, cleaned and checked on overlays",widths +-0.5 m; segments under dense crowns bridged where they line up
paths,walk_cc_015,,walk,ccore,medium,2022,aerial2022,"centre line and width from a brightness/thinness extraction of the 2022 aerial, cleaned and checked on overlays",widths +-0.5 m; segments under dense crowns bridged where they line up
paths,walk_cc_016,,walk,ccore,medium,2022,aerial2022,"centre line and width from a brightness/thinness extraction of the 2022 aerial, cleaned and checked on overlays",widths +-0.5 m; segments under dense crowns bridged where they line up
paths,walk_cc_017,,walk,ccore,medium,2022,aerial2022,"centre line and width from a brightness/thinness extraction of the 2022 aerial, cleaned and checked on overlays",widths +-0.5 m; segments under dense crowns bridged where they line up
paths,walk_cc_018,,walk,ccore,medium,2022,aerial2022,"centre line and width from a brightness/thinness extraction of the 2022 aerial, cleaned and checked on overlays",widths +-0.5 m; segments under dense crowns bridged where they line up
paths,walk_cc_019,,walk,ccore,medium,2022,aerial2022,"centre line and width from a brightness/thinness extraction of the 2022 aerial, cleaned and checked on overlays",widths +-0.5 m; segments under dense crowns bridged where they line up
paths,walk_cc_020,,walk,ccore,medium,2022,aerial2022,"centre line and width from a brightness/thinness extraction of the 2022 aerial, cleaned and checked on overlays",widths +-0.5 m; segments under dense crowns bridged where they line up
paths,walk_cc_021,,walk,ccore,medium,2022,aerial2022,"centre line and width from a brightness/thinness extraction of the 2022 aerial, cleaned and checked on overlays",widths +-0.5 m; segments under dense crowns bridged where they line up
paths,walk_cc_022,,walk,ccore,medium,2022,aerial2022,"centre line and width from a brightness/thinness extraction of the 2022 aerial, cleaned and checked on overlays",widths +-0.5 m; segments under dense crowns bridged where they line up
paths,walk_cc_023,,walk,ccore,medium,2022,aerial2022,"centre line and width from a brightness/thinness extraction of the 2022 aerial, cleaned and checked on overlays",widths +-0.5 m; segments under dense crowns bridged where they line up
paths,walk_cc_024,,walk,ccore,medium,2022,aerial2022,"centre line and width from a brightness/thinness extraction of the 2022 aerial, cleaned and checked on overlays",widths +-0.5 m; segments under dense crowns bridged where they line up
paths,walk_cc_025,,walk,ccore,medium,2022,aerial2022,"centre line and width from a brightness/thinness extraction of the 2022 aerial, cleaned and checked on overlays",widths +-0.5 m; segments under dense crowns bridged where they line up
paths,walk_cc_026,,walk,ccore,medium,2022,aerial2022,"centre line and width from a brightness/thinness extraction of the 2022 aerial, cleaned and checked on overlays",widths +-0.5 m; segments under dense crowns bridged where they line up
paths,walk_cc_027,,walk,ccore,medium,2022,aerial2022,"centre line and width from a brightness/thinness extraction of the 2022 aerial, cleaned and checked on overlays",widths +-0.5 m; segments under dense crowns bridged where they line up
paths,walk_cc_028,,walk,ccore,medium,2022,aerial2022,"centre line and width from a brightness/thinness extraction of the 2022 aerial, cleaned and checked on overlays",widths +-0.5 m; segments under dense crowns bridged where they line up
paths,walk_cc_029,,walk,ccore,medium,2022,aerial2022,"centre line and width from a brightness/thinness extraction of the 2022 aerial, cleaned and checked on overlays",widths +-0.5 m; segments under dense crowns bridged where they line up
paths,walk_cc_030,,walk,ccore,medium,2022,aerial2022,"centre line and width from a brightness/thinness extraction of the 2022 aerial, cleaned and checked on overlays",widths +-0.5 m; segments under dense crowns bridged where they line up
paths,walk_cc_031,,walk,ccore,medium,2022,aerial2022,"centre line and width from a brightness/thinness extraction of the 2022 aerial, cleaned and checked on overlays",widths +-0.5 m; segments under dense crowns bridged where they line up
paths,walk_cc_032,,walk,ccore,medium,2022,aerial2022,"centre line and width from a brightness/thinness extraction of the 2022 aerial, cleaned and checked on overlays",widths +-0.5 m; segments under dense crowns bridged where they line up
paths,walk_cc_033,,walk,ccore,medium,2022,aerial2022,"centre line and width from a brightness/thinness extraction of the 2022 aerial, cleaned and checked on overlays",widths +-0.5 m; segments under dense crowns bridged where they line up
paths,walk_cc_034,,walk,ccore,medium,2022,aerial2022,"centre line and width from a brightness/thinness extraction of the 2022 aerial, cleaned and checked on overlays",widths +-0.5 m; segments under dense crowns bridged where they line up
paths,walk_cc_035,,walk,ccore,medium,2022,aerial2022,"centre line and width from a brightness/thinness extraction of the 2022 aerial, cleaned and checked on overlays",widths +-0.5 m; segments under dense crowns bridged where they line up
paths,walk_cc_036,,walk,ccore,medium,2022,aerial2022,"centre line and width from a brightness/thinness extraction of the 2022 aerial, cleaned and checked on overlays",widths +-0.5 m; segments under dense crowns bridged where they line up
paths,walk_cc_037,,walk,ccore,medium,2022,aerial2022,"centre line and width from a brightness/thinness extraction of the 2022 aerial, cleaned and checked on overlays",widths +-0.5 m; segments under dense crowns bridged where they line up
paths,walk_cc_038,,walk,ccore,medium,2022,aerial2022,"centre line and width from a brightness/thinness extraction of the 2022 aerial, cleaned and checked on overlays",widths +-0.5 m; segments under dense crowns bridged where they line up
paths,walk_cc_039,,walk,ccore,medium,2022,aerial2022,"centre line and width from a brightness/thinness extraction of the 2022 aerial, cleaned and checked on overlays",widths +-0.5 m; segments under dense crowns bridged where they line up
paths,walk_cc_040,,walk,ccore,medium,2022,aerial2022,"centre line and width from a brightness/thinness extraction of the 2022 aerial, cleaned and checked on overlays",widths +-0.5 m; segments under dense crowns bridged where they line up
paths,walk_cc_041,,walk,ccore,medium,2022,aerial2022,"centre line and width from a brightness/thinness extraction of the 2022 aerial, cleaned and checked on overlays",widths +-0.5 m; segments under dense crowns bridged where they line up
paths,walk_cc_042,,walk,ccore,medium,2022,aerial2022,"centre line and width from a brightness/thinness extraction of the 2022 aerial, cleaned and checked on overlays",widths +-0.5 m; segments under dense crowns bridged where they line up
paths,walk_cc_043,,walk,ccore,medium,2022,aerial2022,"centre line and width from a brightness/thinness extraction of the 2022 aerial, cleaned and checked on overlays",widths +-0.5 m; segments under dense crowns bridged where they line up
paths,walk_cc_044,,walk,ccore,medium,2022,aerial2022,"centre line and width from a brightness/thinness extraction of the 2022 aerial, cleaned and checked on overlays",widths +-0.5 m; segments under dense crowns bridged where they line up
paths,walk_cc_045,,walk,ccore,medium,2022,aerial2022,"centre line and width from a brightness/thinness extraction of the 2022 aerial, cleaned and checked on overlays",widths +-0.5 m; segments under dense crowns bridged where they line up
paths,walk_cc_046,,walk,ccore,medium,2022,aerial2022,"centre line and width from a brightness/thinness extraction of the 2022 aerial, cleaned and checked on overlays",widths +-0.5 m; segments under dense crowns bridged where they line up
paths,walk_cc_047,,walk,ccore,medium,2022,aerial2022,"centre line and width from a brightness/thinness extraction of the 2022 aerial, cleaned and checked on overlays",widths +-0.5 m; segments under dense crowns bridged where they line up
paths,walk_cc_048,,walk,ccore,medium,2022,aerial2022,"centre line and width from a brightness/thinness extraction of the 2022 aerial, cleaned and checked on overlays",widths +-0.5 m; segments under dense crowns bridged where they line up
paths,walk_cc_049,,walk,ccore,medium,2022,aerial2022,"centre line and width from a brightness/thinness extraction of the 2022 aerial, cleaned and checked on overlays",widths +-0.5 m; segments under dense crowns bridged where they line up
paths,walk_cc_050,,walk,ccore,medium,2022,aerial2022,"centre line and width from a brightness/thinness extraction of the 2022 aerial, cleaned and checked on overlays",widths +-0.5 m; segments under dense crowns bridged where they line up
paths,walk_cc_051,,walk,ccore,medium,2022,aerial2022,"centre line and width from a brightness/thinness extraction of the 2022 aerial, cleaned and checked on overlays",widths +-0.5 m; segments under dense crowns bridged where they line up
paths,walk_cc_052,,walk,ccore,medium,2022,aerial2022,"centre line and width from a brightness/thinness extraction of the 2022 aerial, cleaned and checked on overlays",widths +-0.5 m; segments under dense crowns bridged where they line up
paths,walk_cc_053,,walk,ccore,medium,2022,aerial2022,"centre line and width from a brightness/thinness extraction of the 2022 aerial, cleaned and checked on overlays",widths +-0.5 m; segments under dense crowns bridged where they line up
paths,walk_cc_054,,walk,ccore,medium,2022,aerial2022,"centre line and width from a brightness/thinness extraction of the 2022 aerial, cleaned and checked on overlays",widths +-0.5 m; segments under dense crowns bridged where they line up
paths,walk_cc_055,,walk,ccore,medium,2022,aerial2022,"centre line and width from a brightness/thinness extraction of the 2022 aerial, cleaned and checked on overlays",widths +-0.5 m; segments under dense crowns bridged where they line up
paths,walk_cc_056,,walk,ccore,medium,2022,aerial2022,"centre line and width from a brightness/thinness extraction of the 2022 aerial, cleaned and checked on overlays",widths +-0.5 m; segments under dense crowns bridged where they line up
paths,walk_cc_057,,walk,ccore,medium,2022,aerial2022,"centre line and width from a brightness/thinness extraction of the 2022 aerial, cleaned and checked on overlays",widths +-0.5 m; segments under dense crowns bridged where they line up
paths,walk_cc_058,,walk,ccore,medium,2022,aerial2022,"centre line and width from a brightness/thinness extraction of the 2022 aerial, cleaned and checked on overlays",widths +-0.5 m; segments under dense crowns bridged where they line up
paths,walk_cc_059,,walk,ccore,medium,2022,aerial2022,"centre line and width from a brightness/thinness extraction of the 2022 aerial, cleaned and checked on overlays",widths +-0.5 m; segments under dense crowns bridged where they line up
paths,walk_cc_060,,walk,ccore,medium,2022,aerial2022,"centre line and width from a brightness/thinness extraction of the 2022 aerial, cleaned and checked on overlays",widths +-0.5 m; segments under dense crowns bridged where they line up
paths,walk_cc_061,,walk,ccore,medium,2022,aerial2022,"centre line and width from a brightness/thinness extraction of the 2022 aerial, cleaned and checked on overlays",widths +-0.5 m; segments under dense crowns bridged where they line up
paths,walk_cc_062,,walk,ccore,medium,2022,aerial2022,"centre line and width from a brightness/thinness extraction of the 2022 aerial, cleaned and checked on overlays",widths +-0.5 m; segments under dense crowns bridged where they line up
paths,walk_cc_063,,walk,ccore,medium,2022,aerial2022,"centre line and width from a brightness/thinness extraction of the 2022 aerial, cleaned and checked on overlays",widths +-0.5 m; segments under dense crowns bridged where they line up
paths,walk_cc_064,,walk,ccore,medium,2022,aerial2022,"centre line and width from a brightness/thinness extraction of the 2022 aerial, cleaned and checked on overlays",widths +-0.5 m; segments under dense crowns bridged where they line up
paths,walk_cc_065,,walk,ccore,medium,2022,aerial2022,"centre line and width from a brightness/thinness extraction of the 2022 aerial, cleaned and checked on overlays",widths +-0.5 m; segments under dense crowns bridged where they line up
paths,walk_cc_066,,walk,ccore,medium,2022,aerial2022,"centre line and width from a brightness/thinness extraction of the 2022 aerial, cleaned and checked on overlays",widths +-0.5 m; segments under dense crowns bridged where they line up
paths,walk_cc_067,,walk,ccore,medium,2022,aerial2022,"centre line and width from a brightness/thinness extraction of the 2022 aerial, cleaned and checked on overlays",widths +-0.5 m; segments under dense crowns bridged where they line up
paths,walk_cc_068,,walk,ccore,medium,2022,aerial2022,"centre line and width from a brightness/thinness extraction of the 2022 aerial, cleaned and checked on overlays",widths +-0.5 m; segments under dense crowns bridged where they line up
paths,walk_cc_069,,walk,ccore,medium,2022,aerial2022,"centre line and width from a brightness/thinness extraction of the 2022 aerial, cleaned and checked on overlays",widths +-0.5 m; segments under dense crowns bridged where they line up
paths,walk_cc_070,,walk,ccore,medium,2022,aerial2022,"centre line and width from a brightness/thinness extraction of the 2022 aerial, cleaned and checked on overlays",widths +-0.5 m; segments under dense crowns bridged where they line up
paths,walk_cc_071,,walk,ccore,medium,2022,aerial2022,"centre line and width from a brightness/thinness extraction of the 2022 aerial, cleaned and checked on overlays",widths +-0.5 m; segments under dense crowns bridged where they line up
paths,walk_cc_072,,walk,ccore,medium,2022,aerial2022,"centre line and width from a brightness/thinness extraction of the 2022 aerial, cleaned and checked on overlays",widths +-0.5 m; segments under dense crowns bridged where they line up
paths,walk_cc_073,,walk,ccore,medium,2022,aerial2022,"centre line and width from a brightness/thinness extraction of the 2022 aerial, cleaned and checked on overlays",widths +-0.5 m; segments under dense crowns bridged where they line up
paths,walk_cc_074,,walk,ccore,medium,2022,aerial2022,"centre line and width from a brightness/thinness extraction of the 2022 aerial, cleaned and checked on overlays",widths +-0.5 m; segments under dense crowns bridged where they line up
paths,walk_cc_075,,walk,ccore,medium,2022,aerial2022,"centre line and width from a brightness/thinness extraction of the 2022 aerial, cleaned and checked on overlays",widths +-0.5 m; segments under dense crowns bridged where they line up
paths,walk_cc_076,,walk,ccore,medium,2022,aerial2022,"centre line and width from a brightness/thinness extraction of the 2022 aerial, cleaned and checked on overlays",widths +-0.5 m; segments under dense crowns bridged where they line up
paths,walk_cc_077,,walk,ccore,medium,2022,aerial2022,"centre line and width from a brightness/thinness extraction of the 2022 aerial, cleaned and checked on overlays",widths +-0.5 m; segments under dense crowns bridged where they line up
paths,walk_cc_078,,walk,ccore,medium,2022,aerial2022,"centre line and width from a brightness/thinness extraction of the 2022 aerial, cleaned and checked on overlays",widths +-0.5 m; segments under dense crowns bridged where they line up
paths,walk_cc_079,,walk,ccore,medium,2022,aerial2022,"centre line and width from a brightness/thinness extraction of the 2022 aerial, cleaned and checked on overlays",widths +-0.5 m; segments under dense crowns bridged where they line up
paths,walk_cc_080,,walk,ccore,medium,2022,aerial2022,"centre line and width from a brightness/thinness extraction of the 2022 aerial, cleaned and checked on overlays",widths +-0.5 m; segments under dense crowns bridged where they line up
paths,walk_cc_081,,walk,ccore,medium,2022,aerial2022,"centre line and width from a brightness/thinness extraction of the 2022 aerial, cleaned and checked on overlays",widths +-0.5 m; segments under dense crowns bridged where they line up
paths,walk_cc_082,,walk,ccore,medium,2022,aerial2022,"centre line and width from a brightness/thinness extraction of the 2022 aerial, cleaned and checked on overlays",widths +-0.5 m; segments under dense crowns bridged where they line up
paths,walk_cc_083,,walk,ccore,medium,2022,aerial2022,"centre line and width from a brightness/thinness extraction of the 2022 aerial, cleaned and checked on overlays",widths +-0.5 m; segments under dense crowns bridged where they line up
paths,walk_cc_084,,walk,ccore,medium,2022,aerial2022,"centre line and width from a brightness/thinness extraction of the 2022 aerial, cleaned and checked on overlays",widths +-0.5 m; segments under dense crowns bridged where they line up
paths,walk_cc_085,,walk,ccore,medium,2022,aerial2022,"centre line and width from a brightness/thinness extraction of the 2022 aerial, cleaned and checked on overlays",widths +-0.5 m; segments under dense crowns bridged where they line up
paths,walk_cc_086,,walk,ccore,medium,2022,aerial2022,"centre line and width from a brightness/thinness extraction of the 2022 aerial, cleaned and checked on overlays",widths +-0.5 m; segments under dense crowns bridged where they line up
paths,walk_cc_087,,walk,ccore,medium,2022,aerial2022,"centre line and width from a brightness/thinness extraction of the 2022 aerial, cleaned and checked on overlays",widths +-0.5 m; segments under dense crowns bridged where they line up
paths,walk_cc_088,,walk,ccore,medium,2022,aerial2022,"centre line and width from a brightness/thinness extraction of the 2022 aerial, cleaned and checked on overlays",widths +-0.5 m; segments under dense crowns bridged where they line up
paths,walk_cc_089,,walk,ccore,medium,2022,aerial2022,"centre line and width from a brightness/thinness extraction of the 2022 aerial, cleaned and checked on overlays",widths +-0.5 m; segments under dense crowns bridged where they line up
paths,walk_cc_090,,walk,ccore,medium,2022,aerial2022,"centre line and width from a brightness/thinness extraction of the 2022 aerial, cleaned and checked on overlays",widths +-0.5 m; segments under dense crowns bridged where they line up
paths,walk_cc_091,,walk,ccore,medium,2022,aerial2022,"centre line and width from a brightness/thinness extraction of the 2022 aerial, cleaned and checked on overlays",widths +-0.5 m; segments under dense crowns bridged where they line up
paths,walk_cc_092,,walk,ccore,medium,2022,aerial2022,"centre line and width from a brightness/thinness extraction of the 2022 aerial, cleaned and checked on overlays",widths +-0.5 m; segments under dense crowns bridged where they line up
paths,walk_cc_093,,walk,ccore,medium,2022,aerial2022,"centre line and width from a brightness/thinness extraction of the 2022 aerial, cleaned and checked on overlays",widths +-0.5 m; segments under dense crowns bridged where they line up
paths,walk_cc_094,,walk,ccore,medium,2022,aerial2022,"centre line and width from a brightness/thinness extraction of the 2022 aerial, cleaned and checked on overlays",widths +-0.5 m; segments under dense crowns bridged where they line up
paths,walk_cc_095,,walk,ccore,medium,2022,aerial2022,"centre line and width from a brightness/thinness extraction of the 2022 aerial, cleaned and checked on overlays",widths +-0.5 m; segments under dense crowns bridged where they line up
paths,walk_cc_096,,walk,ccore,medium,2022,aerial2022,walk along the north side of the science centre (partly shaded),traced by hand where the extraction missed it
paths,walk_cc_097,,walk,ccore,medium,2022,aerial2022,walk along the west edge of the east lot,traced by hand where the extraction missed it
paths,walk_cc_098,,walk,ccore,medium,2022,aerial2022,walk from the library's south-east corner to the quad junction (shaded),traced by hand where the extraction missed it
paths,walk_diag_se,,,west,high,2022,aerial2022,paved walk traced on the 2022 aerial,
paths,walk_diag_sw,,,west,high,2022,aerial2022,paved walk traced on the 2022 aerial,
paths,walk_env_center_front,,,west,high,2022,aerial2022,paved walk traced on the 2022 aerial,
paths,walk_env_center_ne,,,west,high,2022,aerial2022,paved walk traced on the 2022 aerial,
paths,walk_env_center_south,,,west,high,2022,aerial2022,paved walk traced on the 2022 aerial,
paths,walk_env_center_west,,,west,medium,2022,aerial2022,short walk off the west side,
paths,walk_lodge_ne,,,west,medium,2022,aerial2022,curved walk/drive at the NE side of the house,
paths,walk_lodge_south,,,west,high,2022,aerial2022,paved walk traced on the 2022 aerial,
paths,walk_lot_west,,,west,high,2022,aerial2022,paved walk traced on the 2022 aerial,
paths,walk_nc_001,,walk,ncore,medium,2022,aerial2022,"centre line and width from a brightness/thinness extraction of the 2022 aerial (integrator), cleaned and checked on overlays",widths +-0.5 m; segments under crowns bridged where they line up
paths,walk_nc_002,,walk,ncore,medium,2022,aerial2022,"centre line and width from a brightness/thinness extraction of the 2022 aerial (integrator), cleaned and checked on overlays",widths +-0.5 m; segments under crowns bridged where they line up
paths,walk_nc_003,,walk,ncore,medium,2022,aerial2022,"centre line and width from a brightness/thinness extraction of the 2022 aerial (integrator), cleaned and checked on overlays",widths +-0.5 m; segments under crowns bridged where they line up
paths,walk_nc_004,,walk,ncore,medium,2022,aerial2022,"centre line and width from a brightness/thinness extraction of the 2022 aerial (integrator), cleaned and checked on overlays",widths +-0.5 m; segments under crowns bridged where they line up
paths,walk_nc_005,,walk,ncore,medium,2022,aerial2022,"centre line and width from a brightness/thinness extraction of the 2022 aerial (integrator), cleaned and checked on overlays",widths +-0.5 m; segments under crowns bridged where they line up
paths,walk_nc_006,,walk,ncore,medium,2022,aerial2022,"centre line and width from a brightness/thinness extraction of the 2022 aerial (integrator), cleaned and checked on overlays",widths +-0.5 m; segments under crowns bridged where they line up
paths,walk_nc_007,,walk,ncore,medium,2022,aerial2022,"centre line and width from a brightness/thinness extraction of the 2022 aerial (integrator), cleaned and checked on overlays",widths +-0.5 m; segments under crowns bridged where they line up
paths,walk_nc_008,,walk,ncore,medium,2022,aerial2022,"centre line and width from a brightness/thinness extraction of the 2022 aerial (integrator), cleaned and checked on overlays",widths +-0.5 m; segments under crowns bridged where they line up
paths,walk_nc_009,,walk,ncore,medium,2022,aerial2022,"centre line and width from a brightness/thinness extraction of the 2022 aerial (integrator), cleaned and checked on overlays",widths +-0.5 m; segments under crowns bridged where they line up
paths,walk_nc_010,,walk,ncore,medium,2022,aerial2022,"centre line and width from a brightness/thinness extraction of the 2022 aerial (integrator), cleaned and checked on overlays",widths +-0.5 m; segments under crowns bridged where they line up
paths,walk_nc_011,,walk,ncore,medium,2022,aerial2022,"centre line and width from a brightness/thinness extraction of the 2022 aerial (integrator), cleaned and checked on overlays",widths +-0.5 m; segments under crowns bridged where they line up
paths,walk_nc_012,,walk,ncore,medium,2022,aerial2022,"centre line and width from a brightness/thinness extraction of the 2022 aerial (integrator), cleaned and checked on overlays",widths +-0.5 m; segments under crowns bridged where they line up
paths,walk_nc_013,,walk,ncore,medium,2022,aerial2022,"centre line and width from a brightness/thinness extraction of the 2022 aerial (integrator), cleaned and checked on overlays",widths +-0.5 m; segments under crowns bridged where they line up
paths,walk_nc_014,,walk,ncore,medium,2022,aerial2022,"centre line and width from a brightness/thinness extraction of the 2022 aerial (integrator), cleaned and checked on overlays",widths +-0.5 m; segments under crowns bridged where they line up
paths,walk_nc_015,,walk,ncore,medium,2022,aerial2022,"centre line and width from a brightness/thinness extraction of the 2022 aerial (integrator), cleaned and checked on overlays",widths +-0.5 m; segments under crowns bridged where they line up
paths,walk_nc_016,,walk,ncore,medium,2022,aerial2022,"centre line and width from a brightness/thinness extraction of the 2022 aerial (integrator), cleaned and checked on overlays",widths +-0.5 m; segments under crowns bridged where they line up
paths,walk_nc_017,,walk,ncore,medium,2022,aerial2022,"centre line and width from a brightness/thinness extraction of the 2022 aerial (integrator), cleaned and checked on overlays",widths +-0.5 m; segments under crowns bridged where they line up
paths,walk_nc_018,,walk,ncore,medium,2022,aerial2022,"centre line and width from a brightness/thinness extraction of the 2022 aerial (integrator), cleaned and checked on overlays",widths +-0.5 m; segments under crowns bridged where they line up
paths,walk_nc_019,,walk,ncore,medium,2022,aerial2022,"centre line and width from a brightness/thinness extraction of the 2022 aerial (integrator), cleaned and checked on overlays",widths +-0.5 m; segments under crowns bridged where they line up
paths,walk_nc_020,,walk,ncore,medium,2022,aerial2022,"centre line and width from a brightness/thinness extraction of the 2022 aerial (integrator), cleaned and checked on overlays",widths +-0.5 m; segments under crowns bridged where they line up
paths,walk_nc_021,,walk,ncore,medium,2022,aerial2022,"centre line and width from a brightness/thinness extraction of the 2022 aerial (integrator), cleaned and checked on overlays",widths +-0.5 m; segments under crowns bridged where they line up
paths,walk_nc_022,,walk,ncore,medium,2022,aerial2022,"centre line and width from a brightness/thinness extraction of the 2022 aerial (integrator), cleaned and checked on overlays",widths +-0.5 m; segments under crowns bridged where they line up
paths,walk_nc_023,,walk,ncore,medium,2022,aerial2022,"centre line and width from a brightness/thinness extraction of the 2022 aerial (integrator), cleaned and checked on overlays",widths +-0.5 m; segments under crowns bridged where they line up
paths,walk_nc_024,,walk,ncore,medium,2022,aerial2022,"centre line and width from a brightness/thinness extraction of the 2022 aerial (integrator), cleaned and checked on overlays",widths +-0.5 m; segments under crowns bridged where they line up
paths,walk_nc_025,,walk,ncore,medium,2022,aerial2022,"centre line and width from a brightness/thinness extraction of the 2022 aerial (integrator), cleaned and checked on overlays",widths +-0.5 m; segments under crowns bridged where they line up
paths,walk_nc_026,,walk,ncore,medium,2022,aerial2022,"centre line and width from a brightness/thinness extraction of the 2022 aerial (integrator), cleaned and checked on overlays",widths +-0.5 m; segments under crowns bridged where they line up
paths,walk_nc_027,,walk,ncore,medium,2022,aerial2022,"centre line and width from a brightness/thinness extraction of the 2022 aerial (integrator), cleaned and checked on overlays",widths +-0.5 m; segments under crowns bridged where they line up
paths,walk_nc_028,,walk,ncore,medium,2022,aerial2022,"centre line and width from a brightness/thinness extraction of the 2022 aerial (integrator), cleaned and checked on overlays",widths +-0.5 m; segments under crowns bridged where they line up
paths,walk_nc_029,,walk,ncore,medium,2022,aerial2022,"centre line and width from a brightness/thinness extraction of the 2022 aerial (integrator), cleaned and checked on overlays",widths +-0.5 m; segments under crowns bridged where they line up
paths,walk_nc_030,,walk,ncore,medium,2022,aerial2022,"centre line and width from a brightness/thinness extraction of the 2022 aerial (integrator), cleaned and checked on overlays",widths +-0.5 m; segments under crowns bridged where they line up
paths,walk_nc_031,,walk,ncore,medium,2022,aerial2022,"centre line and width from a brightness/thinness extraction of the 2022 aerial (integrator), cleaned and checked on overlays",widths +-0.5 m; segments under crowns bridged where they line up
paths,walk_nc_032,,walk,ncore,medium,2022,aerial2022,"centre line and width from a brightness/thinness extraction of the 2022 aerial (integrator), cleaned and checked on overlays",widths +-0.5 m; segments under crowns bridged where they line up
paths,walk_nc_033,,walk,ncore,medium,2022,aerial2022,"centre line and width from a brightness/thinness extraction of the 2022 aerial (integrator), cleaned and checked on overlays",widths +-0.5 m; segments under crowns bridged where they line up
paths,walk_nc_034,,walk,ncore,medium,2022,aerial2022,"centre line and width from a brightness/thinness extraction of the 2022 aerial (integrator), cleaned and checked on overlays",widths +-0.5 m; segments under crowns bridged where they line up
paths,walk_nc_035,,walk,ncore,medium,2022,aerial2022,"centre line and width from a brightness/thinness extraction of the 2022 aerial (integrator), cleaned and checked on overlays",widths +-0.5 m; segments under crowns bridged where they line up
paths,walk_nc_036,,walk,ncore,medium,2022,aerial2022,"centre line and width from a brightness/thinness extraction of the 2022 aerial (integrator), cleaned and checked on overlays",widths +-0.5 m; segments under crowns bridged where they line up
paths,walk_nc_037,,walk,ncore,medium,2022,aerial2022,"centre line and width from a brightness/thinness extraction of the 2022 aerial (integrator), cleaned and checked on overlays",widths +-0.5 m; segments under crowns bridged where they line up
paths,walk_nc_038,,walk,ncore,medium,2022,aerial2022,"centre line and width from a brightness/thinness extraction of the 2022 aerial (integrator), cleaned and checked on overlays",widths +-0.5 m; segments under crowns bridged where they line up
paths,walk_nc_039,,walk,ncore,medium,2022,aerial2022,"centre line and width from a brightness/thinness extraction of the 2022 aerial (integrator), cleaned and checked on overlays",widths +-0.5 m; segments under crowns bridged where they line up
paths,walk_nc_040,,walk,ncore,medium,2022,aerial2022,"centre line and width from a brightness/thinness extraction of the 2022 aerial (integrator), cleaned and checked on overlays",widths +-0.5 m; segments under crowns bridged where they line up
paths,walk_nc_041,,walk,ncore,medium,2022,aerial2022,"centre line and width from a brightness/thinness extraction of the 2022 aerial (integrator), cleaned and checked on overlays",widths +-0.5 m; segments under crowns bridged where they line up
paths,walk_nc_042,,walk,ncore,medium,2022,aerial2022,"centre line and width from a brightness/thinness extraction of the 2022 aerial (integrator), cleaned and checked on overlays",widths +-0.5 m; segments under crowns bridged where they line up
paths,walk_nc_043,,walk,ncore,medium,2022,aerial2022,"centre line and width from a brightness/thinness extraction of the 2022 aerial (integrator), cleaned and checked on overlays",widths +-0.5 m; segments under crowns bridged where they line up
paths,walk_nc_044,,walk,ncore,medium,2022,aerial2022,"centre line and width from a brightness/thinness extraction of the 2022 aerial (integrator), cleaned and checked on overlays",widths +-0.5 m; segments under crowns bridged where they line up
paths,walk_nc_045,,walk,ncore,medium,2022,aerial2022,"centre line and width from a brightness/thinness extraction of the 2022 aerial (integrator), cleaned and checked on overlays",widths +-0.5 m; segments under crowns bridged where they line up
paths,walk_nc_046,,walk,ncore,medium,2022,aerial2022,"centre line and width from a brightness/thinness extraction of the 2022 aerial (integrator), cleaned and checked on overlays",widths +-0.5 m; segments under crowns bridged where they line up
paths,walk_nc_047,,walk,ncore,medium,2022,aerial2022,"centre line and width from a brightness/thinness extraction of the 2022 aerial (integrator), cleaned and checked on overlays",widths +-0.5 m; segments under crowns bridged where they line up
paths,walk_nc_048,,walk,ncore,medium,2022,aerial2022,"centre line and width from a brightness/thinness extraction of the 2022 aerial (integrator), cleaned and checked on overlays",widths +-0.5 m; segments under crowns bridged where they line up
paths,walk_nc_049,,walk,ncore,medium,2022,aerial2022,"centre line and width from a brightness/thinness extraction of the 2022 aerial (integrator), cleaned and checked on overlays",widths +-0.5 m; segments under crowns bridged where they line up
paths,walk_nc_050,,walk,ncore,medium,2022,aerial2022,"centre line and width from a brightness/thinness extraction of the 2022 aerial (integrator), cleaned and checked on overlays",widths +-0.5 m; segments under crowns bridged where they line up
paths,walk_nc_051,,walk,ncore,medium,2022,aerial2022,"centre line and width from a brightness/thinness extraction of the 2022 aerial (integrator), cleaned and checked on overlays",widths +-0.5 m; segments under crowns bridged where they line up
paths,walk_nc_052,,walk,ncore,medium,2022,aerial2022,"centre line and width from a brightness/thinness extraction of the 2022 aerial (integrator), cleaned and checked on overlays",widths +-0.5 m; segments under crowns bridged where they line up
paths,walk_nc_053,,walk,ncore,medium,2022,aerial2022,"centre line and width from a brightness/thinness extraction of the 2022 aerial (integrator), cleaned and checked on overlays",widths +-0.5 m; segments under crowns bridged where they line up
paths,walk_nc_054,,walk,ncore,medium,2022,aerial2022,"centre line and width from a brightness/thinness extraction of the 2022 aerial (integrator), cleaned and checked on overlays",widths +-0.5 m; segments under crowns bridged where they line up
paths,walk_nc_055,,walk,ncore,medium,2022,aerial2022,"centre line and width from a brightness/thinness extraction of the 2022 aerial (integrator), cleaned and checked on overlays",widths +-0.5 m; segments under crowns bridged where they line up
paths,walk_nc_056,,walk,ncore,medium,2022,aerial2022,"centre line and width from a brightness/thinness extraction of the 2022 aerial (integrator), cleaned and checked on overlays",widths +-0.5 m; segments under crowns bridged where they line up
paths,walk_nc_057,,walk,ncore,medium,2022,aerial2022,"centre line and width from a brightness/thinness extraction of the 2022 aerial (integrator), cleaned and checked on overlays",widths +-0.5 m; segments under crowns bridged where they line up
paths,walk_nc_058,,walk,ncore,medium,2022,aerial2022,"centre line and width from a brightness/thinness extraction of the 2022 aerial (integrator), cleaned and checked on overlays",widths +-0.5 m; segments under crowns bridged where they line up
paths,walk_nc_059,,walk,ncore,medium,2022,aerial2022,"centre line and width from a brightness/thinness extraction of the 2022 aerial (integrator), cleaned and checked on overlays",widths +-0.5 m; segments under crowns bridged where they line up
paths,walk_nc_060,,walk,ncore,medium,2022,aerial2022,"centre line and width from a brightness/thinness extraction of the 2022 aerial (integrator), cleaned and checked on overlays",widths +-0.5 m; segments under crowns bridged where they line up
paths,walk_nc_061,,walk,ncore,medium,2022,aerial2022,"centre line and width from a brightness/thinness extraction of the 2022 aerial (integrator), cleaned and checked on overlays",widths +-0.5 m; segments under crowns bridged where they line up
paths,walk_nc_062,,walk,ncore,medium,2022,aerial2022,"centre line and width from a brightness/thinness extraction of the 2022 aerial (integrator), cleaned and checked on overlays",widths +-0.5 m; segments under crowns bridged where they line up
paths,walk_nc_063,,walk,ncore,medium,2022,aerial2022,"centre line and width from a brightness/thinness extraction of the 2022 aerial (integrator), cleaned and checked on overlays",widths +-0.5 m; segments under crowns bridged where they line up
paths,walk_nc_064,,walk,ncore,medium,2022,aerial2022,"centre line and width from a brightness/thinness extraction of the 2022 aerial (integrator), cleaned and checked on overlays",widths +-0.5 m; segments under crowns bridged where they line up
paths,walk_nc_065,,walk,ncore,medium,2022,aerial2022,"centre line and width from a brightness/thinness extraction of the 2022 aerial (integrator), cleaned and checked on overlays",widths +-0.5 m; segments under crowns bridged where they line up
paths,walk_nc_066,,walk,ncore,medium,2022,aerial2022,"centre line and width from a brightness/thinness extraction of the 2022 aerial (integrator), cleaned and checked on overlays",widths +-0.5 m; segments under crowns bridged where they line up
paths,walk_nc_067,,walk,ncore,medium,2022,aerial2022,"centre line and width from a brightness/thinness extraction of the 2022 aerial (integrator), cleaned and checked on overlays",widths +-0.5 m; segments under crowns bridged where they line up
paths,walk_nc_068,,walk,ncore,medium,2022,aerial2022,"centre line and width from a brightness/thinness extraction of the 2022 aerial (integrator), cleaned and checked on overlays",widths +-0.5 m; segments under crowns bridged where they line up
paths,walk_nc_069,,walk,ncore,medium,2022,aerial2022,"centre line and width from a brightness/thinness extraction of the 2022 aerial (integrator), cleaned and checked on overlays",widths +-0.5 m; segments under crowns bridged where they line up
paths,walk_nc_070,,walk,ncore,medium,2022,aerial2022,"centre line and width from a brightness/thinness extraction of the 2022 aerial (integrator), cleaned and checked on overlays",widths +-0.5 m; segments under crowns bridged where they line up
paths,walk_nc_071,,walk,ncore,medium,2022,aerial2022,"centre line and width from a brightness/thinness extraction of the 2022 aerial (integrator), cleaned and checked on overlays",widths +-0.5 m; segments under crowns bridged where they line up
paths,walk_nc_072,,walk,ncore,medium,2022,aerial2022,"centre line and width from a brightness/thinness extraction of the 2022 aerial (integrator), cleaned and checked on overlays",widths +-0.5 m; segments under crowns bridged where they line up
paths,walk_nc_073,,walk,ncore,medium,2022,aerial2022,"centre line and width from a brightness/thinness extraction of the 2022 aerial (integrator), cleaned and checked on overlays",widths +-0.5 m; segments under crowns bridged where they line up
paths,walk_nc_074,,walk,ncore,medium,2022,aerial2022,"centre line and width from a brightness/thinness extraction of the 2022 aerial (integrator), cleaned and checked on overlays",widths +-0.5 m; segments under crowns bridged where they line up
paths,walk_nc_075,,walk,ncore,medium,2022,aerial2022,"centre line and width from a brightness/thinness extraction of the 2022 aerial (integrator), cleaned and checked on overlays",widths +-0.5 m; segments under crowns bridged where they line up
paths,walk_nc_076,,walk,ncore,medium,2022,aerial2022,"centre line and width from a brightness/thinness extraction of the 2022 aerial (integrator), cleaned and checked on overlays",widths +-0.5 m; segments under crowns bridged where they line up
paths,walk_nc_077,,walk,ncore,medium,2022,aerial2022,"centre line and width from a brightness/thinness extraction of the 2022 aerial (integrator), cleaned and checked on overlays",widths +-0.5 m; segments under crowns bridged where they line up
paths,walk_nc_078,,walk,ncore,medium,2022,aerial2022,"centre line and width from a brightness/thinness extraction of the 2022 aerial (integrator), cleaned and checked on overlays",widths +-0.5 m; segments under crowns bridged where they line up
paths,walk_nc_079,,walk,ncore,medium,2022,aerial2022,"centre line and width from a brightness/thinness extraction of the 2022 aerial (integrator), cleaned and checked on overlays",widths +-0.5 m; segments under crowns bridged where they line up
paths,walk_nc_080,,walk,ncore,medium,2022,aerial2022,"centre line and width from a brightness/thinness extraction of the 2022 aerial (integrator), cleaned and checked on overlays",widths +-0.5 m; segments under crowns bridged where they line up
paths,walk_nc_081,,walk,ncore,medium,2022,aerial2022,"centre line and width from a brightness/thinness extraction of the 2022 aerial (integrator), cleaned and checked on overlays",widths +-0.5 m; segments under crowns bridged where they line up
paths,walk_nc_082,,walk,ncore,medium,2022,aerial2022,"centre line and width from a brightness/thinness extraction of the 2022 aerial (integrator), cleaned and checked on overlays",widths +-0.5 m; segments under crowns bridged where they line up
paths,walk_nc_083,,walk,ncore,medium,2022,aerial2022,"centre line and width from a brightness/thinness extraction of the 2022 aerial (integrator), cleaned and checked on overlays",widths +-0.5 m; segments under crowns bridged where they line up
paths,walk_nc_084,,walk,ncore,medium,2022,aerial2022,"centre line and width from a brightness/thinness extraction of the 2022 aerial (integrator), cleaned and checked on overlays",widths +-0.5 m; segments under crowns bridged where they line up
paths,walk_nc_085,,walk,ncore,medium,2022,aerial2022,"centre line and width from a brightness/thinness extraction of the 2022 aerial (integrator), cleaned and checked on overlays",widths +-0.5 m; segments under crowns bridged where they line up
paths,walk_nc_086,,walk,ncore,medium,2022,aerial2022,"centre line and width from a brightness/thinness extraction of the 2022 aerial (integrator), cleaned and checked on overlays",widths +-0.5 m; segments under crowns bridged where they line up
paths,walk_nc_087,,walk,ncore,medium,2022,aerial2022,"centre line and width from a brightness/thinness extraction of the 2022 aerial (integrator), cleaned and checked on overlays",widths +-0.5 m; segments under crowns bridged where they line up
paths,walk_nc_088,,walk,ncore,medium,2022,aerial2022,"centre line and width from a brightness/thinness extraction of the 2022 aerial (integrator), cleaned and checked on overlays",widths +-0.5 m; segments under crowns bridged where they line up
paths,walk_nc_089,,walk,ncore,medium,2022,aerial2022,"centre line and width from a brightness/thinness extraction of the 2022 aerial (integrator), cleaned and checked on overlays",widths +-0.5 m; segments under crowns bridged where they line up
paths,walk_nc_090,,walk,ncore,medium,2022,aerial2022,"centre line and width from a brightness/thinness extraction of the 2022 aerial (integrator), cleaned and checked on overlays",widths +-0.5 m; segments under crowns bridged where they line up
paths,walk_no_001,,walk,north,medium,2022,aerial2022,street-front sidewalks and building approaches from the 2022 aerial (integrator); the north zone lies mostly beyond the aerial's coverage,widths +-0.5 m; segments under crowns bridged where they line up
paths,walk_no_002,,walk,north,medium,2022,aerial2022,street-front sidewalks and building approaches from the 2022 aerial (integrator); the north zone lies mostly beyond the aerial's coverage,widths +-0.5 m; segments under crowns bridged where they line up
paths,walk_no_003,,walk,north,medium,2022,aerial2022,street-front sidewalks and building approaches from the 2022 aerial (integrator); the north zone lies mostly beyond the aerial's coverage,widths +-0.5 m; segments under crowns bridged where they line up
paths,walk_no_004,,walk,north,medium,2022,aerial2022,street-front sidewalks and building approaches from the 2022 aerial (integrator); the north zone lies mostly beyond the aerial's coverage,widths +-0.5 m; segments under crowns bridged where they line up
paths,walk_no_005,,walk,north,medium,2022,aerial2022,street-front sidewalks and building approaches from the 2022 aerial (integrator); the north zone lies mostly beyond the aerial's coverage,widths +-0.5 m; segments under crowns bridged where they line up
paths,walk_no_006,,walk,north,medium,2022,aerial2022,street-front sidewalks and building approaches from the 2022 aerial (integrator); the north zone lies mostly beyond the aerial's coverage,widths +-0.5 m; segments under crowns bridged where they line up
paths,walk_no_007,,walk,north,medium,2022,aerial2022,street-front sidewalks and building approaches from the 2022 aerial (integrator); the north zone lies mostly beyond the aerial's coverage,widths +-0.5 m; segments under crowns bridged where they line up
paths,walk_no_008,,walk,north,medium,2022,aerial2022,street-front sidewalks and building approaches from the 2022 aerial (integrator); the north zone lies mostly beyond the aerial's coverage,widths +-0.5 m; segments under crowns bridged where they line up
paths,walk_no_009,,walk,north,medium,2022,aerial2022,street-front sidewalks and building approaches from the 2022 aerial (integrator); the north zone lies mostly beyond the aerial's coverage,widths +-0.5 m; segments under crowns bridged where they line up
paths,walk_no_010,,walk,north,medium,2022,aerial2022,street-front sidewalks and building approaches from the 2022 aerial (integrator); the north zone lies mostly beyond the aerial's coverage,widths +-0.5 m; segments under crowns bridged where they line up
paths,walk_no_011,,walk,north,medium,2022,aerial2022,street-front sidewalks and building approaches from the 2022 aerial (integrator); the north zone lies mostly beyond the aerial's coverage,widths +-0.5 m; segments under crowns bridged where they line up
paths,walk_no_012,,walk,north,medium,2022,aerial2022,street-front sidewalks and building approaches from the 2022 aerial (integrator); the north zone lies mostly beyond the aerial's coverage,widths +-0.5 m; segments under crowns bridged where they line up
paths,walk_no_013,,walk,north,medium,2022,aerial2022,street-front sidewalks and building approaches from the 2022 aerial (integrator); the north zone lies mostly beyond the aerial's coverage,widths +-0.5 m; segments under crowns bridged where they line up
paths,walk_no_014,,walk,north,medium,2022,aerial2022,street-front sidewalks and building approaches from the 2022 aerial (integrator); the north zone lies mostly beyond the aerial's coverage,widths +-0.5 m; segments under crowns bridged where they line up
paths,walk_no_015,,walk,north,medium,2022,aerial2022,street-front sidewalks and building approaches from the 2022 aerial (integrator); the north zone lies mostly beyond the aerial's coverage,widths +-0.5 m; segments under crowns bridged where they line up
paths,walk_no_016,,walk,north,medium,2022,aerial2022,street-front sidewalks and building approaches from the 2022 aerial (integrator); the north zone lies mostly beyond the aerial's coverage,widths +-0.5 m; segments under crowns bridged where they line up
paths,walk_north_lot_n,,,west,high,2022,aerial2022,paved walk traced on the 2022 aerial,
paths,walk_plaza_ew_1,,,west,high,2022,aerial2022,paved walk traced on the 2022 aerial,
paths,walk_plaza_ew_2,,,west,high,2022,aerial2022,paved walk traced on the 2022 aerial,
paths,walk_plaza_ew_3,,,west,high,2022,aerial2022,paved walk traced on the 2022 aerial,
paths,walk_plaza_ns_e,,,west,high,2022,aerial2022,paved walk traced on the 2022 aerial,
paths,walk_plaza_ns_w,,,west,high,2022,aerial2022,paved walk traced on the 2022 aerial,
paths,walk_racket_courts,,,west,low,2026,R055,concrete apron/walk along the courts' south side (R055) linking towards the yard,connection layout unknown
paths,walk_racket_courts_apron,,,west,low,2026,R055,concrete walk along the south fence line seen in R055,
paths,walk_rec_ne_door,,,west,high,2022,aerial2022,paved walk traced on the 2022 aerial,
paths,walk_rec_north,,,west,high,2022,aerial2022,paved walk traced on the 2022 aerial,
paths,walk_road_north_w,,,west,high,2022,aerial2022,paved walk traced on the 2022 aerial,
paths,walk_softball_arc,,,west,high,2022,aerial2022,paved walk traced on the 2022 aerial,
paths,walk_softball_east,,,west,high,2022,aerial2022,paved walk traced on the 2022 aerial,
paths,walk_softball_ne,,,west,high,2022,aerial2022,paved walk traced on the 2022 aerial,
paths,walk_softball_south,,,west,high,2022,aerial2022,paved walk traced on the 2022 aerial,
paths,walk_softball_west,,,west,high,2022,aerial2022,paved walk traced on the 2022 aerial,
paths,walk_stadium_east,,,west,high,2022,aerial2022,paved walk traced on the 2022 aerial,
paths,walk_stadium_lot_w,,,west,high,2022,aerial2022,paved walk traced on the 2022 aerial,
paths,walk_stadium_ne,,,west,high,2022,aerial2022,paved walk traced on the 2022 aerial,
paths,walk_stadium_nw,,,west,high,2022,aerial2022,paved walk traced on the 2022 aerial,
paths,walk_to_baseball,,,west,high,2022,aerial2022,paved walk traced on the 2022 aerial,
paths,walk_trainhall_lot_s,,,west,high,2022,aerial2022,paved walk traced on the 2022 aerial,
paths,walk_west_street_w,,,west,high,2022,aerial2022,paved walk traced on the 2022 aerial,
paths,walk_yard_drive_sw,,,west,medium,2022,aerial2022,concrete ramp/drive from the yard's west parking to the lane,
areas,administration_hall_front_steps,,plaza,ncore,medium,2022,"aerial2022, User155128, R053",Short flight of steps from the front walk up to the portico.,
areas,aquatics_front_apron,,plaza,west,high,2022,aerial2022,concrete apron in front of the complex entrances,
areas,arts_north_yard,,plaza,ncore,medium,2022,"aerial2022, wayfinding2026",Paved yard north of the arts center (service access; 2026 wayfinding draws a service drive into it).,
areas,assembly_center_site,B17,construction,ncore,medium,2026,"wayfinding2026, plan2023p4, aerial2022, User155234","Construction site of the large assembly/welcome building labelled 'opening fall 2027' in the 2026 wayfinding (October 2026: under construction, not a building). Extent from the wayfinding outline anchored to the water tower and the campus-center patio notch, abutting the campus center's north side; covers the former tennis courts and the south half of the 2022 lot west of the loop road. Modelled as a fenced site; the proposed building is deliberately not built.","Actual fence line and site state (earthwork/steel frame) in October 2026 unverified; the wayfinding outline reaches about x -50 to -57, i.e. up to 10-17 m into the west zone, cut here at x = -40 (+-10 m); may also absorb the campus center's north annex."
areas,baseball_field_grass,A02,field_grass,west,high,2022,"aerial2022, R059, R181, wayfinding2026","fenced field incl. foul territory and warning track; home plate (-146.4,-92.6), mound 18 m NE; synthetic turf with a brick-red infield arc in R059",
areas,baseball_home_circle,A02,infield,west,high,2022,aerial2022,home plate circle,
areas,baseball_infield_turf,A02,field_turf,west,medium,2022,"aerial2022, R059",dark synthetic infield/foul turf zone traced on the 2022 aerial (R059: red infield arc),
areas,baseball_mound,A02,infield,west,high,2022,aerial2022,pitcher's mound,
areas,bell_tower_base,B22,plaza,ccore,high,2022,"aerial2022, user155113","regular octagonal paved base, 23.4 m across flats (x 134.9-158.3, z -143.6..-120.1); brick-paved wedges separated by 8 light concrete radial bands, light inner octagon ~11 m across around the tower",
areas,campus_center_nw_patio,,plaza,ncore,medium,2022,"aerial2022, wayfinding2026","Paved patio in the campus center's stepped north-west notch, enclosed on the north by a curved wall (matches the notch in the 2026 wayfinding outline).",Whether the curved band is a seat wall or a canopy edge.
areas,campus_center_round_patio,,plaza,ncore,high,2022,aerial2022,Round seating patio below the south terrace.,
areas,campus_center_south_terrace,,plaza,ncore,high,2022,aerial2022,Seating terrace along the campus center's south face (tables and chairs visible).,
areas,chapel_ring_walk,B27,plaza,ccore,high,2022,"aerial2022, V02, R012","circular concrete garden walk 2.6 m wide (r 14.8-17.4) ringing the chapel; the disc polygon is the outer edge, the building and planting sit inside it",inner planting band between walk and building not split out
areas,club_field,A07,field_grass,west,medium,2022,"aerial2022, wayfinding2026, plan2023p4",mown sports lawn with several soccer centre circles (2022); the 2026 map labels it the club field,line markings and current subdivision
areas,ctx_area_001,,parking,context,medium,2022,overview2022,"parking west of the complex spine (asphalt outline, overview)",
areas,ctx_area_002,,parking,context,medium,2022,overview2022,parking along the east side of the complex,
areas,dining_circle_bed,,bed,south,low,2022,"plan2023p16, wayfinding2026","planted centre of the round node, plan p16",planting type unknown
areas,dining_circle_plaza,B36,plaza,south,medium,2022,"plan2023p16, wayfinding2026","small round paved node with a planted centre on plan p16 between the terrace walk and the pavilion; placed from the 2023 planning figure p16 georeferenced by the south tracer (11 control points, fit RMS 2.5 m)",not visible in any photo; centre planting size unknown
areas,dining_ne_forecourt,B35,plaza,south,high,2022,"aerial2022, R339",concrete forecourt from the north lot to the glazed NE entrance and its steps (2022 aerial; R339),kerb/step lines inside the forecourt not traced
areas,dorm_lot,,parking,south,high,2022,aerial2022,"large lot north of Bridge Hall / Elm Hall between the loop and the dorms, asphalt edge (2022 aerial)",
areas,east_lot,,parking,ncore,high,2022,"aerial2022, wayfinding2026","Large lot east of the administration hall (asphalt edge), still drawn as parking in 2026.",
areas,env_center_fenced_plot,,farm,west,medium,2022,aerial2022,fenced square plot west of the complex (demonstration garden?),use
areas,env_center_garden_plots,,farm,west,medium,2022,aerial2022,fenced garden with four raised/plot beds,
areas,env_center_lawn_ring,,lawn,west,high,2022,"aerial2022, R044",mown circular lawn inside the drive,
areas,env_center_parking,,parking,west,high,2022,aerial2022,saw-tooth angled parking bays both sides of the access drive,
areas,env_center_prairie,,bed,west,medium,2022,aerial2022,"rectangular planted meadow/prairie demonstration plot north of the complex (brown, unmown)",
areas,env_center_service_lot,,parking,west,medium,2022,aerial2022,"concrete service drive and small lot south of the complex, linked to the ring",exact outline (tree cover at the edges)
areas,farm_field_west,,farm,west,medium,2022,aerial2022,cultivated field in 2022; largely covered by the new track complex (2026),current state outside the track
areas,field_house_pad,,gravel,west,medium,2022,aerial2022,pale gravel/concrete hardstand round the field house,
areas,hall_north_plaza,,plaza,west,medium,2022,aerial2022,brick-paved entry plaza north of the residence hall (hall itself belongs to the south zone),
areas,house_a_apron,,plaza,west,high,2022,aerial2022,paved apron,
areas,house_c_court,,plaza,west,medium,2022,aerial2022,paved turning court with a planted round island (island not cut out),
areas,innovation_center_front_plaza,,plaza,ncore,medium,2026,"wayfinding2026, R006, R328, User155234",Paved forecourt with large planters between the drop-off loop and the rotunda front (R006/R328).,Exact paving edge unknown.
areas,innovation_center_lot,,parking,ncore,medium,2026,"wayfinding2026, User155234","New lot east of the innovation center (2026 wayfinding grey area, local georeference +-4 m; cars in the oblique user aerial); replaced lawn and walks of 2022.",
areas,innovation_center_north_court,,plaza,ncore,low,2026,"R336, User155234",Round court with two curved brick seat walls in front of the north (secondary) entrance.,Diameter and exact position estimated (+-4 m).
areas,innovation_center_south_promenade,,plaza,ncore,low,2026,"wayfinding2026, User155234",Paved strip between the innovation center and the media center drawn in the 2026 wayfinding (pale grey).,Could be a parking row or service lane rather than a pedestrian promenade.
areas,lake_dam_face,,gravel,south,medium,2022,aerial2022,"light stone (rip-rap or gravel) face of the west dam along the water line, ~1-2.5 m wide (2022 aerial); the strip straddles the x=-330 line at z 300-340",rip-rap vs gravel walk not distinguishable at 0.3 m/px; west zone may see its outer half
areas,lakeside_plaza,B36,plaza,south,medium,2022,"R340, R008, plan2023p16, wayfinding2026","fire-pit terrace south of the dining hall (R340: concrete paving, brick fire-pit benches, planting); outline from plan p16 (U-shaped paving round a lawn panel); placed from the 2023 planning figure p16 georeferenced by the south tracer (11 control points, fit RMS 2.5 m)",exact paving edges and fire-pit positions; whether the lawn panel is lawn or planting
areas,lakeside_plaza_lawn,B36,lawn,south,medium,2022,"plan2023p16, wayfinding2026","lawn panel inside the terrace on plan p16; placed from the 2023 planning figure p16 georeferenced by the south tracer (11 control points, fit RMS 2.5 m)",
areas,lodge_forecourt,,plaza,west,medium,2022,aerial2022,paved teardrop forecourt with a central planted island (island not cut out),
areas,lot_arena_front,,parking,west,medium,2022,aerial2022,angled stalls in front of the arena with the frontage aisle; planted kerb island with trees at z +1..+2.5 separates it from the road,island openings
areas,lot_cc_east,,parking,ccore,medium,2022,aerial2022,"lot east of the quad, inside the loop",north edge +-3 m
areas,lot_cc_southeast,,parking,ccore,medium,2022,aerial2022,north part of the big lot south-east of the east residence hall (the part south of z 212 is in the south zone),edges along the loop +-3 m
areas,lot_cc_west,,parking,ccore,medium,2022,aerial2022,large lot west of the library with two long planted islands,west edge near the loop road +-2 m
areas,lot_east_north,,parking,west,high,2022,aerial2022,"large lot north of the athletics road (4 stall rows, aisles z -46/-29/-12.5)",
areas,lot_east_south,,parking,west,high,2022,aerial2022,"large lot south of the athletics road (west column of stalls x -152..-145, rows E-W)","lot extends to z 56, beyond the z=40 block line; centroid inside this zone"
areas,lot_hall_drive,,parking,west,medium,2022,aerial2022,short drive with angled stalls from the athletics road to the residence hall south of it,kerb outline
areas,lot_rec_north,,parking,west,high,2022,aerial2022,recreation-centre north lot joined to the U-shaped lot west of the stadium; entrance from the west street at z -181..-167,
areas,lot_trainhall,,parking,west,medium,2022,"aerial2022, R181",asphalt lot/apron south and east of the training hall with angled stalls at its SW part,how it connects to the relocated loop road
areas,main_entrance_median,,bed,ccore,high,2022,aerial2022,planted median island of the main entrance boulevard,
areas,maintenance_bins,B48,gravel,west,medium,2022,aerial2022,material bunkers (soil/mulch) with concrete walls,
areas,maintenance_yard_paving,B48,yard,west,high,2022,aerial2022,asphalt/concrete service yard and staff parking round the buildings,
areas,meadow_clearing_se,,field_grass,west,low,2022,aerial2022,mown clearing east of the west street,use
areas,media_center_west_circle,,plaza,ncore,high,2022,aerial2022,Round paved node with an inlaid cross pattern where walks meet west of the media/music junction.,
areas,north_court_homes_lot,B45,parking,north,low,2026,"wayfinding2026, overview2022, parcels2025","grey parking strip with the P symbol on the 2026 inset, west of building 07, from the alley strip to the southern E-W street; part of the paved lot visible there in the 2022 overview (x ~135-166)",stall layout and exact edges unknown; whether the rest of the 2022 lot remains paved is unknown
areas,north_hall_front_landing,,plaza,ncore,high,2022,aerial2022,Paved landing at the foot of the front stair joining the loop-side walk.,
areas,north_hall_front_ramp_terrace,,plaza,ncore,high,2022,"aerial2022, R200","Concrete ramp/terrace with white railings north of the front stair, enclosed by a concrete side wall (R200 right side).",
areas,north_hall_front_stair,,plaza,ncore,high,2022,"aerial2022, R200, R306","Wide front stair (two flights with a centre handrail, white side railings) climbing about 1.8 m from the front walk to the portico.",Number of steps not counted.
areas,north_hall_lot,,parking,ncore,high,2022,aerial2022,Small lot south-east of the north hall with a hatched access strip to the loop.,
areas,plaza_brick_square,,plaza,west,high,2022,aerial2022,red brick square with a round inlaid emblem (emblem not reproduced),
areas,plaza_cc_courtyard,,plaza,ccore,medium,2022,"aerial2022, V12",paved courtyard between the library and the science centre with a grid of planters,
areas,plaza_cc_fountain,,plaza,ccore,medium,2022,"aerial2022, user155324",paved circle round the garden fountain basin,
areas,plaza_cc_round_patio,,plaza,ccore,medium,2022,aerial2022,round paved patio between the two south residence halls,
areas,plaza_cc_run_pool,,plaza,ccore,medium,2022,aerial2022,paved ring round the small pool at the head of the garden run,
areas,practice_field_turf,A04,field_turf,west,high,2022,"aerial2022, R063, wayfinding2026","synthetic turf field, long axis E-W, yard lines/numbers and a midfield logo; end lines at the turf ends",
areas,racket_courts_ne,A05,court,west,low,2026,"wayfinding2026, R055, plan2023p4","layout from the top-down photo R055 (rotated 180 deg to match the 2026 map: 3+3+3 tennis courts, 8 pickleball courts in the SE quadrant, central walks with benches and a pyramid-roof kiosk); scale from tennis court lines (0.142 m/px -> complex ~110 x 80 m); placed from the 2026 map (+-10 m)",exact position and orientation need newer imagery; not in the 2022 aerial
areas,racket_courts_nw,A05,court,west,low,2026,"wayfinding2026, R055, plan2023p4","layout from the top-down photo R055 (rotated 180 deg to match the 2026 map: 3+3+3 tennis courts, 8 pickleball courts in the SE quadrant, central walks with benches and a pyramid-roof kiosk); scale from tennis court lines (0.142 m/px -> complex ~110 x 80 m); placed from the 2026 map (+-10 m)",exact position and orientation need newer imagery; not in the 2022 aerial
areas,racket_courts_se_pickleball,A05,court,west,low,2026,"wayfinding2026, R055, plan2023p4","layout from the top-down photo R055 (rotated 180 deg to match the 2026 map: 3+3+3 tennis courts, 8 pickleball courts in the SE quadrant, central walks with benches and a pyramid-roof kiosk); scale from tennis court lines (0.142 m/px -> complex ~110 x 80 m); placed from the 2026 map (+-10 m)",exact position and orientation need newer imagery; not in the 2022 aerial
areas,racket_courts_sw,A05,court,west,low,2026,"wayfinding2026, R055, plan2023p4","layout from the top-down photo R055 (rotated 180 deg to match the 2026 map: 3+3+3 tennis courts, 8 pickleball courts in the SE quadrant, central walks with benches and a pyramid-roof kiosk); scale from tennis court lines (0.142 m/px -> complex ~110 x 80 m); placed from the 2026 map (+-10 m)",exact position and orientation need newer imagery; not in the 2022 aerial
areas,racket_courts_walks,A05,plaza,west,low,2026,"wayfinding2026, R055, plan2023p4","layout from the top-down photo R055 (rotated 180 deg to match the 2026 map: 3+3+3 tennis courts, 8 pickleball courts in the SE quadrant, central walks with benches and a pyramid-roof kiosk); scale from tennis court lines (0.142 m/px -> complex ~110 x 80 m); placed from the 2026 map (+-10 m)",exact position and orientation need newer imagery; not in the 2022 aerial
areas,reflection_court_plaza,,plaza,ncore,high,2022,"aerial2022, User155151",Brick-paved court around the paired basins in front of the arts center's curved glass entrance (stamped round pad with a standing statue south-west of the basins).,
areas,rock_swale_1,,gravel,west,medium,2022,aerial2022,rock-lined dry swale/rock garden strip,
areas,rock_swale_2,,gravel,west,medium,2022,aerial2022,rock-lined dry swale/rock garden strip,
areas,rock_swale_3,,gravel,west,low,2022,aerial2022,rock strip (partly under trees),
areas,softball_field_grass,A03,field_grass,west,high,2022,"aerial2022, R062, wayfinding2026","fenced softball field, home plate at the SW corner, foul lines N and E; R062 (filed as tennis, inventory says baseball) actually shows this softball field: natural grass, clay infield, padded outfield wall, batting cage, bleachers and a small press box behind home",
areas,softball_infield,A03,infield,west,high,2022,"aerial2022, R062",skinned (clay) infield,
areas,softball_lot,,parking,west,high,2022,"aerial2022, wayfinding2026",large asphalt lot round the softball field (labelled RV/parking on the 2026 map),stall layout simplified
areas,south_lot,,parking,south,high,2022,aerial2022,"long curved lot south of the south dorms, entered from the south drive (2022 aerial, asphalt edge; south edge smoothed under parked cars)",
areas,south_lot_island_e,,bed,south,medium,2022,aerial2022,planted median island with lamp posts in the south lot,
areas,south_lot_island_w,,bed,south,medium,2022,aerial2022,planted median island with lamp posts in the south lot,
areas,stadium_apron_n,A01,plaza,west,high,2022,aerial2022,concrete apron across the north end,
areas,stadium_apron_s,A01,plaza,west,high,2022,aerial2022,concrete apron across the south end (gates),
areas,stadium_endzone_n,A01,field_turf,west,high,2022,"aerial2022, R181","north end zone (purple, lettered)",
areas,stadium_endzone_s,A01,field_turf,west,high,2022,"aerial2022, R181","south end zone (purple, lettered)",
areas,stadium_gate_plaza_sw,A01,plaza,west,medium,2022,aerial2022,paved area south of the west grandstand with the gate/ticket structure,
areas,stadium_promenade_w,A01,plaza,west,high,2022,aerial2022,concrete walk between the west grandstand and the turf,
areas,stadium_south_mall,,plaza,west,high,2022,aerial2022,wide concrete mall from the stadium south gate (inner decorative panel x -219..-211),
areas,stadium_turf,A01,field_turf,west,high,2022,"aerial2022, R181","synthetic turf; field (end lines z -197.3/-87.5, goal lines -188/-96.5, sidelines x -244.6/-195.8) checks to 100 yd between goal lines; purple end zones; logo at midfield",
areas,terrace_apartments_lot,B06,parking,north,low,2026,"wayfinding2026, overview2022","parking strip drawn west of the two blocks on the 2026 wayfinding (u 1274.5-1284 -> x ~230-239), placed between the alley (centre x ~232, 2022 overview) and the blocks",stall layout and surface unknown; may include the alley itself
areas,throws_cage_pad,,plaza,west,low,2022,aerial2022,concrete throwing circle pad; a tall net cage surrounds it (not modelled),
areas,throws_field,,field_grass,west,medium,2022,aerial2022,"grass field north of the stadium with throwing-sector lines radiating from a cage near (-197,-257)",use after the new track complex opened
areas,tower_lot,,parking,ncore,low,2022,"aerial2022, wayfinding2026, User155234",Surviving part of the 2022 lot around the water tower: north part (cars visible in the oblique user aerial) and the strip east of the tower (small paved area still drawn in the 2026 wayfinding).,May be partly fenced as construction staging in October 2026; the 2026 wayfinding does not draw the northern part.
areas,track_complex_infield,A06,field_turf,west,low,2026,"wayfinding2026, plan2023p4","standard 400 m oval (straights 84.4 m, 8 lanes, outer r 46.5 m) oriented E-W with a sprint extension of the north straight, placed from the 2026 map (oval ~190 x 94 m incl. margins, +-10-15 m); the map labels it 'opening fall 2026': modelled as a finished track (target date Oct 2026)","completion, as-built layout, field-event areas, stands and buildings are unverified; the 2023 plan showed a different (N-S) layout; no imagery newer than 2022 covers it"
areas,track_complex_sprint_ext,A06,track,west,low,2026,"wayfinding2026, plan2023p4","standard 400 m oval (straights 84.4 m, 8 lanes, outer r 46.5 m) oriented E-W with a sprint extension of the north straight, placed from the 2026 map (oval ~190 x 94 m incl. margins, +-10-15 m); the map labels it 'opening fall 2026': modelled as a finished track (target date Oct 2026)","completion, as-built layout, field-event areas, stands and buildings are unverified; the 2023 plan showed a different (N-S) layout; no imagery newer than 2022 covers it"
areas,track_complex_track,A06,track,west,low,2026,"wayfinding2026, plan2023p4","standard 400 m oval (straights 84.4 m, 8 lanes, outer r 46.5 m) oriented E-W with a sprint extension of the north straight, placed from the 2026 map (oval ~190 x 94 m incl. margins, +-10-15 m); the map labels it 'opening fall 2026': modelled as a finished track (target date Oct 2026)","completion, as-built layout, field-event areas, stands and buildings are unverified; the 2023 plan showed a different (N-S) layout; no imagery newer than 2022 covers it"
areas,trainhall_bed,,bed,west,low,2025,"R058, R181",planting bed along the south facade east of the entrance,extent
areas,trainhall_plaza,,plaza,west,low,2025,"R058, R181, aerial2022","brick-paved plaza on the south side of the training hall (R058/R181, newer than the 2022 aerial, which shows asphalt here)",exact outline (+-3 m)
areas,village_lot,,parking,south,medium,2024,"plan2023p16, wayfinding2026, R004, R017","double-loaded lot curving along the north side of the village homes (paved band on plan p16; grey lot on the 2026 wayfinding; R004/R017 show stalls right in front of the porches); placed from the 2023 planning figure p16 georeferenced by the south tracer (11 control points, fit RMS 2.5 m)",as-built edges +-3-5 m; islands at the walk crossings not modelled; NE end and its connection to the older arc lot unverified
areas,village_round_node,,plaza,south,medium,2024,"plan2023p16, wayfinding2026","round paved node with a planted centre and a horseshoe planting bed, between homes 03 and 04 on plan p16 and the 2026 wayfinding; placed from the 2023 planning figure p16 georeferenced by the south tracer (11 control points, fit RMS 2.5 m)",
areas,village_round_node_bed,,bed,south,low,2024,"plan2023p16, wayfinding2026",planted centre of the round node,
areas,village_west_lot,,parking,south,high,2022,aerial2022,"lot north of the village, east of the south drive (2022 aerial)",
areas,water_tower_pad,,plaza,ncore,high,2022,aerial2022,Square paved pad around the water tower legs (curbed).,
areas,woods_east_of_street,C05,woods,west,medium,2022,"aerial2022, aerial_overview2022, R061",deciduous woodland edge traced on the 2022 leaf-off aerial (C05); includes small meadow clearings,"edge drawn at canopy line, +-5 m"
areas,woods_north_lodge,C05,woods,west,medium,2022,"aerial2022, aerial_overview2022, R061",deciduous woodland edge traced on the 2022 leaf-off aerial (C05); includes small meadow clearings,"edge drawn at canopy line, +-5 m"
areas,woods_northwest,C05,woods,west,medium,2022,"aerial2022, aerial_overview2022, R061",deciduous woodland edge traced on the 2022 leaf-off aerial (C05); includes small meadow clearings,"edge drawn at canopy line, +-5 m"
areas,woods_south_strip,C05,woods,west,medium,2022,"aerial2022, aerial_overview2022, R061",deciduous woodland edge traced on the 2022 leaf-off aerial (C05); includes small meadow clearings,"edge drawn at canopy line, +-5 m"
areas,woods_southwest,C05,woods,west,medium,2022,"aerial2022, aerial_overview2022, R061",deciduous woodland edge traced on the 2022 leaf-off aerial (C05); includes small meadow clearings,"edge drawn at canopy line, +-5 m"
areas,woods_street_east_s,C05,woods,west,medium,2022,"aerial2022, aerial_overview2022, R061",deciduous woodland edge traced on the 2022 leaf-off aerial (C05); includes small meadow clearings,"edge drawn at canopy line, +-5 m"
barriers,assembly_site_fence,B17,fence_construction,ncore,low,2026,"wayfinding2026, plan2023p4","Temporary construction fence around the assembly-center site (October 2026), closed against the campus center's north face; the west side is held on the zone line x = -40.",Real fence line unknown; the site may extend into the west zone.
barriers,baseball_backstop,,fence_chain,west,low,2022,aerial2022,backstop net/fence behind home inferred from shadow line,height
barriers,baseball_fence_1b,,fence_chain,west,medium,2022,aerial2022,first-base side fence,
barriers,baseball_outfield_fence,,fence_chain,west,medium,2022,"aerial2022, R059",outfield fence on the outer edge of the warning track,"integrator: west side and north edge re-placed on the dark fence line at the outer edge of the warning track (2022 aerial; it had been drawn 3-4 m out, across the walk and in the lot)"
barriers,campus_center_nw_patio_wall,,wall_low,ncore,medium,2022,aerial2022,Curved light-coloured wall closing the campus center's north-west patio.,Could be a canopy edge rather than a seat wall.
barriers,env_center_garden_fence,,fence_chain,west,low,2022,aerial2022,fence outline of the garden enclosure,fence type
barriers,env_center_plot_fence,,fence_chain,west,low,2022,aerial2022,fence outline,fence type
barriers,innovation_center_seat_wall_e,,wall_low,ncore,low,2026,"R336, User155234",Curved brick seat wall (east half) framing the round court at the north entrance.,Radius/position estimated.
barriers,innovation_center_seat_wall_w,,wall_low,ncore,low,2026,"R336, User155234",Curved brick seat wall (west half) framing the round court at the north entrance.,Radius/position estimated.; gate gap(s) cut where traced walks cross (merge rule)
barriers,innovation_center_seat_wall_w_g1,,wall_low,ncore,low,2026,"R336, User155234",Curved brick seat wall (west half) framing the round court at the north entrance.,Radius/position estimated.; gate gap(s) cut where traced walks cross (merge rule)
barriers,maintenance_bin_walls,,wall_retaining,west,medium,2022,aerial2022,concrete bunker walls,
barriers,music_center_mech_yard_fence,,fence_iron,ncore,medium,2022,aerial2022,Enclosure with equipment against the music center's west wall.,Fence type not seen.; gate gap(s) cut where traced walks cross (merge rule)
barriers,music_center_mech_yard_fence_g1,,fence_iron,ncore,medium,2022,aerial2022,Enclosure with equipment against the music center's west wall.,Fence type not seen.; gate gap(s) cut where traced walks cross (merge rule)
barriers,music_center_mech_yard_fence_g2,,fence_iron,ncore,medium,2022,aerial2022,Enclosure with equipment against the music center's west wall.,Fence type not seen.; gate gap(s) cut where traced walks cross (merge rule)
barriers,north_hall_mech_yard_screen,,fence_iron,ncore,high,2022,aerial2022,White screen fence around the mechanical (condenser) yard against the north hall's west wall.,
barriers,north_hall_ramp_wall,,wall_retaining,ncore,high,2022,"aerial2022, R200",Concrete wall (with white railing on top) enclosing the front ramp/terrace north of the front stair.,
barriers,north_hall_stair_rail_c,,rail,ncore,high,2022,R306,Centre handrail splitting the front stair into two flights.,
barriers,north_hall_stair_rail_n,,rail,ncore,high,2022,"R200, R306",White pipe railing along the north side of the front stair.,
barriers,north_hall_stair_rail_s,,rail,ncore,high,2022,"R200, R306",White pipe railing along the south side of the front stair.,
barriers,practice_field_fence,,fence_chain,west,medium,2022,aerial2022,"fence line with shadow on W, N and E sides; light poles at the corners",south side open to the walk (assumed)
barriers,racket_courts_fence_ne,,fence_chain,west,low,2026,"wayfinding2026, R055, plan2023p4","layout from the top-down photo R055 (rotated 180 deg to match the 2026 map: 3+3+3 tennis courts, 8 pickleball courts in the SE quadrant, central walks with benches and a pyramid-roof kiosk); scale from tennis court lines (0.142 m/px -> complex ~110 x 80 m); placed from the 2026 map (+-10 m)",exact position and orientation need newer imagery; not in the 2022 aerial
barriers,racket_courts_fence_nw,,fence_chain,west,low,2026,"wayfinding2026, R055, plan2023p4","layout from the top-down photo R055 (rotated 180 deg to match the 2026 map: 3+3+3 tennis courts, 8 pickleball courts in the SE quadrant, central walks with benches and a pyramid-roof kiosk); scale from tennis court lines (0.142 m/px -> complex ~110 x 80 m); placed from the 2026 map (+-10 m)",exact position and orientation need newer imagery; not in the 2022 aerial
barriers,racket_courts_fence_se,,fence_chain,west,low,2026,"wayfinding2026, R055, plan2023p4","layout from the top-down photo R055 (rotated 180 deg to match the 2026 map: 3+3+3 tennis courts, 8 pickleball courts in the SE quadrant, central walks with benches and a pyramid-roof kiosk); scale from tennis court lines (0.142 m/px -> complex ~110 x 80 m); placed from the 2026 map (+-10 m)",exact position and orientation need newer imagery; not in the 2022 aerial
barriers,racket_courts_fence_sw,,fence_chain,west,low,2026,"wayfinding2026, R055, plan2023p4","layout from the top-down photo R055 (rotated 180 deg to match the 2026 map: 3+3+3 tennis courts, 8 pickleball courts in the SE quadrant, central walks with benches and a pyramid-roof kiosk); scale from tennis court lines (0.142 m/px -> complex ~110 x 80 m); placed from the 2026 map (+-10 m)",exact position and orientation need newer imagery; not in the 2022 aerial
barriers,softball_fence,,fence_chain,west,medium,2022,aerial2022,outfield/perimeter fence (dark line and shadow),openings
barriers,stadium_fence_e,,fence_chain,west,medium,2022,"aerial2022, R181",fence line east of the turf (dark line + shadow in aerial),integrator: top end follows the north fence
barriers,stadium_fence_n,,fence_chain,west,low,2022,aerial2022,north end fence inferred from the line at the apron edge,"gates/openings; integrator: moved to the fence line at the field edge (z -202, posts visible in the 2022 aerial); the concrete band north of it is the walk"
barriers,stadium_fence_s,,fence_iron,west,medium,2022,"aerial2022, R181",south fence with gates south of the apron,gate positions
barriers,stadium_rail_w,,rail,west,low,2022,aerial2022,low rail between promenade and turf assumed (typical),verify
barriers,track_complex_fence,,fence_chain,west,low,2026,wayfinding2026,assumed perimeter fence round the venue,existence and line unverified
barriers,trainhall_bed_wall,,wall_low,west,low,2025,R058,low wall edging the planting bed along the south facade,position estimated
barriers,wall_cc_chapel_00,,wall_low,ccore,medium,2022,"aerial2022, R009, R012","low brick garden walls with stone coping ringing the chapel garden, stepped into alcoves with benches",alcove count and depth approximate (12 alcoves modelled)
barriers,wall_cc_chapel_01,,wall_low,ccore,medium,2022,"aerial2022, R009, R012","low brick garden walls with stone coping ringing the chapel garden, stepped into alcoves with benches",alcove count and depth approximate (12 alcoves modelled)
barriers,wall_cc_chapel_02,,wall_low,ccore,medium,2022,"aerial2022, R009, R012","low brick garden walls with stone coping ringing the chapel garden, stepped into alcoves with benches",alcove count and depth approximate (12 alcoves modelled)
barriers,wall_cc_chapel_03,,wall_low,ccore,medium,2022,"aerial2022, R009, R012","low brick garden walls with stone coping ringing the chapel garden, stepped into alcoves with benches",alcove count and depth approximate (12 alcoves modelled)
trees,t_0001,,deciduous,veg,medium,2022,aerial2022,leaf-off 2022 aerial; off-campus context; field is bare; thicket clumps in the wet meadow placed as representative shrubs and small trees,
trees,t_0002,,deciduous,veg,low,2022,aerial2022,leaf-off 2022 aerial; off-campus context; field is bare; thicket clumps in the wet meadow placed as representative shrubs and small trees,
trees,t_0003,,shrub,veg,low,2022,aerial2022,thicket clump representative,
trees,t_0004,,shrub,veg,low,2022,aerial2022,thicket clump representative,
trees,t_0005,,shrub,veg,low,2022,aerial2022,thicket clump representative,
trees,t_0006,,deciduous,veg,low,2022,aerial2022,dark thicket clump,
trees,t_0007,,deciduous,veg,low,2022,aerial2022,dark thicket clump,
trees,t_0008,,shrub,veg,low,2022,aerial2022,thicket clump representative,
trees,t_0009,,shrub,veg,low,2022,aerial2022,thicket clump representative,
trees,t_0010,,shrub,veg,low,2022,aerial2022,thicket clump representative,
trees,t_0011,,conifer,veg,medium,2022,aerial2022,leaf-off 2022 aerial; off-campus edge; woodland as edge trees plus a representative fill (not a count); pines at visible green crowns,
trees,t_0012,,conifer,veg,medium,2022,aerial2022,leaf-off 2022 aerial; off-campus edge; woodland as edge trees plus a representative fill (not a count); pines at visible green crowns,
trees,t_0013,,conifer,veg,medium,2022,aerial2022,leaf-off 2022 aerial; off-campus edge; woodland as edge trees plus a representative fill (not a count); pines at visible green crowns,
trees,t_0014,,deciduous,veg,medium,2022,aerial2022,leaf-off 2022 aerial; off-campus edge; woodland as edge trees plus a representative fill (not a count); pines at visible green crowns,
trees,t_0015,,deciduous,veg,medium,2022,aerial2022,leaf-off 2022 aerial; off-campus edge; woodland as edge trees plus a representative fill (not a count); pines at visible green crowns,
trees,t_0016,,deciduous,veg,medium,2022,aerial2022,leaf-off 2022 aerial; off-campus edge; woodland as edge trees plus a representative fill (not a count); pines at visible green crowns,
trees,t_0017,,deciduous,veg,medium,2022,aerial2022,leaf-off 2022 aerial; off-campus edge; woodland as edge trees plus a representative fill (not a count); pines at visible green crowns,
trees,t_0018,,deciduous,veg,medium,2022,aerial2022,leaf-off 2022 aerial; off-campus edge; woodland as edge trees plus a representative fill (not a count); pines at visible green crowns,
trees,t_0019,,deciduous,veg,medium,2022,aerial2022,leaf-off 2022 aerial; off-campus edge; woodland as edge trees plus a representative fill (not a count); pines at visible green crowns,
trees,t_0020,,conifer,veg,medium,2022,aerial2022,pine stand visible crowns spacing representative,
trees,t_0021,,conifer,veg,medium,2022,aerial2022,pine stand visible crowns spacing representative,
trees,t_0022,,conifer,veg,medium,2022,aerial2022,pine stand visible crowns spacing representative,
trees,t_0023,,conifer,veg,medium,2022,aerial2022,pine stand visible crowns spacing representative,
trees,t_0024,,conifer,veg,medium,2022,aerial2022,pine stand visible crowns spacing representative,
trees,t_0025,,conifer,veg,medium,2022,aerial2022,pine stand visible crowns spacing representative,
trees,t_0026,,conifer,veg,medium,2022,aerial2022,pine stand visible crowns spacing representative,
trees,t_0027,,conifer,veg,medium,2022,aerial2022,pine stand visible crowns spacing representative,
trees,t_0028,,conifer,veg,medium,2022,aerial2022,pine stand visible crowns spacing representative,
trees,t_0029,,conifer,veg,medium,2022,aerial2022,pine stand visible crowns spacing representative,
trees,t_0030,,conifer,veg,medium,2022,aerial2022,pine stand visible crowns spacing representative,
trees,t_0031,,conifer,veg,medium,2022,aerial2022,pine stand visible crowns spacing representative,
trees,t_0032,,conifer,veg,medium,2022,aerial2022,pine stand visible crowns spacing representative,
trees,t_0033,,conifer,veg,medium,2022,aerial2022,pine stand visible crowns spacing representative,
trees,t_0034,,conifer,veg,medium,2022,aerial2022,pine stand visible crowns spacing representative,
trees,t_0035,,conifer,veg,medium,2022,aerial2022,pine stand visible crowns spacing representative,
trees,t_0036,,conifer,veg,medium,2022,aerial2022,pine stand visible crowns spacing representative,
trees,t_0037,,conifer,veg,medium,2022,aerial2022,pine stand visible crowns spacing representative,
trees,t_0038,,conifer,veg,medium,2022,aerial2022,pine stand visible crowns spacing representative,
trees,t_0039,,conifer,veg,medium,2022,aerial2022,pine stand visible crowns spacing representative,
trees,t_0040,,conifer,veg,medium,2022,aerial2022,pine stand visible crowns spacing representative,
trees,t_0041,,conifer,veg,medium,2022,aerial2022,pine stand visible crowns spacing representative,
trees,t_0042,,conifer,veg,medium,2022,aerial2022,pine stand visible crowns spacing representative,
trees,t_0043,,conifer,veg,medium,2022,aerial2022,pine stand visible crowns spacing representative,
trees,t_0044,,conifer,veg,medium,2022,aerial2022,pine stand visible crowns spacing representative,
trees,t_0045,,conifer,veg,medium,2022,aerial2022,pine stand visible crowns spacing representative,
trees,t_0046,,conifer,veg,medium,2022,aerial2022,pine stand visible crowns spacing representative,
trees,t_0047,,conifer,veg,medium,2022,aerial2022,pine stand visible crowns spacing representative,
trees,t_0048,,conifer,veg,medium,2022,aerial2022,pine stand visible crowns spacing representative,
trees,t_0049,,conifer,veg,medium,2022,aerial2022,pine stand visible crowns spacing representative,
trees,t_0050,,conifer,veg,medium,2022,aerial2022,pine stand visible crowns spacing representative,
trees,t_0051,,conifer,veg,medium,2022,aerial2022,pine stand visible crowns spacing representative,
trees,t_0052,,conifer,veg,medium,2022,aerial2022,pine stand visible crowns spacing representative,
trees,t_0053,,conifer,veg,medium,2022,aerial2022,pine stand visible crowns spacing representative,
trees,t_0054,,conifer,veg,medium,2022,aerial2022,pine stand visible crowns spacing representative,
trees,t_0055,,conifer,veg,medium,2022,aerial2022,pine stand visible crowns spacing representative,
trees,t_0056,,conifer,veg,medium,2022,aerial2022,pine stand visible crowns spacing representative,
trees,t_0057,,deciduous,veg,low,2022,aerial2022,representative woodland fill not a count,
trees,t_0058,,deciduous,veg,low,2022,aerial2022,representative woodland fill not a count,
trees,t_0059,,deciduous,veg,low,2022,aerial2022,representative woodland fill not a count,
trees,t_0060,,deciduous,veg,low,2022,aerial2022,representative woodland fill not a count,
trees,t_0061,,deciduous,veg,low,2022,aerial2022,representative woodland fill not a count,
trees,t_0062,,deciduous,veg,low,2022,aerial2022,representative woodland fill not a count,
trees,t_0063,,deciduous,veg,low,2022,aerial2022,representative woodland fill not a count,
trees,t_0064,,deciduous,veg,low,2022,aerial2022,representative woodland fill not a count,
trees,t_0065,,deciduous,veg,low,2022,aerial2022,representative woodland fill not a count,
trees,t_0066,,deciduous,veg,low,2022,aerial2022,representative woodland fill not a count,
trees,t_0067,,deciduous,veg,low,2022,aerial2022,representative woodland fill not a count,
trees,t_0068,,deciduous,veg,low,2022,aerial2022,representative woodland fill not a count,
trees,t_0069,,deciduous,veg,low,2022,aerial2022,representative woodland fill not a count,
trees,t_0070,,deciduous,veg,low,2022,aerial2022,representative woodland fill not a count,
trees,t_0071,,deciduous,veg,low,2022,aerial2022,representative woodland fill not a count,
trees,t_0072,,deciduous,veg,low,2022,aerial2022,representative woodland fill not a count,
trees,t_0073,,deciduous,veg,low,2022,aerial2022,representative woodland fill not a count,
trees,t_0074,,deciduous,veg,low,2022,aerial2022,representative woodland fill not a count,
trees,t_0075,,deciduous,veg,low,2022,aerial2022,representative woodland fill not a count,
trees,t_0076,,deciduous,veg,low,2022,aerial2022,representative woodland fill not a count,
trees,t_0077,,deciduous,veg,low,2022,aerial2022,representative woodland fill not a count,
trees,t_0078,,deciduous,veg,low,2022,aerial2022,representative woodland fill not a count,
trees,t_0079,,deciduous,veg,low,2022,aerial2022,representative woodland fill not a count,
trees,t_0080,,deciduous,veg,low,2022,aerial2022,representative woodland fill not a count,
trees,t_0081,,deciduous,veg,low,2022,aerial2022,representative woodland fill not a count,
trees,t_0082,,deciduous,veg,low,2022,aerial2022,representative woodland fill not a count,
trees,t_0083,,deciduous,veg,low,2022,aerial2022,representative woodland fill not a count,
trees,t_0084,,deciduous,veg,low,2022,aerial2022,representative woodland fill not a count,
trees,t_0085,,deciduous,veg,low,2022,aerial2022,representative woodland fill not a count,
trees,t_0086,,deciduous,veg,low,2022,aerial2022,representative woodland fill not a count,
trees,t_0087,,deciduous,veg,low,2022,aerial2022,representative woodland fill not a count,
trees,t_0088,,deciduous,veg,low,2022,aerial2022,representative woodland fill not a count,
trees,t_0089,,deciduous,veg,low,2022,aerial2022,representative woodland fill not a count,
trees,t_0090,,deciduous,veg,low,2022,aerial2022,representative woodland fill not a count,
trees,t_0091,,deciduous,veg,low,2022,aerial2022,representative woodland fill not a count,
trees,t_0092,,deciduous,veg,low,2022,aerial2022,representative woodland fill not a count,
trees,t_0093,,deciduous,veg,low,2022,aerial2022,representative woodland fill not a count,
trees,t_0094,,deciduous,veg,low,2022,aerial2022,representative woodland fill not a count,
trees,t_0095,,deciduous,veg,low,2022,aerial2022,representative woodland fill not a count,
trees,t_0096,,deciduous,veg,low,2022,aerial2022,representative woodland fill not a count,
trees,t_0097,,deciduous,veg,low,2022,aerial2022,representative woodland fill not a count,
trees,t_0098,,deciduous,veg,low,2022,aerial2022,representative woodland fill not a count,
trees,t_0099,,deciduous,veg,low,2022,aerial2022,representative woodland fill not a count,
trees,t_0100,,deciduous,veg,low,2022,aerial2022,representative woodland fill not a count,
trees,t_0101,,deciduous,veg,low,2022,aerial2022,representative woodland fill not a count,
trees,t_0102,,deciduous,veg,low,2022,aerial2022,representative woodland fill not a count,
trees,t_0103,,deciduous,veg,low,2022,aerial2022,representative woodland fill not a count,
trees,t_0104,,deciduous,veg,low,2022,aerial2022,representative woodland fill not a count,
trees,t_0105,,deciduous,veg,low,2022,aerial2022,representative woodland fill not a count,
trees,t_0106,,deciduous,veg,low,2022,aerial2022,representative woodland fill not a count,
trees,t_0107,,deciduous,veg,low,2022,aerial2022,representative woodland fill not a count,
trees,t_0108,,deciduous,veg,low,2022,aerial2022,representative woodland fill not a count,
trees,t_0109,,deciduous,veg,low,2022,aerial2022,representative woodland fill not a count,
trees,t_0110,,deciduous,veg,low,2022,aerial2022,representative woodland fill not a count,
trees,t_0111,,deciduous,veg,low,2022,aerial2022,representative woodland fill not a count,
trees,t_0112,,deciduous,veg,low,2022,aerial2022,representative woodland fill not a count,
trees,t_0113,,deciduous,veg,low,2022,aerial2022,representative woodland fill not a count,
trees,t_0114,,deciduous,veg,low,2022,aerial2022,representative woodland fill not a count,
trees,t_0115,,conifer,veg,medium,2022,aerial2022,leaf-off 2022 aerial; off-campus edge; spruces from dark crowns with NW shadows; woodland as edge trees plus a representative fill (not a count),
trees,t_0116,,conifer,veg,medium,2022,aerial2022,leaf-off 2022 aerial; off-campus edge; spruces from dark crowns with NW shadows; woodland as edge trees plus a representative fill (not a count),
trees,t_0117,,conifer,veg,medium,2022,aerial2022,leaf-off 2022 aerial; off-campus edge; spruces from dark crowns with NW shadows; woodland as edge trees plus a representative fill (not a count),
trees,t_0118,,conifer,veg,high,2022,aerial2022,leaf-off 2022 aerial; off-campus edge; spruces from dark crowns with NW shadows; woodland as edge trees plus a representative fill (not a count),
trees,t_0119,,conifer,veg,high,2022,aerial2022,leaf-off 2022 aerial; off-campus edge; spruces from dark crowns with NW shadows; woodland as edge trees plus a representative fill (not a count),
trees,t_0120,,conifer,veg,high,2022,aerial2022,leaf-off 2022 aerial; off-campus edge; spruces from dark crowns with NW shadows; woodland as edge trees plus a representative fill (not a count),
trees,t_0121,,conifer,veg,high,2022,aerial2022,leaf-off 2022 aerial; off-campus edge; spruces from dark crowns with NW shadows; woodland as edge trees plus a representative fill (not a count),
trees,t_0122,,conifer,veg,high,2022,aerial2022,leaf-off 2022 aerial; off-campus edge; spruces from dark crowns with NW shadows; woodland as edge trees plus a representative fill (not a count),
trees,t_0123,,deciduous,veg,medium,2022,aerial2022,leaf-off 2022 aerial; off-campus edge; spruces from dark crowns with NW shadows; woodland as edge trees plus a representative fill (not a count),
trees,t_0124,,deciduous,veg,medium,2022,aerial2022,leaf-off 2022 aerial; off-campus edge; spruces from dark crowns with NW shadows; woodland as edge trees plus a representative fill (not a count),
trees,t_0125,,deciduous,veg,medium,2022,aerial2022,leaf-off 2022 aerial; off-campus edge; spruces from dark crowns with NW shadows; woodland as edge trees plus a representative fill (not a count),
trees,t_0126,,deciduous,veg,medium,2022,aerial2022,leaf-off 2022 aerial; off-campus edge; spruces from dark crowns with NW shadows; woodland as edge trees plus a representative fill (not a count),
trees,t_0127,,deciduous,veg,medium,2022,aerial2022,leaf-off 2022 aerial; off-campus edge; spruces from dark crowns with NW shadows; woodland as edge trees plus a representative fill (not a count),
trees,t_0128,,deciduous,veg,medium,2022,aerial2022,leaf-off 2022 aerial; off-campus edge; spruces from dark crowns with NW shadows; woodland as edge trees plus a representative fill (not a count),
trees,t_0129,,deciduous,veg,medium,2022,aerial2022,leaf-off 2022 aerial; off-campus edge; spruces from dark crowns with NW shadows; woodland as edge trees plus a representative fill (not a count),
trees,t_0130,,deciduous,veg,medium,2022,aerial2022,leaf-off 2022 aerial; off-campus edge; spruces from dark crowns with NW shadows; woodland as edge trees plus a representative fill (not a count),
trees,t_0131,,deciduous,veg,low,2022,aerial2022,representative woodland fill not a count,
trees,t_0132,,deciduous,veg,low,2022,aerial2022,representative woodland fill not a count,
trees,t_0133,,deciduous,veg,low,2022,aerial2022,representative woodland fill not a count,
trees,t_0134,,deciduous,veg,low,2022,aerial2022,representative woodland fill not a count,
trees,t_0135,,deciduous,veg,low,2022,aerial2022,representative woodland fill not a count,
trees,t_0136,,deciduous,veg,low,2022,aerial2022,representative woodland fill not a count,
trees,t_0137,,deciduous,veg,low,2022,aerial2022,representative woodland fill not a count,
trees,t_0138,,deciduous,veg,low,2022,aerial2022,representative woodland fill not a count,
trees,t_0139,,deciduous,veg,low,2022,aerial2022,representative woodland fill not a count,
trees,t_0140,,deciduous,veg,low,2022,aerial2022,representative woodland fill not a count,
trees,t_0141,,deciduous,veg,low,2022,aerial2022,representative woodland fill not a count,
trees,t_0142,,deciduous,veg,low,2022,aerial2022,representative woodland fill not a count,
trees,t_0143,,deciduous,veg,low,2022,aerial2022,representative woodland fill not a count,
trees,t_0144,,deciduous,veg,low,2022,aerial2022,representative woodland fill not a count,
trees,t_0145,,deciduous,veg,low,2022,aerial2022,representative woodland fill not a count,
trees,t_0146,,deciduous,veg,low,2022,aerial2022,representative woodland fill not a count,
trees,t_0147,,deciduous,veg,low,2022,aerial2022,representative woodland fill not a count,
trees,t_0148,,deciduous,veg,low,2022,aerial2022,representative woodland fill not a count,
trees,t_0149,,deciduous,veg,low,2022,aerial2022,representative woodland fill not a count,
trees,t_0150,,deciduous,veg,low,2022,aerial2022,representative woodland fill not a count,
trees,t_0151,,deciduous,veg,low,2022,aerial2022,representative woodland fill not a count,
trees,t_0152,,deciduous,veg,low,2022,aerial2022,representative woodland fill not a count,
trees,t_0153,,deciduous,veg,low,2022,aerial2022,representative woodland fill not a count,
trees,t_0154,,deciduous,veg,low,2022,aerial2022,representative woodland fill not a count,
trees,t_0155,,deciduous,veg,low,2022,aerial2022,representative woodland fill not a count,
trees,t_0156,,deciduous,veg,low,2022,aerial2022,representative woodland fill not a count,
trees,t_0157,,deciduous,veg,low,2022,aerial2022,representative woodland fill not a count,
trees,t_0158,,deciduous,veg,low,2022,aerial2022,representative woodland fill not a count,
trees,t_0159,,deciduous,veg,low,2022,aerial2022,representative woodland fill not a count,
trees,t_0160,,deciduous,veg,low,2022,aerial2022,representative woodland fill not a count,
trees,t_0161,,deciduous,veg,low,2022,aerial2022,representative woodland fill not a count,
trees,t_0162,,deciduous,veg,low,2022,aerial2022,representative woodland fill not a count,
trees,t_0163,,deciduous,veg,low,2022,aerial2022,representative woodland fill not a count,
trees,t_0164,,deciduous,veg,low,2022,aerial2022,representative woodland fill not a count,
trees,t_0165,,deciduous,veg,low,2022,aerial2022,representative woodland fill not a count,
trees,t_0166,,deciduous,veg,low,2022,aerial2022,representative woodland fill not a count,
trees,t_0167,,deciduous,veg,low,2022,aerial2022,representative woodland fill not a count,
trees,t_0168,,deciduous,veg,low,2022,aerial2022,representative woodland fill not a count,
trees,t_0169,,deciduous,veg,low,2022,aerial2022,representative woodland fill not a count,
trees,t_0170,,deciduous,veg,low,2022,aerial2022,representative woodland fill not a count,
trees,t_0171,,deciduous,veg,low,2022,aerial2022,representative woodland fill not a count,
trees,t_0172,,deciduous,veg,low,2022,aerial2022,representative woodland fill not a count,
trees,t_0173,,deciduous,veg,low,2022,aerial2022,representative woodland fill not a count,
trees,t_0174,,deciduous,veg,low,2022,aerial2022,representative woodland fill not a count,
trees,t_0175,,deciduous,veg,low,2022,aerial2022,representative woodland fill not a count,
trees,t_0176,,deciduous,veg,low,2022,aerial2022,representative woodland fill not a count,
trees,t_0177,,deciduous,veg,low,2022,aerial2022,representative woodland fill not a count,
trees,t_0178,,deciduous,veg,low,2022,aerial2022,representative woodland fill not a count,
trees,t_0179,,deciduous,veg,low,2022,aerial2022,representative woodland fill not a count,
trees,t_0180,,deciduous,veg,low,2022,aerial2022,representative woodland fill not a count,
trees,t_0181,,deciduous,veg,low,2022,aerial2022,representative woodland fill not a count,
trees,t_0182,,deciduous,veg,low,2022,aerial2022,representative woodland fill not a count,
trees,t_0183,,deciduous,veg,low,2022,aerial2022,representative woodland fill not a count,
trees,t_0184,,deciduous,veg,low,2022,aerial2022,representative woodland fill not a count,
trees,t_0185,,deciduous,veg,medium,2022,aerial2022,leaf-off 2022 aerial; woodland traced by its edge trees with a representative interior fill (not a count),
trees,t_0186,,deciduous,veg,medium,2022,aerial2022,leaf-off 2022 aerial; woodland traced by its edge trees with a representative interior fill (not a count),
trees,t_0187,,deciduous,veg,medium,2022,aerial2022,leaf-off 2022 aerial; woodland traced by its edge trees with a representative interior fill (not a count),
trees,t_0188,,deciduous,veg,medium,2022,aerial2022,leaf-off 2022 aerial; woodland traced by its edge trees with a representative interior fill (not a count),
trees,t_0189,,deciduous,veg,medium,2022,aerial2022,leaf-off 2022 aerial; woodland traced by its edge trees with a representative interior fill (not a count),
trees,t_0190,,deciduous,veg,medium,2022,aerial2022,leaf-off 2022 aerial; woodland traced by its edge trees with a representative interior fill (not a count),
trees,t_0191,,deciduous,veg,medium,2022,aerial2022,leaf-off 2022 aerial; woodland traced by its edge trees with a representative interior fill (not a count),
trees,t_0192,,deciduous,veg,medium,2022,aerial2022,leaf-off 2022 aerial; woodland traced by its edge trees with a representative interior fill (not a count),
trees,t_0193,,deciduous,veg,medium,2022,aerial2022,leaf-off 2022 aerial; woodland traced by its edge trees with a representative interior fill (not a count),
trees,t_0194,,deciduous,veg,medium,2022,aerial2022,leaf-off 2022 aerial; woodland traced by its edge trees with a representative interior fill (not a count),
trees,t_0195,,deciduous,veg,medium,2022,aerial2022,leaf-off 2022 aerial; woodland traced by its edge trees with a representative interior fill (not a count),
trees,t_0196,,conifer,veg,medium,2022,aerial2022,leaf-off 2022 aerial; woodland traced by its edge trees with a representative interior fill (not a count),
trees,t_0197,,deciduous,veg,low,2022,aerial2022,representative woodland fill not a count,
trees,t_0198,,deciduous,veg,low,2022,aerial2022,representative woodland fill not a count,
trees,t_0199,,deciduous,veg,low,2022,aerial2022,representative woodland fill not a count,
trees,t_0200,,deciduous,veg,low,2022,aerial2022,representative woodland fill not a count,
trees,t_0201,,deciduous,veg,low,2022,aerial2022,representative woodland fill not a count,
trees,t_0202,,deciduous,veg,low,2022,aerial2022,representative woodland fill not a count,
trees,t_0203,,deciduous,veg,low,2022,aerial2022,representative woodland fill not a count,
trees,t_0204,,deciduous,veg,low,2022,aerial2022,representative woodland fill not a count,
trees,t_0205,,deciduous,veg,low,2022,aerial2022,representative woodland fill not a count,
trees,t_0206,,deciduous,veg,low,2022,aerial2022,representative woodland fill not a count,
trees,t_0207,,deciduous,veg,low,2022,aerial2022,representative woodland fill not a count,
trees,t_0208,,deciduous,veg,low,2022,aerial2022,representative woodland fill not a count,
trees,t_0209,,deciduous,veg,low,2022,aerial2022,representative woodland fill not a count,
trees,t_0210,,deciduous,veg,low,2022,aerial2022,representative woodland fill not a count,
trees,t_0211,,deciduous,veg,low,2022,aerial2022,representative woodland fill not a count,
trees,t_0212,,deciduous,veg,low,2022,aerial2022,representative woodland fill not a count,
trees,t_0213,,deciduous,veg,low,2022,aerial2022,representative woodland fill not a count,
trees,t_0214,,deciduous,veg,low,2022,aerial2022,representative woodland fill not a count,
trees,t_0215,,deciduous,veg,low,2022,aerial2022,representative woodland fill not a count,
trees,t_0216,,deciduous,veg,low,2022,aerial2022,representative woodland fill not a count,
trees,t_0217,,deciduous,veg,low,2022,aerial2022,representative woodland fill not a count,
trees,t_0218,,deciduous,veg,low,2022,aerial2022,representative woodland fill not a count,
trees,t_0219,,deciduous,veg,low,2022,aerial2022,representative woodland fill not a count,
trees,t_0220,,deciduous,veg,low,2022,aerial2022,representative woodland fill not a count,
trees,t_0221,,deciduous,veg,low,2022,aerial2022,representative woodland fill not a count,
trees,t_0222,,deciduous,veg,low,2022,aerial2022,representative woodland fill not a count,
trees,t_0223,,deciduous,veg,low,2022,aerial2022,representative woodland fill not a count,
trees,t_0224,,deciduous,veg,low,2022,aerial2022,representative woodland fill not a count,
trees,t_0225,,deciduous,veg,low,2022,aerial2022,representative woodland fill not a count,
trees,t_0226,,deciduous,veg,low,2022,aerial2022,representative woodland fill not a count,
trees,t_0227,,deciduous,veg,low,2022,aerial2022,representative woodland fill not a count,
trees,t_0228,,deciduous,veg,low,2022,aerial2022,representative woodland fill not a count,
trees,t_0229,,deciduous,veg,low,2022,aerial2022,representative woodland fill not a count,
trees,t_0230,,deciduous,veg,low,2022,aerial2022,representative woodland fill not a count,
trees,t_0231,,deciduous,veg,low,2022,aerial2022,representative woodland fill not a count,
trees,t_0232,,deciduous,veg,low,2022,aerial2022,representative woodland fill not a count,
trees,t_0233,,deciduous,veg,low,2022,aerial2022,representative woodland fill not a count,
trees,t_0234,,deciduous,veg,low,2022,aerial2022,representative woodland fill not a count,
trees,t_0235,,deciduous,veg,low,2022,aerial2022,representative woodland fill not a count,
trees,t_0236,,deciduous,veg,low,2022,aerial2022,representative woodland fill not a count,
trees,t_0237,,deciduous,veg,low,2022,aerial2022,representative woodland fill not a count,
trees,t_0238,,deciduous,veg,low,2022,aerial2022,representative woodland fill not a count,
trees,t_0239,,deciduous,veg,low,2022,aerial2022,representative woodland fill not a count,
trees,t_0240,,deciduous,veg,low,2022,aerial2022,representative woodland fill not a count,
trees,t_0241,,deciduous,veg,low,2022,aerial2022,representative woodland fill not a count,
trees,t_0242,,deciduous,veg,low,2022,aerial2022,representative woodland fill not a count,
trees,t_0243,,deciduous,veg,low,2022,aerial2022,representative woodland fill not a count,
trees,t_0244,,deciduous,veg,low,2022,aerial2022,representative woodland fill not a count,
trees,t_0245,,deciduous,veg,low,2022,aerial2022,representative woodland fill not a count,
trees,t_0246,,conifer,veg,medium,2022,aerial2022,leaf-off 2022 aerial; off-campus woodland as a representative fill (not a count); visible lawn-edge trees placed,
trees,t_0247,,deciduous,veg,medium,2022,aerial2022,leaf-off 2022 aerial; off-campus woodland as a representative fill (not a count); visible lawn-edge trees placed,
trees,t_0248,,deciduous,veg,medium,2022,aerial2022,leaf-off 2022 aerial; off-campus woodland as a representative fill (not a count); visible lawn-edge trees placed,
trees,t_0249,,deciduous,veg,low,2022,aerial2022,leaf-off 2022 aerial; off-campus woodland as a representative fill (not a count); visible lawn-edge trees placed,
trees,t_0250,,deciduous,veg,low,2022,aerial2022,leaf-off 2022 aerial; off-campus woodland as a representative fill (not a count); visible lawn-edge trees placed,
trees,t_0251,,deciduous,veg,low,2022,aerial2022,representative woodland fill not a count,
trees,t_0252,,deciduous,veg,low,2022,aerial2022,representative woodland fill not a count,
trees,t_0253,,deciduous,veg,low,2022,aerial2022,representative woodland fill not a count,
trees,t_0254,,deciduous,veg,low,2022,aerial2022,representative woodland fill not a count,
trees,t_0255,,deciduous,veg,low,2022,aerial2022,representative woodland fill not a count,
trees,t_0256,,deciduous,veg,low,2022,aerial2022,representative woodland fill not a count,
trees,t_0257,,deciduous,veg,low,2022,aerial2022,representative woodland fill not a count,
trees,t_0258,,deciduous,veg,low,2022,aerial2022,representative woodland fill not a count,
trees,t_0259,,deciduous,veg,low,2022,aerial2022,representative woodland fill not a count,
trees,t_0260,,deciduous,veg,low,2022,aerial2022,representative woodland fill not a count,
trees,t_0261,,deciduous,veg,low,2022,aerial2022,representative woodland fill not a count,
trees,t_0262,,deciduous,veg,low,2022,aerial2022,representative woodland fill not a count,
trees,t_0263,,deciduous,veg,low,2022,aerial2022,representative woodland fill not a count,
trees,t_0264,,deciduous,veg,low,2022,aerial2022,representative woodland fill not a count,
trees,t_0265,,deciduous,veg,low,2022,aerial2022,representative woodland fill not a count,
trees,t_0266,,deciduous,veg,low,2022,aerial2022,representative woodland fill not a count,
trees,t_0267,,deciduous,veg,low,2022,aerial2022,representative woodland fill not a count,
trees,t_0268,,deciduous,veg,low,2022,aerial2022,representative woodland fill not a count,
trees,t_0269,,deciduous,veg,low,2022,aerial2022,representative woodland fill not a count,
trees,t_0270,,deciduous,veg,low,2022,aerial2022,representative woodland fill not a count,
trees,t_0271,,deciduous,veg,low,2022,aerial2022,representative woodland fill not a count,
trees,t_0272,,deciduous,veg,low,2022,aerial2022,representative woodland fill not a count,
trees,t_0273,,deciduous,veg,low,2022,aerial2022,representative woodland fill not a count,
trees,t_0274,,deciduous,veg,low,2022,aerial2022,representative woodland fill not a count,
trees,t_0275,,deciduous,veg,low,2022,aerial2022,representative woodland fill not a count,
trees,t_0276,,deciduous,veg,low,2022,aerial2022,representative woodland fill not a count,
trees,t_0277,,deciduous,veg,low,2022,aerial2022,representative woodland fill not a count,
trees,t_0278,,deciduous,veg,low,2022,aerial2022,representative woodland fill not a count,
trees,t_0279,,deciduous,veg,low,2022,aerial2022,representative woodland fill not a count,
trees,t_0280,,deciduous,veg,low,2022,aerial2022,representative woodland fill not a count,
trees,t_0281,,deciduous,veg,low,2022,aerial2022,representative woodland fill not a count,
trees,t_0282,,deciduous,veg,low,2022,aerial2022,representative woodland fill not a count,
trees,t_0283,,deciduous,veg,low,2022,aerial2022,representative woodland fill not a count,
trees,t_0284,,deciduous,veg,low,2022,aerial2022,representative woodland fill not a count,
trees,t_0285,,deciduous,veg,low,2022,aerial2022,representative woodland fill not a count,
trees,t_0286,,deciduous,veg,low,2022,aerial2022,representative woodland fill not a count,
trees,t_0287,,deciduous,veg,low,2022,aerial2022,representative woodland fill not a count,
trees,t_0288,,deciduous,veg,low,2022,aerial2022,representative woodland fill not a count,
trees,t_0289,,deciduous,veg,low,2022,aerial2022,representative woodland fill not a count,
trees,t_0290,,deciduous,veg,low,2022,aerial2022,representative woodland fill not a count,
trees,t_0291,,deciduous,veg,low,2022,aerial2022,representative woodland fill not a count,
trees,t_0292,,deciduous,veg,low,2022,aerial2022,representative woodland fill not a count,
trees,t_0293,,deciduous,veg,low,2022,aerial2022,representative woodland fill not a count,
trees,t_0294,,deciduous,veg,low,2022,aerial2022,representative woodland fill not a count,
trees,t_0295,,deciduous,veg,low,2022,aerial2022,representative woodland fill not a count,
trees,t_0296,,deciduous,veg,low,2022,aerial2022,representative woodland fill not a count,
trees,t_0297,,deciduous,veg,low,2022,aerial2022,representative woodland fill not a count,
trees,t_0298,,deciduous,veg,low,2022,aerial2022,representative woodland fill not a count,
trees,t_0299,,deciduous,veg,low,2022,aerial2022,representative woodland fill not a count,
trees,t_0300,,deciduous,veg,low,2022,aerial2022,representative woodland fill not a count,
trees,t_0301,,deciduous,veg,low,2022,aerial2022,representative woodland fill not a count,
trees,t_0302,,deciduous,veg,low,2022,aerial2022,representative woodland fill not a count,
trees,t_0303,,deciduous,veg,low,2022,aerial2022,representative woodland fill not a count,
trees,t_0304,,deciduous,veg,low,2022,aerial2022,representative woodland fill not a count,
trees,t_0305,,deciduous,veg,low,2022,aerial2022,representative woodland fill not a count,
trees,t_0306,,deciduous,veg,low,2022,aerial2022,representative woodland fill not a count,
trees,t_0307,,deciduous,veg,low,2022,aerial2022,representative woodland fill not a count,
trees,t_0308,,deciduous,veg,low,2022,aerial2022,representative woodland fill not a count,
trees,t_0309,,deciduous,veg,low,2022,aerial2022,representative woodland fill not a count,
trees,t_0310,,deciduous,veg,low,2022,aerial2022,representative woodland fill not a count,
trees,t_0311,,deciduous,veg,low,2022,aerial2022,representative woodland fill not a count,
trees,t_0312,,deciduous,veg,low,2022,aerial2022,representative woodland fill not a count,
trees,t_0313,,deciduous,veg,low,2022,aerial2022,representative woodland fill not a count,
trees,t_0314,,deciduous,veg,low,2022,aerial2022,representative woodland fill not a count,
trees,t_0315,,deciduous,veg,low,2022,aerial2022,representative woodland fill not a count,
trees,t_0316,,deciduous,veg,low,2022,aerial2022,representative woodland fill not a count,
trees,t_0317,,deciduous,veg,low,2022,aerial2022,representative woodland fill not a count,
trees,t_0318,,deciduous,veg,low,2022,aerial2022,representative woodland fill not a count,
trees,t_0319,,deciduous,veg,low,2022,aerial2022,representative woodland fill not a count,
trees,t_0320,,deciduous,veg,low,2022,aerial2022,representative woodland fill not a count,
trees,t_0321,,deciduous,veg,low,2022,aerial2022,representative woodland fill not a count,
trees,t_0322,,deciduous,veg,low,2022,aerial2022,representative woodland fill not a count,
trees,t_0323,,deciduous,veg,low,2022,aerial2022,representative woodland fill not a count,
trees,t_0324,,deciduous,veg,low,2022,aerial2022,representative woodland fill not a count,
trees,t_0325,,deciduous,veg,low,2022,aerial2022,representative woodland fill not a count,
trees,t_0326,,deciduous,veg,low,2022,aerial2022,representative woodland fill not a count,
trees,t_0327,,deciduous,veg,low,2022,aerial2022,representative woodland fill not a count,
trees,t_0328,,deciduous,veg,low,2022,aerial2022,representative woodland fill not a count,
trees,t_0329,,deciduous,veg,low,2022,aerial2022,representative woodland fill not a count,
trees,t_0330,,deciduous,veg,low,2022,aerial2022,representative woodland fill not a count,
trees,t_0331,,deciduous,veg,low,2022,aerial2022,representative woodland fill not a count,
trees,t_0332,,deciduous,veg,low,2022,aerial2022,representative woodland fill not a count,
trees,t_0333,,deciduous,veg,low,2022,aerial2022,representative woodland fill not a count,
trees,t_0334,,deciduous,veg,low,2022,aerial2022,representative woodland fill not a count,
trees,t_0335,,deciduous,veg,low,2022,aerial2022,representative woodland fill not a count,
trees,t_0336,,deciduous,veg,low,2022,aerial2022,representative woodland fill not a count,
trees,t_0337,,deciduous,veg,low,2022,aerial2022,representative woodland fill not a count,
trees,t_0338,,deciduous,veg,low,2022,aerial2022,representative woodland fill not a count,
trees,t_0339,,deciduous,veg,low,2022,aerial2022,representative woodland fill not a count,
trees,t_0340,,deciduous,veg,low,2022,aerial2022,representative woodland fill not a count,
trees,t_0341,,deciduous,veg,low,2022,aerial2022,representative woodland fill not a count,
trees,t_0342,,deciduous,veg,low,2022,aerial2022,representative woodland fill not a count,
trees,t_0343,,deciduous,veg,low,2022,aerial2022,representative woodland fill not a count,
trees,t_0344,,deciduous,veg,low,2022,aerial2022,representative woodland fill not a count,
trees,t_0345,,deciduous,veg,low,2022,aerial2022,representative woodland fill not a count,
trees,t_0346,,deciduous,veg,low,2022,aerial2022,representative woodland fill not a count,
trees,t_0347,,deciduous,veg,low,2022,aerial2022,representative woodland fill not a count,
trees,t_0348,,deciduous,veg,low,2022,aerial2022,representative woodland fill not a count,
trees,t_0349,,deciduous,veg,low,2022,aerial2022,representative woodland fill not a count,
trees,t_0350,,deciduous,veg,low,2022,aerial2022,representative woodland fill not a count,
trees,t_0351,,deciduous,veg,low,2022,aerial2022,representative woodland fill not a count,
trees,t_0352,,deciduous,veg,low,2022,aerial2022,representative woodland fill not a count,
trees,t_0353,,deciduous,veg,low,2022,aerial2022,representative woodland fill not a count,
trees,t_0354,,deciduous,veg,low,2022,aerial2022,representative woodland fill not a count,
trees,t_0355,,deciduous,veg,low,2022,aerial2022,representative woodland fill not a count,
trees,t_0356,,deciduous,veg,low,2022,aerial2022,representative woodland fill not a count,
trees,t_0357,,deciduous,veg,low,2022,aerial2022,representative woodland fill not a count,
trees,t_0358,,deciduous,veg,low,2022,aerial2022,representative woodland fill not a count,
trees,t_0359,,deciduous,veg,low,2022,aerial2022,representative woodland fill not a count,
trees,t_0360,,deciduous,veg,low,2022,aerial2022,representative woodland fill not a count,
trees,t_0361,,deciduous,veg,low,2022,aerial2022,representative woodland fill not a count,
trees,t_0362,,deciduous,veg,low,2022,aerial2022,representative woodland fill not a count,
trees,t_0363,,deciduous,veg,low,2022,aerial2022,representative woodland fill not a count,
trees,t_0364,,deciduous,veg,low,2022,aerial2022,representative woodland fill not a count,
trees,t_0365,,deciduous,veg,low,2022,aerial2022,representative woodland fill not a count,
trees,t_0366,,deciduous,veg,low,2022,aerial2022,representative woodland fill not a count,
trees,t_0367,,deciduous,veg,low,2022,aerial2022,representative woodland fill not a count,
trees,t_0368,,deciduous,veg,low,2022,aerial2022,representative woodland fill not a count,
trees,t_0369,,deciduous,veg,low,2022,aerial2022,representative woodland fill not a count,
trees,t_0370,,deciduous,veg,low,2022,aerial2022,representative woodland fill not a count,
trees,t_0371,,deciduous,veg,low,2022,aerial2022,representative woodland fill not a count,
trees,t_0372,,deciduous,veg,low,2022,aerial2022,lone tree on the lawn between the drives,
trees,t_0373,,deciduous,veg,low,2022,aerial2022,representative woodland fill not a count,
trees,t_0374,,deciduous,veg,low,2022,aerial2022,representative woodland fill not a count,
trees,t_0375,,deciduous,veg,low,2022,aerial2022,representative woodland fill not a count,
trees,t_0376,,deciduous,veg,low,2022,aerial2022,representative woodland fill not a count,
trees,t_0377,,deciduous,veg,low,2022,aerial2022,representative woodland fill not a count,
trees,t_0378,,deciduous,veg,low,2022,aerial2022,representative woodland fill not a count,
trees,t_0379,,deciduous,veg,low,2022,aerial2022,representative woodland fill not a count,
trees,t_0380,,deciduous,veg,low,2022,aerial2022,representative woodland fill not a count,
trees,t_0381,,deciduous,veg,low,2022,aerial2022,representative woodland fill not a count,
trees,t_0382,,deciduous,veg,low,2022,aerial2022,representative woodland fill not a count,
trees,t_0383,,deciduous,veg,low,2022,aerial2022,representative woodland fill not a count,
trees,t_0384,,deciduous,veg,low,2022,aerial2022,representative woodland fill not a count,
trees,t_0385,,deciduous,veg,low,2022,aerial2022,representative woodland fill not a count,
trees,t_0386,,deciduous,veg,low,2022,aerial2022,representative woodland fill not a count,
trees,t_0387,,deciduous,veg,low,2022,aerial2022,representative woodland fill not a count,
trees,t_0388,,deciduous,veg,low,2022,aerial2022,representative woodland fill not a count,
trees,t_0389,,deciduous,veg,low,2022,aerial2022,representative woodland fill not a count,
trees,t_0390,,deciduous,veg,low,2022,aerial2022,representative woodland fill not a count,
trees,t_0391,,deciduous,veg,low,2022,aerial2022,representative woodland fill not a count,
trees,t_0392,,deciduous,veg,low,2022,aerial2022,representative woodland fill not a count,
trees,t_0393,,deciduous,veg,low,2022,aerial2022,representative woodland fill not a count,
trees,t_0394,,deciduous,veg,low,2022,aerial2022,representative woodland fill not a count,
trees,t_0395,,deciduous,veg,low,2022,aerial2022,representative woodland fill not a count,
trees,t_0396,,deciduous,veg,low,2022,aerial2022,representative woodland fill not a count,
trees,t_0397,,deciduous,veg,low,2022,aerial2022,representative woodland fill not a count,
trees,t_0398,,deciduous,veg,low,2022,aerial2022,representative woodland fill not a count,
trees,t_0399,,deciduous,veg,low,2022,aerial2022,representative woodland fill not a count,
trees,t_0400,,deciduous,veg,low,2022,aerial2022,representative woodland fill not a count,
trees,t_0401,,deciduous,veg,low,2022,aerial2022,representative woodland fill not a count,
trees,t_0402,,deciduous,veg,low,2022,aerial2022,representative woodland fill not a count,
trees,t_0403,,deciduous,veg,low,2022,aerial2022,representative woodland fill not a count,
trees,t_0404,,deciduous,veg,low,2022,aerial2022,representative woodland fill not a count,
trees,t_0405,,deciduous,veg,low,2022,aerial2022,representative woodland fill not a count,
trees,t_0406,,deciduous,veg,low,2022,aerial2022,representative woodland fill not a count,
trees,t_0407,,deciduous,veg,low,2022,aerial2022,representative woodland fill not a count,
trees,t_0408,,deciduous,veg,low,2022,aerial2022,representative woodland fill not a count,
trees,t_0409,,deciduous,veg,low,2022,aerial2022,representative woodland fill not a count,
trees,t_0410,,deciduous,veg,low,2022,aerial2022,representative woodland fill not a count,
trees,t_0411,,deciduous,veg,low,2022,aerial2022,representative woodland fill not a count,
trees,t_0412,,deciduous,veg,low,2022,aerial2022,representative woodland fill not a count,
trees,t_0413,,deciduous,veg,low,2022,aerial2022,representative woodland fill not a count,
trees,t_0414,,deciduous,veg,low,2022,aerial2022,representative woodland fill not a count,
trees,t_0415,,deciduous,veg,low,2022,aerial2022,representative woodland fill not a count,
trees,t_0416,,deciduous,veg,low,2022,aerial2022,representative woodland fill not a count,
trees,t_0417,,deciduous,veg,low,2022,aerial2022,representative woodland fill not a count,
trees,t_0418,,deciduous,veg,low,2022,aerial2022,representative woodland fill not a count,
trees,t_0419,,deciduous,veg,low,2022,aerial2022,representative woodland fill not a count,
trees,t_0420,,deciduous,veg,low,2022,aerial2022,representative woodland fill not a count,
trees,t_0421,,deciduous,veg,low,2022,aerial2022,representative woodland fill not a count,
trees,t_0422,,deciduous,veg,low,2022,aerial2022,representative woodland fill not a count,
trees,t_0423,,deciduous,veg,low,2022,aerial2022,representative woodland fill not a count,
trees,t_0424,,deciduous,veg,low,2022,aerial2022,representative woodland fill not a count,
trees,t_0425,,deciduous,veg,low,2022,aerial2022,representative woodland fill not a count,
trees,t_0426,,deciduous,veg,low,2022,aerial2022,representative woodland fill not a count,
trees,t_0427,,deciduous,veg,low,2022,aerial2022,representative woodland fill not a count,
trees,t_0428,,deciduous,veg,low,2022,aerial2022,representative woodland fill not a count,
trees,t_0429,,deciduous,veg,low,2022,aerial2022,representative woodland fill not a count,
trees,t_0430,,deciduous,veg,low,2022,aerial2022,representative woodland fill not a count,
trees,t_0431,,deciduous,veg,low,2022,aerial2022,representative woodland fill not a count,
trees,t_0432,,deciduous,veg,low,2022,aerial2022,representative woodland fill not a count,
trees,t_0433,,deciduous,veg,low,2022,aerial2022,representative woodland fill not a count,
trees,t_0434,,deciduous,veg,low,2022,aerial2022,representative woodland fill not a count,
trees,t_0435,,deciduous,veg,low,2022,aerial2022,representative woodland fill not a count,
trees,t_0436,,deciduous,veg,low,2022,aerial2022,representative woodland fill not a count,
trees,t_0437,,deciduous,veg,low,2022,aerial2022,representative woodland fill not a count,
trees,t_0438,,deciduous,veg,low,2022,aerial2022,representative woodland fill not a count,
trees,t_0439,,deciduous,veg,low,2022,aerial2022,representative woodland fill not a count,
trees,t_0440,,deciduous,veg,low,2022,aerial2022,representative woodland fill not a count,
trees,t_0441,,deciduous,veg,low,2022,aerial2022,representative woodland fill not a count,
trees,t_0442,,deciduous,veg,low,2022,aerial2022,representative woodland fill not a count,
trees,t_0443,,deciduous,veg,low,2022,aerial2022,representative woodland fill not a count,
trees,t_0444,,deciduous,veg,low,2022,aerial2022,representative woodland fill not a count,
trees,t_0445,,deciduous,veg,low,2022,aerial2022,representative woodland fill not a count,
trees,t_0446,,deciduous,veg,low,2022,aerial2022,representative woodland fill not a count,
trees,t_0447,,deciduous,veg,low,2022,aerial2022,representative woodland fill not a count,
trees,t_0448,,deciduous,veg,low,2022,aerial2022,representative woodland fill not a count,
trees,t_0449,,deciduous,veg,low,2022,aerial2022,representative woodland fill not a count,
trees,t_0450,,deciduous,veg,low,2022,aerial2022,representative woodland fill not a count,
trees,t_0451,,deciduous,veg,low,2022,aerial2022,representative woodland fill not a count,
trees,t_0452,,deciduous,veg,low,2022,aerial2022,representative woodland fill not a count,
trees,t_0453,,deciduous,veg,low,2022,aerial2022,representative woodland fill not a count,
trees,t_0454,,deciduous,veg,low,2022,aerial2022,representative woodland fill not a count,
trees,t_0455,,deciduous,veg,low,2022,aerial2022,representative woodland fill not a count,
trees,t_0456,,deciduous,veg,low,2022,aerial2022,representative woodland fill not a count,
trees,t_0457,,deciduous,veg,low,2022,aerial2022,representative woodland fill not a count,
trees,t_0458,,deciduous,veg,low,2022,aerial2022,representative woodland fill not a count,
trees,t_0459,,deciduous,veg,low,2022,aerial2022,representative woodland fill not a count,
trees,t_0460,,deciduous,veg,low,2022,aerial2022,representative woodland fill not a count,
trees,t_0461,,deciduous,veg,low,2022,aerial2022,representative woodland fill not a count,
trees,t_0462,,deciduous,veg,low,2022,aerial2022,representative woodland fill not a count,
trees,t_0463,,deciduous,veg,low,2022,aerial2022,representative woodland fill not a count,
trees,t_0464,,deciduous,veg,low,2022,aerial2022,representative woodland fill not a count,
trees,t_0465,,deciduous,veg,low,2022,aerial2022,representative woodland fill not a count,
trees,t_0466,,deciduous,veg,low,2022,aerial2022,representative woodland fill not a count,
trees,t_0467,,deciduous,veg,low,2022,aerial2022,representative woodland fill not a count,
trees,t_0468,,deciduous,veg,low,2022,aerial2022,representative woodland fill not a count,
trees,t_0469,,deciduous,veg,low,2022,aerial2022,representative woodland fill not a count,
trees,t_0470,,deciduous,veg,low,2022,aerial2022,representative woodland fill not a count,
trees,t_0471,,deciduous,veg,low,2022,aerial2022,representative woodland fill not a count,
trees,t_0472,,deciduous,veg,low,2022,aerial2022,representative woodland fill not a count,
trees,t_0473,,deciduous,veg,low,2022,aerial2022,representative woodland fill not a count,
trees,t_0474,,deciduous,veg,low,2022,aerial2022,representative woodland fill not a count,
trees,t_0475,,deciduous,veg,low,2022,aerial2022,representative woodland fill not a count,
trees,t_0476,,deciduous,veg,low,2022,aerial2022,representative woodland fill not a count,
trees,t_0477,,deciduous,veg,low,2022,aerial2022,representative woodland fill not a count,
trees,t_0478,,deciduous,veg,low,2022,aerial2022,representative woodland fill not a count,
trees,t_0479,,deciduous,veg,low,2022,aerial2022,representative woodland fill not a count,
trees,t_0480,,deciduous,veg,low,2022,aerial2022,representative woodland fill not a count,
trees,t_0481,,deciduous,veg,low,2022,aerial2022,representative woodland fill not a count,
trees,t_0482,,deciduous,veg,low,2022,aerial2022,representative woodland fill not a count,
trees,t_0483,,deciduous,veg,low,2022,aerial2022,representative woodland fill not a count,
trees,t_0484,,deciduous,veg,low,2022,aerial2022,representative woodland fill not a count,
trees,t_0485,,deciduous,veg,low,2022,aerial2022,representative woodland fill not a count,
trees,t_0486,,deciduous,veg,low,2022,aerial2022,representative woodland fill not a count,
trees,t_0487,,deciduous,veg,low,2022,aerial2022,representative woodland fill not a count,
trees,t_0488,,deciduous,veg,low,2022,aerial2022,representative woodland fill not a count,
trees,t_0489,,deciduous,veg,low,2022,aerial2022,representative woodland fill not a count,
trees,t_0490,,deciduous,veg,low,2022,aerial2022,representative woodland fill not a count,
trees,t_0491,,deciduous,veg,low,2022,aerial2022,representative woodland fill not a count,
trees,t_0492,,deciduous,veg,low,2022,aerial2022,representative woodland fill not a count,
trees,t_0493,,deciduous,veg,low,2022,aerial2022,representative woodland fill not a count,
trees,t_0494,,deciduous,veg,low,2022,aerial2022,representative woodland fill not a count,
trees,t_0495,,deciduous,veg,low,2022,aerial2022,representative woodland fill not a count,
trees,t_0496,,deciduous,veg,medium,2022,aerial2022,leaf-off 2022 aerial; off-campus context: large farmstead trees from crowns/shadows; woodland as edge trees plus a representative fill (not a count),
trees,t_0497,,deciduous,veg,medium,2022,aerial2022,large old tree by the farmhouse,
trees,t_0498,,conifer,veg,medium,2022,aerial2022,leaf-off 2022 aerial; off-campus context: large farmstead trees from crowns/shadows; woodland as edge trees plus a representative fill (not a count),
trees,t_0499,,deciduous,veg,low,2022,aerial2022,leaf-off 2022 aerial; off-campus context: large farmstead trees from crowns/shadows; woodland as edge trees plus a representative fill (not a count),
trees,t_0500,,deciduous,veg,low,2022,aerial2022,leaf-off 2022 aerial; off-campus context: large farmstead trees from crowns/shadows; woodland as edge trees plus a representative fill (not a count),
trees,t_0501,,deciduous,veg,medium,2022,aerial2022,leaf-off 2022 aerial; off-campus context: large farmstead trees from crowns/shadows; woodland as edge trees plus a representative fill (not a count),
trees,t_0502,,deciduous,veg,medium,2022,aerial2022,leaf-off 2022 aerial; off-campus context: large farmstead trees from crowns/shadows; woodland as edge trees plus a representative fill (not a count),
trees,t_0503,,conifer,veg,medium,2022,aerial2022,leaf-off 2022 aerial; off-campus context: large farmstead trees from crowns/shadows; woodland as edge trees plus a representative fill (not a count),
trees,t_0504,,conifer,veg,high,2022,aerial2022,leaf-off 2022 aerial; off-campus context: large farmstead trees from crowns/shadows; woodland as edge trees plus a representative fill (not a count),
trees,t_0505,,conifer,veg,medium,2022,aerial2022,leaf-off 2022 aerial; off-campus context: large farmstead trees from crowns/shadows; woodland as edge trees plus a representative fill (not a count),
trees,t_0506,,conifer,veg,medium,2022,aerial2022,leaf-off 2022 aerial; off-campus context: large farmstead trees from crowns/shadows; woodland as edge trees plus a representative fill (not a count),
trees,t_0507,,conifer,veg,medium,2022,aerial2022,leaf-off 2022 aerial; off-campus context: large farmstead trees from crowns/shadows; woodland as edge trees plus a representative fill (not a count),
trees,t_0508,,conifer,veg,medium,2022,aerial2022,leaf-off 2022 aerial; off-campus context: large farmstead trees from crowns/shadows; woodland as edge trees plus a representative fill (not a count),
trees,t_0509,,deciduous,veg,medium,2022,aerial2022,leaf-off 2022 aerial; off-campus context: large farmstead trees from crowns/shadows; woodland as edge trees plus a representative fill (not a count),
trees,t_0510,,deciduous,veg,medium,2022,aerial2022,leaf-off 2022 aerial; off-campus context: large farmstead trees from crowns/shadows; woodland as edge trees plus a representative fill (not a count),
trees,t_0511,,deciduous,veg,medium,2022,aerial2022,leaf-off 2022 aerial; off-campus context: large farmstead trees from crowns/shadows; woodland as edge trees plus a representative fill (not a count),
trees,t_0512,,deciduous,veg,medium,2022,aerial2022,leaf-off 2022 aerial; off-campus context: large farmstead trees from crowns/shadows; woodland as edge trees plus a representative fill (not a count),
trees,t_0513,,deciduous,veg,medium,2022,aerial2022,leaf-off 2022 aerial; off-campus context: large farmstead trees from crowns/shadows; woodland as edge trees plus a representative fill (not a count),
trees,t_0514,,deciduous,veg,medium,2022,aerial2022,leaf-off 2022 aerial; off-campus context: large farmstead trees from crowns/shadows; woodland as edge trees plus a representative fill (not a count),
trees,t_0515,,deciduous,veg,low,2022,aerial2022,representative woodland fill not a count,
trees,t_0516,,deciduous,veg,low,2022,aerial2022,representative woodland fill not a count,
trees,t_0517,,deciduous,veg,low,2022,aerial2022,representative woodland fill not a count,
trees,t_0518,,deciduous,veg,low,2022,aerial2022,representative woodland fill not a count,
trees,t_0519,,deciduous,veg,low,2022,aerial2022,representative woodland fill not a count,
trees,t_0520,,deciduous,veg,low,2022,aerial2022,representative woodland fill not a count,
trees,t_0521,,deciduous,veg,low,2022,aerial2022,representative woodland fill not a count,
trees,t_0522,,deciduous,veg,low,2022,aerial2022,representative woodland fill not a count,
trees,t_0523,,deciduous,veg,low,2022,aerial2022,representative woodland fill not a count,
trees,t_0524,,deciduous,veg,low,2022,aerial2022,representative woodland fill not a count,
trees,t_0525,,deciduous,veg,low,2022,aerial2022,representative woodland fill not a count,
trees,t_0526,,deciduous,veg,low,2022,aerial2022,representative woodland fill not a count,
trees,t_0527,,deciduous,veg,low,2022,aerial2022,representative woodland fill not a count,
trees,t_0528,,deciduous,veg,low,2022,aerial2022,representative woodland fill not a count,
trees,t_0529,,deciduous,veg,low,2022,aerial2022,representative woodland fill not a count,
trees,t_0530,,deciduous,veg,low,2022,aerial2022,representative woodland fill not a count,
trees,t_0531,,deciduous,veg,low,2022,aerial2022,representative woodland fill not a count,
trees,t_0532,,deciduous,veg,low,2022,aerial2022,representative woodland fill not a count,
trees,t_0533,,deciduous,veg,low,2022,aerial2022,representative woodland fill not a count,
trees,t_0534,,deciduous,veg,low,2022,aerial2022,representative woodland fill not a count,
trees,t_0535,,deciduous,veg,low,2022,aerial2022,representative woodland fill not a count,
trees,t_0536,,deciduous,veg,low,2022,aerial2022,representative woodland fill not a count,
trees,t_0537,,deciduous,veg,low,2022,aerial2022,representative woodland fill not a count,
trees,t_0538,,deciduous,veg,low,2022,aerial2022,representative woodland fill not a count,
trees,t_0539,,deciduous,veg,low,2022,aerial2022,representative woodland fill not a count,
trees,t_0540,,deciduous,veg,low,2022,aerial2022,representative woodland fill not a count,
trees,t_0541,,deciduous,veg,low,2022,aerial2022,representative woodland fill not a count,
trees,t_0542,,deciduous,veg,low,2022,aerial2022,representative woodland fill not a count,
trees,t_0543,,deciduous,veg,low,2022,aerial2022,representative woodland fill not a count,
trees,t_0544,,deciduous,veg,low,2022,aerial2022,representative woodland fill not a count,
trees,t_0545,,deciduous,veg,low,2022,aerial2022,representative woodland fill not a count,
trees,t_0546,,deciduous,veg,low,2022,aerial2022,representative woodland fill not a count,
trees,t_0547,,deciduous,veg,low,2022,aerial2022,representative woodland fill not a count,
trees,t_0548,,deciduous,veg,low,2022,aerial2022,representative woodland fill not a count,
trees,t_0549,,deciduous,veg,low,2022,aerial2022,representative woodland fill not a count,
trees,t_0550,,deciduous,veg,low,2022,aerial2022,representative woodland fill not a count,
trees,t_0551,,deciduous,veg,low,2022,aerial2022,representative woodland fill not a count,
trees,t_0552,,deciduous,veg,low,2022,aerial2022,representative woodland fill not a count,
trees,t_0553,,deciduous,veg,low,2022,aerial2022,representative woodland fill not a count,
trees,t_0554,,deciduous,veg,low,2022,aerial2022,representative woodland fill not a count,
trees,t_0555,,deciduous,veg,low,2022,aerial2022,representative woodland fill not a count,
trees,t_0556,,deciduous,veg,low,2022,aerial2022,representative woodland fill not a count,
trees,t_0557,,deciduous,veg,low,2022,aerial2022,representative woodland fill not a count,
trees,t_0558,,conifer,veg,high,2022,aerial2022,leaf-off 2022 aerial; spruces from green crowns at the SE end of their long shadows; woodland as edge trees plus a representative fill (not a count),
trees,t_0559,,conifer,veg,high,2022,aerial2022,leaf-off 2022 aerial; spruces from green crowns at the SE end of their long shadows; woodland as edge trees plus a representative fill (not a count),
trees,t_0560,,conifer,veg,high,2022,aerial2022,leaf-off 2022 aerial; spruces from green crowns at the SE end of their long shadows; woodland as edge trees plus a representative fill (not a count),
trees,t_0561,,conifer,veg,high,2022,aerial2022,leaf-off 2022 aerial; spruces from green crowns at the SE end of their long shadows; woodland as edge trees plus a representative fill (not a count),
trees,t_0562,,conifer,veg,high,2022,aerial2022,leaf-off 2022 aerial; spruces from green crowns at the SE end of their long shadows; woodland as edge trees plus a representative fill (not a count),
trees,t_0563,,conifer,veg,medium,2022,aerial2022,leaf-off 2022 aerial; spruces from green crowns at the SE end of their long shadows; woodland as edge trees plus a representative fill (not a count),
trees,t_0564,,conifer,veg,high,2022,aerial2022,leaf-off 2022 aerial; spruces from green crowns at the SE end of their long shadows; woodland as edge trees plus a representative fill (not a count),
trees,t_0565,,conifer,veg,high,2022,aerial2022,leaf-off 2022 aerial; spruces from green crowns at the SE end of their long shadows; woodland as edge trees plus a representative fill (not a count),
trees,t_0566,,conifer,veg,high,2022,aerial2022,leaf-off 2022 aerial; spruces from green crowns at the SE end of their long shadows; woodland as edge trees plus a representative fill (not a count),
trees,t_0567,,deciduous,veg,medium,2022,aerial2022,leaf-off 2022 aerial; spruces from green crowns at the SE end of their long shadows; woodland as edge trees plus a representative fill (not a count),
trees,t_0568,,deciduous,veg,medium,2022,aerial2022,leaf-off 2022 aerial; spruces from green crowns at the SE end of their long shadows; woodland as edge trees plus a representative fill (not a count),
trees,t_0569,,deciduous,veg,medium,2022,aerial2022,leaf-off 2022 aerial; spruces from green crowns at the SE end of their long shadows; woodland as edge trees plus a representative fill (not a count),
trees,t_0570,,deciduous,veg,medium,2022,aerial2022,leaf-off 2022 aerial; spruces from green crowns at the SE end of their long shadows; woodland as edge trees plus a representative fill (not a count),
trees,t_0571,,deciduous,veg,medium,2022,aerial2022,leaf-off 2022 aerial; spruces from green crowns at the SE end of their long shadows; woodland as edge trees plus a representative fill (not a count),
trees,t_0572,,deciduous,veg,medium,2022,aerial2022,leaf-off 2022 aerial; spruces from green crowns at the SE end of their long shadows; woodland as edge trees plus a representative fill (not a count),
trees,t_0573,,deciduous,veg,medium,2022,aerial2022,leaf-off 2022 aerial; spruces from green crowns at the SE end of their long shadows; woodland as edge trees plus a representative fill (not a count),
trees,t_0574,,deciduous,veg,medium,2022,aerial2022,leaf-off 2022 aerial; spruces from green crowns at the SE end of their long shadows; woodland as edge trees plus a representative fill (not a count),
trees,t_0575,,deciduous,veg,medium,2022,aerial2022,leaf-off 2022 aerial; spruces from green crowns at the SE end of their long shadows; woodland as edge trees plus a representative fill (not a count),
trees,t_0576,,deciduous,veg,medium,2022,aerial2022,leaf-off 2022 aerial; spruces from green crowns at the SE end of their long shadows; woodland as edge trees plus a representative fill (not a count),
trees,t_0577,,deciduous,veg,medium,2022,aerial2022,leaf-off 2022 aerial; spruces from green crowns at the SE end of their long shadows; woodland as edge trees plus a representative fill (not a count),
trees,t_0578,,deciduous,veg,low,2022,aerial2022,representative mixed woodland fill not a count,
trees,t_0579,,deciduous,veg,low,2022,aerial2022,representative mixed woodland fill not a count,
trees,t_0580,,conifer,veg,low,2022,aerial2022,representative mixed woodland fill not a count,
trees,t_0581,,deciduous,veg,low,2022,aerial2022,representative mixed woodland fill not a count,
trees,t_0582,,deciduous,veg,low,2022,aerial2022,representative mixed woodland fill not a count,
trees,t_0583,,deciduous,veg,low,2022,aerial2022,representative mixed woodland fill not a count,
trees,t_0584,,conifer,veg,low,2022,aerial2022,representative mixed woodland fill not a count,
trees,t_0585,,deciduous,veg,low,2022,aerial2022,representative mixed woodland fill not a count,
trees,t_0586,,deciduous,veg,low,2022,aerial2022,representative mixed woodland fill not a count,
trees,t_0587,,conifer,veg,low,2022,aerial2022,representative mixed woodland fill not a count,
trees,t_0588,,deciduous,veg,low,2022,aerial2022,representative mixed woodland fill not a count,
trees,t_0589,,deciduous,veg,low,2022,aerial2022,representative mixed woodland fill not a count,
trees,t_0590,,deciduous,veg,low,2022,aerial2022,representative mixed woodland fill not a count,
trees,t_0591,,deciduous,veg,low,2022,aerial2022,representative mixed woodland fill not a count,
trees,t_0592,,conifer,veg,low,2022,aerial2022,representative mixed woodland fill not a count,
trees,t_0593,,deciduous,veg,low,2022,aerial2022,representative mixed woodland fill not a count,
trees,t_0594,,deciduous,veg,low,2022,aerial2022,representative mixed woodland fill not a count,
trees,t_0595,,deciduous,veg,low,2022,aerial2022,representative mixed woodland fill not a count,
trees,t_0596,,conifer,veg,low,2022,aerial2022,representative mixed woodland fill not a count,
trees,t_0597,,deciduous,veg,low,2022,aerial2022,representative mixed woodland fill not a count,
trees,t_0598,,conifer,veg,low,2022,aerial2022,representative mixed woodland fill not a count,
trees,t_0599,,deciduous,veg,low,2022,aerial2022,representative mixed woodland fill not a count,
trees,t_0600,,deciduous,veg,low,2022,aerial2022,representative mixed woodland fill not a count,
trees,t_0601,,deciduous,veg,low,2022,aerial2022,representative mixed woodland fill not a count,
trees,t_0602,,conifer,veg,low,2022,aerial2022,representative mixed woodland fill not a count,
trees,t_0603,,conifer,veg,low,2022,aerial2022,representative mixed woodland fill not a count,
trees,t_0604,,deciduous,veg,low,2022,aerial2022,representative mixed woodland fill not a count,
trees,t_0605,,conifer,veg,low,2022,aerial2022,representative mixed woodland fill not a count,
trees,t_0606,,deciduous,veg,low,2022,aerial2022,representative mixed woodland fill not a count,
trees,t_0607,,deciduous,veg,low,2022,aerial2022,representative mixed woodland fill not a count,
trees,t_0608,,deciduous,veg,low,2022,aerial2022,representative mixed woodland fill not a count,
trees,t_0609,,conifer,veg,high,2022,aerial2022,"leaf-off 2022 aerial; spruces from dark crowns with long NW shadows; the 2022 practice field became the racket court complex in 2024 (west zone), spruces of the east column that fall inside it are dropped as removed",
trees,t_0610,,conifer,veg,high,2022,aerial2022,"leaf-off 2022 aerial; spruces from dark crowns with long NW shadows; the 2022 practice field became the racket court complex in 2024 (west zone), spruces of the east column that fall inside it are dropped as removed",
trees,t_0611,,conifer,veg,high,2022,aerial2022,"leaf-off 2022 aerial; spruces from dark crowns with long NW shadows; the 2022 practice field became the racket court complex in 2024 (west zone), spruces of the east column that fall inside it are dropped as removed",
trees,t_0612,,conifer,veg,high,2022,aerial2022,"leaf-off 2022 aerial; spruces from dark crowns with long NW shadows; the 2022 practice field became the racket court complex in 2024 (west zone), spruces of the east column that fall inside it are dropped as removed",
trees,t_0613,,conifer,veg,high,2022,aerial2022,"leaf-off 2022 aerial; spruces from dark crowns with long NW shadows; the 2022 practice field became the racket court complex in 2024 (west zone), spruces of the east column that fall inside it are dropped as removed",
trees,t_0614,,conifer,veg,high,2022,aerial2022,"leaf-off 2022 aerial; spruces from dark crowns with long NW shadows; the 2022 practice field became the racket court complex in 2024 (west zone), spruces of the east column that fall inside it are dropped as removed",
trees,t_0615,,conifer,veg,high,2022,aerial2022,"leaf-off 2022 aerial; spruces from dark crowns with long NW shadows; the 2022 practice field became the racket court complex in 2024 (west zone), spruces of the east column that fall inside it are dropped as removed",
trees,t_0616,,conifer,veg,high,2022,aerial2022,"leaf-off 2022 aerial; spruces from dark crowns with long NW shadows; the 2022 practice field became the racket court complex in 2024 (west zone), spruces of the east column that fall inside it are dropped as removed",
trees,t_0617,,conifer,veg,high,2022,aerial2022,"leaf-off 2022 aerial; spruces from dark crowns with long NW shadows; the 2022 practice field became the racket court complex in 2024 (west zone), spruces of the east column that fall inside it are dropped as removed",
trees,t_0618,,conifer,veg,high,2022,aerial2022,"leaf-off 2022 aerial; spruces from dark crowns with long NW shadows; the 2022 practice field became the racket court complex in 2024 (west zone), spruces of the east column that fall inside it are dropped as removed",
trees,t_0619,,conifer,veg,high,2022,aerial2022,"leaf-off 2022 aerial; spruces from dark crowns with long NW shadows; the 2022 practice field became the racket court complex in 2024 (west zone), spruces of the east column that fall inside it are dropped as removed",
trees,t_0620,,deciduous,veg,medium,2022,aerial2022,"leaf-off 2022 aerial; spruces from dark crowns with long NW shadows; the 2022 practice field became the racket court complex in 2024 (west zone), spruces of the east column that fall inside it are dropped as removed",
trees,t_0621,,deciduous,veg,high,2022,aerial2022,"leaf-off 2022 aerial; spruces from dark crowns with long NW shadows; the 2022 practice field became the racket court complex in 2024 (west zone), spruces of the east column that fall inside it are dropped as removed",
trees,t_0622,,deciduous,veg,high,2022,aerial2022,"leaf-off 2022 aerial; spruces from dark crowns with long NW shadows; the 2022 practice field became the racket court complex in 2024 (west zone), spruces of the east column that fall inside it are dropped as removed",
trees,t_0623,,deciduous,veg,high,2022,aerial2022,"leaf-off 2022 aerial; spruces from dark crowns with long NW shadows; the 2022 practice field became the racket court complex in 2024 (west zone), spruces of the east column that fall inside it are dropped as removed",
trees,t_0624,,shrub,veg,medium,2022,aerial2022,ring of small plantings round the lawn circle,
trees,t_0625,,shrub,veg,medium,2022,aerial2022,ring of small plantings round the lawn circle,
trees,t_0626,,shrub,veg,medium,2022,aerial2022,ring of small plantings round the lawn circle,
trees,t_0627,,shrub,veg,medium,2022,aerial2022,ring of small plantings round the lawn circle,
trees,t_0628,,shrub,veg,medium,2022,aerial2022,ring of small plantings round the lawn circle,
trees,t_0629,,shrub,veg,medium,2022,aerial2022,ring of small plantings round the lawn circle,
trees,t_0630,,shrub,veg,medium,2022,aerial2022,ring of small plantings round the lawn circle,
trees,t_0631,,shrub,veg,medium,2022,aerial2022,ring of small plantings round the lawn circle,
trees,t_0632,,shrub,veg,medium,2022,aerial2022,ring of small plantings round the lawn circle,
trees,t_0633,,shrub,veg,medium,2022,aerial2022,ring of small plantings round the lawn circle,
trees,t_0634,,shrub,veg,medium,2022,aerial2022,ring of small plantings round the lawn circle,
trees,t_0635,,shrub,veg,medium,2022,aerial2022,ring of small plantings round the lawn circle,
trees,t_0636,,shrub,veg,medium,2022,aerial2022,ring of small plantings round the lawn circle,
trees,t_0637,,shrub,veg,medium,2022,aerial2022,ring of small plantings round the lawn circle,
trees,t_0638,,shrub,veg,medium,2022,aerial2022,ring of small plantings round the lawn circle,
trees,t_0639,,shrub,veg,medium,2022,aerial2022,ring of small plantings round the lawn circle,
trees,t_0640,,deciduous,veg,medium,2022,aerial2022,"leaf-off 2022 aerial; mostly paved and turf, few trees; trunks at the SE end of their shadows",
trees,t_0641,,deciduous,veg,medium,2022,aerial2022,"leaf-off 2022 aerial; mostly paved and turf, few trees; trunks at the SE end of their shadows",
trees,t_0642,,deciduous,veg,low,2022,aerial2022,small tree or post shadow uncertain,
trees,t_0643,,conifer,veg,medium,2022,aerial2022,leaf-off 2022 aerial; lawn conifers from dark crowns with NW shadows; woodland as edge trees plus a representative fill (not a count),
trees,t_0644,,conifer,veg,medium,2022,aerial2022,leaf-off 2022 aerial; lawn conifers from dark crowns with NW shadows; woodland as edge trees plus a representative fill (not a count),
trees,t_0645,,conifer,veg,medium,2022,aerial2022,leaf-off 2022 aerial; lawn conifers from dark crowns with NW shadows; woodland as edge trees plus a representative fill (not a count),
trees,t_0646,,conifer,veg,medium,2022,aerial2022,leaf-off 2022 aerial; lawn conifers from dark crowns with NW shadows; woodland as edge trees plus a representative fill (not a count),
trees,t_0647,,deciduous,veg,medium,2022,aerial2022,leaf-off 2022 aerial; lawn conifers from dark crowns with NW shadows; woodland as edge trees plus a representative fill (not a count),
trees,t_0648,,deciduous,veg,medium,2022,aerial2022,leaf-off 2022 aerial; lawn conifers from dark crowns with NW shadows; woodland as edge trees plus a representative fill (not a count),
trees,t_0649,,deciduous,veg,medium,2022,aerial2022,leaf-off 2022 aerial; lawn conifers from dark crowns with NW shadows; woodland as edge trees plus a representative fill (not a count),
trees,t_0650,,conifer,veg,medium,2022,aerial2022,leaf-off 2022 aerial; lawn conifers from dark crowns with NW shadows; woodland as edge trees plus a representative fill (not a count),
trees,t_0651,,deciduous,veg,low,2022,aerial2022,leaf-off 2022 aerial; lawn conifers from dark crowns with NW shadows; woodland as edge trees plus a representative fill (not a count),
trees,t_0652,,deciduous,veg,medium,2022,aerial2022,leaf-off 2022 aerial; lawn conifers from dark crowns with NW shadows; woodland as edge trees plus a representative fill (not a count),
trees,t_0653,,deciduous,veg,medium,2022,aerial2022,leaf-off 2022 aerial; lawn conifers from dark crowns with NW shadows; woodland as edge trees plus a representative fill (not a count),
trees,t_0654,,deciduous,veg,medium,2022,aerial2022,leaf-off 2022 aerial; lawn conifers from dark crowns with NW shadows; woodland as edge trees plus a representative fill (not a count),
trees,t_0655,,deciduous,veg,medium,2022,aerial2022,leaf-off 2022 aerial; lawn conifers from dark crowns with NW shadows; woodland as edge trees plus a representative fill (not a count),
trees,t_0656,,deciduous,veg,medium,2022,aerial2022,leaf-off 2022 aerial; lawn conifers from dark crowns with NW shadows; woodland as edge trees plus a representative fill (not a count),
trees,t_0657,,deciduous,veg,medium,2022,aerial2022,leaf-off 2022 aerial; lawn conifers from dark crowns with NW shadows; woodland as edge trees plus a representative fill (not a count),
trees,t_0658,,deciduous,veg,medium,2022,aerial2022,leaf-off 2022 aerial; lawn conifers from dark crowns with NW shadows; woodland as edge trees plus a representative fill (not a count),
trees,t_0659,,deciduous,veg,medium,2022,aerial2022,leaf-off 2022 aerial; lawn conifers from dark crowns with NW shadows; woodland as edge trees plus a representative fill (not a count),
trees,t_0660,,deciduous,veg,medium,2022,aerial2022,leaf-off 2022 aerial; lawn conifers from dark crowns with NW shadows; woodland as edge trees plus a representative fill (not a count),
trees,t_0661,,deciduous,veg,low,2022,aerial2022,representative woodland fill not a count,
trees,t_0662,,deciduous,veg,low,2022,aerial2022,representative woodland fill not a count,
trees,t_0663,,deciduous,veg,low,2022,aerial2022,representative woodland fill not a count,
trees,t_0664,,deciduous,veg,low,2022,aerial2022,representative woodland fill not a count,
trees,t_0665,,deciduous,veg,low,2022,aerial2022,representative woodland fill not a count,
trees,t_0666,,deciduous,veg,low,2022,aerial2022,representative woodland fill not a count,
trees,t_0667,,deciduous,veg,low,2022,aerial2022,representative woodland fill not a count,
trees,t_0668,,deciduous,veg,low,2022,aerial2022,representative woodland fill not a count,
trees,t_0669,,deciduous,veg,low,2022,aerial2022,representative woodland fill not a count,
trees,t_0670,,deciduous,veg,low,2022,aerial2022,representative woodland fill not a count,
trees,t_0671,,deciduous,veg,low,2022,aerial2022,representative woodland fill not a count,
trees,t_0672,,deciduous,veg,low,2022,aerial2022,representative woodland fill not a count,
trees,t_0673,,deciduous,veg,low,2022,aerial2022,representative woodland fill not a count,
trees,t_0674,,deciduous,veg,low,2022,aerial2022,representative woodland fill not a count,
trees,t_0675,,deciduous,veg,low,2022,aerial2022,representative woodland fill not a count,
trees,t_0676,,deciduous,veg,low,2022,aerial2022,representative woodland fill not a count,
trees,t_0677,,deciduous,veg,low,2022,aerial2022,representative woodland fill not a count,
trees,t_0678,,deciduous,veg,low,2022,aerial2022,representative woodland fill not a count,
trees,t_0679,,deciduous,veg,low,2022,aerial2022,representative woodland fill not a count,
trees,t_0680,,deciduous,veg,low,2022,aerial2022,representative woodland fill not a count,
trees,t_0681,,deciduous,veg,low,2022,aerial2022,representative woodland fill not a count,
trees,t_0682,,deciduous,veg,low,2022,aerial2022,representative woodland fill not a count,
trees,t_0683,,deciduous,veg,low,2022,aerial2022,representative woodland fill not a count,
trees,t_0684,,conifer,veg,high,2022,aerial2022,leaf-off 2022 aerial; woodland as edge trees plus a representative fill (not a count); spruce row counted from the green crowns,
trees,t_0685,,conifer,veg,high,2022,aerial2022,leaf-off 2022 aerial; woodland as edge trees plus a representative fill (not a count); spruce row counted from the green crowns,
trees,t_0686,,conifer,veg,high,2022,aerial2022,leaf-off 2022 aerial; woodland as edge trees plus a representative fill (not a count); spruce row counted from the green crowns,
trees,t_0687,,conifer,veg,high,2022,aerial2022,leaf-off 2022 aerial; woodland as edge trees plus a representative fill (not a count); spruce row counted from the green crowns,
trees,t_0688,,conifer,veg,high,2022,aerial2022,leaf-off 2022 aerial; woodland as edge trees plus a representative fill (not a count); spruce row counted from the green crowns,
trees,t_0689,,conifer,veg,high,2022,aerial2022,leaf-off 2022 aerial; woodland as edge trees plus a representative fill (not a count); spruce row counted from the green crowns,
trees,t_0690,,conifer,veg,high,2022,aerial2022,leaf-off 2022 aerial; woodland as edge trees plus a representative fill (not a count); spruce row counted from the green crowns,
trees,t_0691,,conifer,veg,high,2022,aerial2022,leaf-off 2022 aerial; woodland as edge trees plus a representative fill (not a count); spruce row counted from the green crowns,
trees,t_0692,,conifer,veg,high,2022,aerial2022,leaf-off 2022 aerial; woodland as edge trees plus a representative fill (not a count); spruce row counted from the green crowns,
trees,t_0693,,conifer,veg,high,2022,aerial2022,leaf-off 2022 aerial; woodland as edge trees plus a representative fill (not a count); spruce row counted from the green crowns,
trees,t_0694,,conifer,veg,high,2022,aerial2022,leaf-off 2022 aerial; woodland as edge trees plus a representative fill (not a count); spruce row counted from the green crowns,
trees,t_0695,,conifer,veg,high,2022,aerial2022,leaf-off 2022 aerial; woodland as edge trees plus a representative fill (not a count); spruce row counted from the green crowns,
trees,t_0696,,conifer,veg,high,2022,aerial2022,leaf-off 2022 aerial; woodland as edge trees plus a representative fill (not a count); spruce row counted from the green crowns,
trees,t_0697,,conifer,veg,high,2022,aerial2022,leaf-off 2022 aerial; woodland as edge trees plus a representative fill (not a count); spruce row counted from the green crowns,
trees,t_0698,,conifer,veg,high,2022,aerial2022,leaf-off 2022 aerial; woodland as edge trees plus a representative fill (not a count); spruce row counted from the green crowns,
trees,t_0699,,conifer,veg,high,2022,aerial2022,leaf-off 2022 aerial; woodland as edge trees plus a representative fill (not a count); spruce row counted from the green crowns,
trees,t_0700,,conifer,veg,high,2022,aerial2022,leaf-off 2022 aerial; woodland as edge trees plus a representative fill (not a count); spruce row counted from the green crowns,
trees,t_0701,,conifer,veg,high,2022,aerial2022,leaf-off 2022 aerial; woodland as edge trees plus a representative fill (not a count); spruce row counted from the green crowns,
trees,t_0702,,conifer,veg,high,2022,aerial2022,leaf-off 2022 aerial; woodland as edge trees plus a representative fill (not a count); spruce row counted from the green crowns,
trees,t_0703,,conifer,veg,high,2022,aerial2022,leaf-off 2022 aerial; woodland as edge trees plus a representative fill (not a count); spruce row counted from the green crowns,
trees,t_0704,,conifer,veg,high,2022,aerial2022,leaf-off 2022 aerial; woodland as edge trees plus a representative fill (not a count); spruce row counted from the green crowns,
trees,t_0705,,conifer,veg,high,2022,aerial2022,leaf-off 2022 aerial; woodland as edge trees plus a representative fill (not a count); spruce row counted from the green crowns,
trees,t_0706,,conifer,veg,high,2022,aerial2022,leaf-off 2022 aerial; woodland as edge trees plus a representative fill (not a count); spruce row counted from the green crowns,
trees,t_0707,,conifer,veg,high,2022,aerial2022,leaf-off 2022 aerial; woodland as edge trees plus a representative fill (not a count); spruce row counted from the green crowns,
trees,t_0708,,conifer,veg,high,2022,aerial2022,leaf-off 2022 aerial; woodland as edge trees plus a representative fill (not a count); spruce row counted from the green crowns,
trees,t_0709,,conifer,veg,high,2022,aerial2022,leaf-off 2022 aerial; woodland as edge trees plus a representative fill (not a count); spruce row counted from the green crowns,
trees,t_0710,,conifer,veg,high,2022,aerial2022,leaf-off 2022 aerial; woodland as edge trees plus a representative fill (not a count); spruce row counted from the green crowns,
trees,t_0711,,conifer,veg,high,2022,aerial2022,leaf-off 2022 aerial; woodland as edge trees plus a representative fill (not a count); spruce row counted from the green crowns,
trees,t_0712,,conifer,veg,high,2022,aerial2022,leaf-off 2022 aerial; woodland as edge trees plus a representative fill (not a count); spruce row counted from the green crowns,
trees,t_0713,,conifer,veg,high,2022,aerial2022,leaf-off 2022 aerial; woodland as edge trees plus a representative fill (not a count); spruce row counted from the green crowns,
trees,t_0714,,conifer,veg,high,2022,aerial2022,leaf-off 2022 aerial; woodland as edge trees plus a representative fill (not a count); spruce row counted from the green crowns,
trees,t_0715,,conifer,veg,high,2022,aerial2022,leaf-off 2022 aerial; woodland as edge trees plus a representative fill (not a count); spruce row counted from the green crowns,
trees,t_0716,,conifer,veg,high,2022,aerial2022,leaf-off 2022 aerial; woodland as edge trees plus a representative fill (not a count); spruce row counted from the green crowns,
trees,t_0717,,conifer,veg,high,2022,aerial2022,leaf-off 2022 aerial; woodland as edge trees plus a representative fill (not a count); spruce row counted from the green crowns,
trees,t_0718,,conifer,veg,medium,2022,aerial2022,leaf-off 2022 aerial; woodland as edge trees plus a representative fill (not a count); spruce row counted from the green crowns,
trees,t_0719,,shrub,veg,medium,2022,aerial2022,evergreen shrubs in the drive island,
trees,t_0720,,conifer,veg,medium,2022,aerial2022,leaf-off 2022 aerial; woodland as edge trees plus a representative fill (not a count); spruce row counted from the green crowns,
trees,t_0721,,deciduous,veg,medium,2022,aerial2022,leaf-off 2022 aerial; woodland as edge trees plus a representative fill (not a count); spruce row counted from the green crowns,
trees,t_0722,,deciduous,veg,medium,2022,aerial2022,leaf-off 2022 aerial; woodland as edge trees plus a representative fill (not a count); spruce row counted from the green crowns,
trees,t_0723,,deciduous,veg,medium,2022,aerial2022,leaf-off 2022 aerial; woodland as edge trees plus a representative fill (not a count); spruce row counted from the green crowns,
trees,t_0724,,deciduous,veg,medium,2022,aerial2022,leaf-off 2022 aerial; woodland as edge trees plus a representative fill (not a count); spruce row counted from the green crowns,
trees,t_0725,,conifer,veg,medium,2022,aerial2022,leaf-off 2022 aerial; woodland as edge trees plus a representative fill (not a count); spruce row counted from the green crowns,
trees,t_0726,,conifer,veg,medium,2022,aerial2022,leaf-off 2022 aerial; woodland as edge trees plus a representative fill (not a count); spruce row counted from the green crowns,
trees,t_0727,,deciduous,veg,low,2022,aerial2022,representative woodland fill not a count,
trees,t_0728,,deciduous,veg,low,2022,aerial2022,representative woodland fill not a count,
trees,t_0729,,deciduous,veg,low,2022,aerial2022,representative woodland fill not a count,
trees,t_0730,,deciduous,veg,low,2022,aerial2022,representative woodland fill not a count,
trees,t_0731,,deciduous,veg,low,2022,aerial2022,representative woodland fill not a count,
trees,t_0732,,deciduous,veg,low,2022,aerial2022,representative woodland fill not a count,
trees,t_0733,,deciduous,veg,low,2022,aerial2022,representative woodland fill not a count,
trees,t_0734,,deciduous,veg,low,2022,aerial2022,representative woodland fill not a count,
trees,t_0735,,deciduous,veg,low,2022,aerial2022,representative woodland fill not a count,
trees,t_0736,,deciduous,veg,low,2022,aerial2022,representative woodland fill not a count,
trees,t_0737,,deciduous,veg,low,2022,aerial2022,representative woodland fill not a count,
trees,t_0738,,deciduous,veg,low,2022,aerial2022,representative woodland fill not a count,
trees,t_0739,,deciduous,veg,low,2022,aerial2022,representative woodland fill not a count,
trees,t_0740,,deciduous,veg,low,2022,aerial2022,representative woodland fill not a count,
trees,t_0741,,deciduous,veg,low,2022,aerial2022,representative woodland fill not a count,
trees,t_0742,,deciduous,veg,low,2022,aerial2022,representative woodland fill not a count,
trees,t_0743,,deciduous,veg,low,2022,aerial2022,representative woodland fill not a count,
trees,t_0744,,deciduous,veg,low,2022,aerial2022,representative woodland fill not a count,
trees,t_0745,,deciduous,veg,low,2022,aerial2022,representative woodland fill not a count,
trees,t_0746,,deciduous,veg,low,2022,aerial2022,representative woodland fill not a count,
trees,t_0747,,deciduous,veg,low,2022,aerial2022,representative woodland fill not a count,
trees,t_0748,,deciduous,veg,low,2022,aerial2022,representative woodland fill not a count,
trees,t_0749,,deciduous,veg,low,2022,aerial2022,representative woodland fill not a count,
trees,t_0750,,deciduous,veg,low,2022,aerial2022,representative woodland fill not a count,
trees,t_0751,,deciduous,veg,low,2022,aerial2022,representative woodland fill not a count,
trees,t_0752,,deciduous,veg,low,2022,aerial2022,representative woodland fill not a count,
trees,t_0753,,deciduous,veg,low,2022,aerial2022,representative woodland fill not a count,
trees,t_0754,,deciduous,veg,low,2022,aerial2022,representative woodland fill not a count,
trees,t_0755,,deciduous,veg,low,2022,aerial2022,representative woodland fill not a count,
trees,t_0756,,deciduous,veg,low,2022,aerial2022,representative woodland fill not a count,
trees,t_0757,,deciduous,veg,low,2022,aerial2022,representative woodland fill not a count,
trees,t_0758,,deciduous,veg,low,2022,aerial2022,representative woodland fill not a count,
trees,t_0759,,deciduous,veg,low,2022,aerial2022,representative woodland fill not a count,
trees,t_0760,,deciduous,veg,low,2022,aerial2022,representative woodland fill not a count,
trees,t_0761,,deciduous,veg,low,2022,aerial2022,representative woodland fill not a count,
trees,t_0762,,deciduous,veg,low,2022,aerial2022,representative woodland fill not a count,
trees,t_0763,,deciduous,veg,low,2022,aerial2022,representative woodland fill not a count,
trees,t_0764,,deciduous,veg,low,2022,aerial2022,representative woodland fill not a count,
trees,t_0765,,deciduous,veg,low,2022,aerial2022,representative woodland fill not a count,
trees,t_0766,,deciduous,veg,low,2022,aerial2022,representative woodland fill not a count,
trees,t_0767,,deciduous,veg,low,2022,aerial2022,representative woodland fill not a count,
trees,t_0768,,deciduous,veg,low,2022,aerial2022,representative woodland fill not a count,
trees,t_0769,,deciduous,veg,low,2022,aerial2022,representative woodland fill not a count,
trees,t_0770,,deciduous,veg,low,2022,aerial2022,representative woodland fill not a count,
trees,t_0771,,deciduous,veg,low,2022,aerial2022,representative woodland fill not a count,
trees,t_0772,,deciduous,veg,low,2022,aerial2022,representative woodland fill not a count,
trees,t_0773,,deciduous,veg,low,2022,aerial2022,representative woodland fill not a count,
trees,t_0774,,deciduous,veg,low,2022,aerial2022,representative woodland fill not a count,
trees,t_0775,,deciduous,veg,low,2022,aerial2022,representative woodland fill not a count,
trees,t_0776,,deciduous,veg,low,2022,aerial2022,representative woodland fill not a count,
trees,t_0777,,deciduous,veg,low,2022,aerial2022,representative woodland fill not a count,
trees,t_0778,,deciduous,veg,low,2022,aerial2022,representative woodland fill not a count,
trees,t_0779,,deciduous,veg,low,2022,aerial2022,representative woodland fill not a count,
trees,t_0780,,deciduous,veg,low,2022,aerial2022,representative woodland fill not a count,
trees,t_0781,,deciduous,veg,low,2022,aerial2022,representative woodland fill not a count,
trees,t_0782,,deciduous,veg,low,2022,aerial2022,representative woodland fill not a count,
trees,t_0783,,deciduous,veg,low,2022,aerial2022,representative woodland fill not a count,
trees,t_0784,,deciduous,veg,low,2022,aerial2022,representative woodland fill not a count,
trees,t_0785,,deciduous,veg,low,2022,aerial2022,representative woodland fill not a count,
trees,t_0786,,deciduous,veg,low,2022,aerial2022,representative woodland fill not a count,
trees,t_0787,,deciduous,veg,low,2022,aerial2022,representative woodland fill not a count,
trees,t_0788,,deciduous,veg,low,2022,aerial2022,representative woodland fill not a count,
trees,t_0789,,deciduous,veg,low,2022,aerial2022,representative woodland fill not a count,
trees,t_0790,,deciduous,veg,low,2022,aerial2022,representative woodland fill not a count,
trees,t_0791,,deciduous,veg,low,2022,aerial2022,representative woodland fill not a count,
trees,t_0792,,deciduous,veg,low,2022,aerial2022,representative woodland fill not a count,
trees,t_0793,,deciduous,veg,low,2022,aerial2022,representative woodland fill not a count,
trees,t_0794,,deciduous,veg,low,2022,aerial2022,representative woodland fill not a count,
trees,t_0795,,deciduous,veg,low,2022,aerial2022,representative woodland fill not a count,
trees,t_0796,,deciduous,veg,low,2022,aerial2022,representative woodland fill not a count,
trees,t_0797,,deciduous,veg,low,2022,aerial2022,representative woodland fill not a count,
trees,t_0798,,deciduous,veg,low,2022,aerial2022,representative woodland fill not a count,
trees,t_0799,,deciduous,veg,low,2022,aerial2022,representative woodland fill not a count,
trees,t_0800,,deciduous,veg,low,2022,aerial2022,representative woodland fill not a count,
trees,t_0801,,deciduous,veg,low,2022,aerial2022,representative woodland fill not a count,
trees,t_0802,,deciduous,veg,low,2022,aerial2022,representative woodland fill not a count,
trees,t_0803,,deciduous,veg,low,2022,aerial2022,representative woodland fill not a count,
trees,t_0804,,deciduous,veg,low,2022,aerial2022,representative woodland fill not a count,
trees,t_0805,,deciduous,veg,low,2022,aerial2022,representative woodland fill not a count,
trees,t_0806,,deciduous,veg,low,2022,aerial2022,representative woodland fill not a count,
trees,t_0807,,deciduous,veg,low,2022,aerial2022,representative woodland fill not a count,
trees,t_0808,,deciduous,veg,low,2022,aerial2022,representative woodland fill not a count,
trees,t_0809,,deciduous,veg,low,2022,aerial2022,representative woodland fill not a count,
trees,t_0810,,deciduous,veg,low,2022,aerial2022,representative woodland fill not a count,
trees,t_0811,,deciduous,veg,low,2022,aerial2022,representative woodland fill not a count,
trees,t_0812,,deciduous,veg,low,2022,aerial2022,representative woodland fill not a count,
trees,t_0813,,deciduous,veg,low,2022,aerial2022,representative woodland fill not a count,
trees,t_0814,,deciduous,veg,low,2022,aerial2022,representative woodland fill not a count,
trees,t_0815,,deciduous,veg,low,2022,aerial2022,representative woodland fill not a count,
trees,t_0816,,deciduous,veg,low,2022,aerial2022,representative woodland fill not a count,
trees,t_0817,,deciduous,veg,low,2022,aerial2022,representative woodland fill not a count,
trees,t_0818,,deciduous,veg,low,2022,aerial2022,representative woodland fill not a count,
trees,t_0819,,deciduous,veg,low,2022,aerial2022,representative woodland fill not a count,
trees,t_0820,,deciduous,veg,low,2022,aerial2022,representative woodland fill not a count,
trees,t_0821,,deciduous,veg,low,2022,aerial2022,representative woodland fill not a count,
trees,t_0822,,deciduous,veg,low,2022,aerial2022,representative woodland fill not a count,
trees,t_0823,,deciduous,veg,low,2022,aerial2022,representative woodland fill not a count,
trees,t_0824,,deciduous,veg,low,2022,aerial2022,representative woodland fill not a count,
trees,t_0825,,deciduous,veg,low,2022,aerial2022,representative woodland fill not a count,
trees,t_0826,,conifer,veg,medium,2022,aerial2022,pine stand visible crowns spacing representative,
trees,t_0827,,conifer,veg,medium,2022,aerial2022,pine stand visible crowns spacing representative,
trees,t_0828,,conifer,veg,medium,2022,aerial2022,pine stand visible crowns spacing representative,
trees,t_0829,,conifer,veg,medium,2022,aerial2022,pine stand visible crowns spacing representative,
trees,t_0830,,conifer,veg,medium,2022,aerial2022,pine stand visible crowns spacing representative,
trees,t_0831,,conifer,veg,medium,2022,aerial2022,pine stand visible crowns spacing representative,
trees,t_0832,,conifer,veg,medium,2022,aerial2022,pine stand visible crowns spacing representative,
trees,t_0833,,conifer,veg,medium,2022,aerial2022,pine stand visible crowns spacing representative,
trees,t_0834,,conifer,veg,medium,2022,aerial2022,pine stand visible crowns spacing representative,
trees,t_0835,,conifer,veg,medium,2022,aerial2022,pine stand visible crowns spacing representative,
trees,t_0836,,conifer,veg,medium,2022,aerial2022,pine stand visible crowns spacing representative,
trees,t_0837,,conifer,veg,medium,2022,aerial2022,pine stand visible crowns spacing representative,
trees,t_0838,,conifer,veg,medium,2022,aerial2022,pine stand visible crowns spacing representative,
trees,t_0839,,conifer,veg,medium,2022,aerial2022,pine stand visible crowns spacing representative,
trees,t_0840,,conifer,veg,medium,2022,aerial2022,pine stand visible crowns spacing representative,
trees,t_0841,,conifer,veg,medium,2022,aerial2022,pine stand visible crowns spacing representative,
trees,t_0842,,conifer,veg,medium,2022,aerial2022,pine stand visible crowns spacing representative,
trees,t_0843,,conifer,veg,medium,2022,aerial2022,pine stand visible crowns spacing representative,
trees,t_0844,,conifer,veg,medium,2022,aerial2022,pine stand visible crowns spacing representative,
trees,t_0845,,conifer,veg,medium,2022,aerial2022,pine stand visible crowns spacing representative,
trees,t_0846,,conifer,veg,medium,2022,aerial2022,pine stand visible crowns spacing representative,
trees,t_0847,,conifer,veg,medium,2022,aerial2022,pine stand visible crowns spacing representative,
trees,t_0848,,conifer,veg,medium,2022,aerial2022,pine stand visible crowns spacing representative,
trees,t_0849,,conifer,veg,medium,2022,aerial2022,pine stand visible crowns spacing representative,
trees,t_0850,,conifer,veg,medium,2022,aerial2022,pine stand visible crowns spacing representative,
trees,t_0851,,conifer,veg,medium,2022,aerial2022,pine stand visible crowns spacing representative,
trees,t_0852,,conifer,veg,medium,2022,aerial2022,pine stand visible crowns spacing representative,
trees,t_0853,,conifer,veg,medium,2022,aerial2022,pine stand visible crowns spacing representative,
trees,t_0854,,conifer,veg,medium,2022,aerial2022,pine stand visible crowns spacing representative,
trees,t_0855,,conifer,veg,medium,2022,aerial2022,pine stand visible crowns spacing representative,
trees,t_0856,,conifer,veg,medium,2022,aerial2022,pine stand visible crowns spacing representative,
trees,t_0857,,conifer,veg,medium,2022,aerial2022,pine stand visible crowns spacing representative,
trees,t_0858,,conifer,veg,medium,2022,aerial2022,pine stand visible crowns spacing representative,
trees,t_0859,,conifer,veg,medium,2022,aerial2022,pine stand visible crowns spacing representative,
trees,t_0860,,conifer,veg,medium,2022,aerial2022,pine stand visible crowns spacing representative,
trees,t_0861,,conifer,veg,medium,2022,aerial2022,pine stand visible crowns spacing representative,
trees,t_0862,,conifer,veg,medium,2022,aerial2022,pine stand visible crowns spacing representative,
trees,t_0863,,conifer,veg,medium,2022,aerial2022,pine stand visible crowns spacing representative,
trees,t_0864,,conifer,veg,medium,2022,aerial2022,pine stand visible crowns spacing representative,
trees,t_0865,,conifer,veg,medium,2022,aerial2022,pine stand visible crowns spacing representative,
trees,t_0866,,conifer,veg,medium,2022,aerial2022,pine stand visible crowns spacing representative,
trees,t_0867,,conifer,veg,medium,2022,aerial2022,pine stand visible crowns spacing representative,
trees,t_0868,,conifer,veg,medium,2022,aerial2022,pine stand visible crowns spacing representative,
trees,t_0869,,conifer,veg,medium,2022,aerial2022,pine stand visible crowns spacing representative,
trees,t_0870,,conifer,veg,medium,2022,aerial2022,pine stand visible crowns spacing representative,
trees,t_0871,,conifer,veg,medium,2022,aerial2022,leaf-off 2022 aerial; woodland as a representative fill (not a count); pines placed at the visible green crowns of the stand; aerial ends near z 478,
trees,t_0872,,conifer,veg,medium,2022,aerial2022,leaf-off 2022 aerial; woodland as a representative fill (not a count); pines placed at the visible green crowns of the stand; aerial ends near z 478,
trees,t_0873,,conifer,veg,medium,2022,aerial2022,leaf-off 2022 aerial; woodland as a representative fill (not a count); pines placed at the visible green crowns of the stand; aerial ends near z 478,
trees,t_0874,,conifer,veg,medium,2022,aerial2022,leaf-off 2022 aerial; woodland as a representative fill (not a count); pines placed at the visible green crowns of the stand; aerial ends near z 478,
trees,t_0875,,conifer,veg,medium,2022,aerial2022,leaf-off 2022 aerial; woodland as a representative fill (not a count); pines placed at the visible green crowns of the stand; aerial ends near z 478,
trees,t_0876,,conifer,veg,medium,2022,aerial2022,leaf-off 2022 aerial; woodland as a representative fill (not a count); pines placed at the visible green crowns of the stand; aerial ends near z 478,
trees,t_0877,,deciduous,veg,low,2022,aerial2022,representative woodland fill not a count,
trees,t_0878,,deciduous,veg,low,2022,aerial2022,representative woodland fill not a count,
trees,t_0879,,deciduous,veg,low,2022,aerial2022,representative woodland fill not a count,
trees,t_0880,,deciduous,veg,low,2022,aerial2022,representative woodland fill not a count,
trees,t_0881,,deciduous,veg,low,2022,aerial2022,representative woodland fill not a count,
trees,t_0882,,deciduous,veg,low,2022,aerial2022,representative woodland fill not a count,
trees,t_0883,,conifer,veg,low,2022,aerial2022,representative woodland fill not a count,
trees,t_0884,,deciduous,veg,low,2022,aerial2022,representative woodland fill not a count,
trees,t_0885,,conifer,veg,low,2022,aerial2022,representative woodland fill not a count,
trees,t_0886,,deciduous,veg,low,2022,aerial2022,representative woodland fill not a count,
trees,t_0887,,deciduous,veg,low,2022,aerial2022,representative woodland fill not a count,
trees,t_0888,,deciduous,veg,low,2022,aerial2022,representative woodland fill not a count,
trees,t_0889,,deciduous,veg,low,2022,aerial2022,representative woodland fill not a count,
trees,t_0890,,conifer,veg,low,2022,aerial2022,representative woodland fill not a count,
trees,t_0891,,deciduous,veg,low,2022,aerial2022,representative woodland fill not a count,
trees,t_0892,,deciduous,veg,low,2022,aerial2022,representative woodland fill not a count,
trees,t_0893,,deciduous,veg,low,2022,aerial2022,representative woodland fill not a count,
trees,t_0894,,deciduous,veg,low,2022,aerial2022,representative woodland fill not a count,
trees,t_0895,,deciduous,veg,low,2022,aerial2022,representative woodland fill not a count,
trees,t_0896,,deciduous,veg,low,2022,aerial2022,representative woodland fill not a count,
trees,t_0897,,deciduous,veg,low,2022,aerial2022,representative woodland fill not a count,
trees,t_0898,,deciduous,veg,low,2022,aerial2022,representative woodland fill not a count,
trees,t_0899,,deciduous,veg,low,2022,aerial2022,representative woodland fill not a count,
trees,t_0900,,conifer,veg,low,2022,aerial2022,representative woodland fill not a count,
trees,t_0901,,deciduous,veg,low,2022,aerial2022,representative woodland fill not a count,
trees,t_0902,,deciduous,veg,low,2022,aerial2022,representative woodland fill not a count,
trees,t_0903,,deciduous,veg,low,2022,aerial2022,representative woodland fill not a count,
trees,t_0904,,deciduous,veg,low,2022,aerial2022,representative woodland fill not a count,
trees,t_0905,,deciduous,veg,low,2022,aerial2022,representative woodland fill not a count,
trees,t_0906,,deciduous,veg,low,2022,aerial2022,representative woodland fill not a count,
trees,t_0907,,deciduous,veg,low,2022,aerial2022,representative woodland fill not a count,
trees,t_0908,,deciduous,veg,low,2022,aerial2022,representative woodland fill not a count,
trees,t_0909,,deciduous,veg,low,2022,aerial2022,representative woodland fill not a count,
trees,t_0910,,conifer,veg,low,2022,aerial2022,representative woodland fill not a count,
trees,t_0911,,deciduous,veg,low,2022,aerial2022,representative woodland fill not a count,
trees,t_0912,,deciduous,veg,low,2022,aerial2022,representative woodland fill not a count,
trees,t_0913,,deciduous,veg,low,2022,aerial2022,representative woodland fill not a count,
trees,t_0914,,deciduous,veg,low,2022,aerial2022,representative woodland fill not a count,
trees,t_0915,,deciduous,veg,low,2022,aerial2022,representative woodland fill not a count,
trees,t_0916,,deciduous,veg,low,2022,aerial2022,representative woodland fill not a count,
trees,t_0917,,deciduous,veg,low,2022,aerial2022,representative woodland fill not a count,
trees,t_0918,,deciduous,veg,low,2022,aerial2022,representative woodland fill not a count,
trees,t_0919,,deciduous,veg,low,2022,aerial2022,representative woodland fill not a count,
trees,t_0920,,deciduous,veg,low,2022,aerial2022,representative woodland fill not a count,
trees,t_0921,,conifer,veg,low,2022,aerial2022,representative woodland fill not a count,
trees,t_0922,,deciduous,veg,low,2022,aerial2022,representative woodland fill not a count,
trees,t_0923,,deciduous,veg,low,2022,aerial2022,representative woodland fill not a count,
trees,t_0924,,deciduous,veg,low,2022,aerial2022,representative woodland fill not a count,
trees,t_0925,,deciduous,veg,low,2022,aerial2022,representative woodland fill not a count,
trees,t_0926,,deciduous,veg,low,2022,aerial2022,representative woodland fill not a count,
trees,t_0927,,deciduous,veg,low,2022,aerial2022,representative woodland fill not a count,
trees,t_0928,,deciduous,veg,low,2022,aerial2022,representative woodland fill not a count,
trees,t_0929,,deciduous,veg,low,2022,aerial2022,representative woodland fill not a count,
trees,t_0930,,deciduous,veg,low,2022,aerial2022,representative woodland fill not a count,
trees,t_0931,,deciduous,veg,low,2022,aerial2022,representative woodland fill not a count,
trees,t_0932,,deciduous,veg,low,2022,aerial2022,representative woodland fill not a count,
trees,t_0933,,deciduous,veg,low,2022,aerial2022,representative woodland fill not a count,
trees,t_0934,,deciduous,veg,low,2022,aerial2022,representative woodland fill not a count,
trees,t_0935,,deciduous,veg,low,2022,aerial2022,representative woodland fill not a count,
trees,t_0936,,deciduous,veg,low,2022,aerial2022,representative woodland fill not a count,
trees,t_0937,,deciduous,veg,low,2022,aerial2022,representative woodland fill not a count,
trees,t_0938,,deciduous,veg,low,2022,aerial2022,representative woodland fill not a count,
trees,t_0939,,deciduous,veg,low,2022,aerial2022,representative woodland fill not a count,
trees,t_0940,,deciduous,veg,low,2022,aerial2022,representative woodland fill not a count,
trees,t_0941,,deciduous,veg,low,2022,aerial2022,representative woodland fill not a count,
trees,t_0942,,deciduous,veg,low,2022,aerial2022,representative woodland fill not a count,
trees,t_0943,,deciduous,veg,low,2022,aerial2022,representative woodland fill not a count,
trees,t_0944,,deciduous,veg,low,2022,aerial2022,representative woodland fill not a count,
trees,t_0945,,deciduous,veg,low,2022,aerial2022,representative woodland fill not a count,
trees,t_0946,,deciduous,veg,low,2022,aerial2022,representative woodland fill not a count,
trees,t_0947,,deciduous,veg,low,2022,aerial2022,representative woodland fill not a count,
trees,t_0948,,deciduous,veg,low,2022,aerial2022,representative woodland fill not a count,
trees,t_0949,,deciduous,veg,low,2022,aerial2022,representative woodland fill not a count,
trees,t_0950,,deciduous,veg,low,2022,aerial2022,representative woodland fill not a count,
trees,t_0951,,deciduous,veg,low,2022,aerial2022,representative woodland fill not a count,
trees,t_0952,,deciduous,veg,low,2022,aerial2022,representative woodland fill not a count,
trees,t_0953,,deciduous,veg,low,2022,aerial2022,representative woodland fill not a count,
trees,t_0954,,deciduous,veg,low,2022,aerial2022,representative woodland fill not a count,
trees,t_0955,,deciduous,veg,low,2022,aerial2022,representative woodland fill not a count,
trees,t_0956,,deciduous,veg,low,2022,aerial2022,representative woodland fill not a count,
trees,t_0957,,deciduous,veg,low,2022,aerial2022,representative woodland fill not a count,
trees,t_0958,,deciduous,veg,low,2022,aerial2022,representative woodland fill not a count,
trees,t_0959,,deciduous,veg,low,2022,aerial2022,representative woodland fill not a count,
trees,t_0960,,deciduous,veg,low,2022,aerial2022,representative woodland fill not a count,
trees,t_0961,,deciduous,veg,low,2022,aerial2022,representative woodland fill not a count,
trees,t_0962,,deciduous,veg,low,2022,aerial2022,representative woodland fill not a count,
trees,t_0963,,deciduous,veg,low,2022,aerial2022,representative woodland fill not a count,
trees,t_0964,,deciduous,veg,low,2022,aerial2022,representative woodland fill not a count,
trees,t_0965,,deciduous,veg,low,2022,aerial2022,representative woodland fill not a count,
trees,t_0966,,deciduous,veg,low,2022,aerial2022,representative woodland fill not a count,
trees,t_0967,,deciduous,veg,low,2022,aerial2022,representative woodland fill not a count,
trees,t_0968,,deciduous,veg,low,2022,aerial2022,representative woodland fill not a count,
trees,t_0969,,deciduous,veg,low,2022,aerial2022,representative woodland fill not a count,
trees,t_0970,,deciduous,veg,low,2022,aerial2022,representative woodland fill not a count,
trees,t_0971,,deciduous,veg,low,2022,aerial2022,representative woodland fill not a count,
trees,t_0972,,deciduous,veg,low,2022,aerial2022,representative woodland fill not a count,
trees,t_0973,,deciduous,veg,low,2022,aerial2022,representative woodland fill not a count,
trees,t_0974,,deciduous,veg,low,2022,aerial2022,representative woodland fill not a count,
trees,t_0975,,deciduous,veg,low,2022,aerial2022,representative woodland fill not a count,
trees,t_0976,,deciduous,veg,low,2022,aerial2022,representative woodland fill not a count,
trees,t_0977,,deciduous,veg,low,2022,aerial2022,representative woodland fill not a count,
trees,t_0978,,deciduous,veg,low,2022,aerial2022,representative woodland fill not a count,
trees,t_0979,,conifer,veg,medium,2022,aerial2022,"leaf-off 2022 aerial; house-lot and shore trees read from shadows/crowns (outside the play area, lower effort)",
trees,t_0980,,conifer,veg,medium,2022,aerial2022,"leaf-off 2022 aerial; house-lot and shore trees read from shadows/crowns (outside the play area, lower effort)",
trees,t_0981,,shrub,veg,medium,2022,aerial2022,"leaf-off 2022 aerial; house-lot and shore trees read from shadows/crowns (outside the play area, lower effort)",
trees,t_0982,,conifer,veg,low,2022,aerial2022,"leaf-off 2022 aerial; house-lot and shore trees read from shadows/crowns (outside the play area, lower effort)",
trees,t_0983,,deciduous,veg,medium,2022,aerial2022,"leaf-off 2022 aerial; house-lot and shore trees read from shadows/crowns (outside the play area, lower effort)",
trees,t_0984,,deciduous,veg,medium,2022,aerial2022,"leaf-off 2022 aerial; house-lot and shore trees read from shadows/crowns (outside the play area, lower effort)",
trees,t_0985,,deciduous,veg,medium,2022,aerial2022,"leaf-off 2022 aerial; house-lot and shore trees read from shadows/crowns (outside the play area, lower effort)",
trees,t_0986,,shrub,veg,low,2022,aerial2022,"leaf-off 2022 aerial; house-lot and shore trees read from shadows/crowns (outside the play area, lower effort)",
trees,t_0987,,shrub,veg,low,2022,aerial2022,"leaf-off 2022 aerial; house-lot and shore trees read from shadows/crowns (outside the play area, lower effort)",
trees,t_0988,,deciduous,veg,medium,2022,aerial2022,"leaf-off 2022 aerial; house-lot and shore trees read from shadows/crowns (outside the play area, lower effort)",
trees,t_0989,,shrub,veg,medium,2022,aerial2022,"leaf-off 2022 aerial; house-lot and shore trees read from shadows/crowns (outside the play area, lower effort)",
trees,t_0990,,deciduous,veg,medium,2022,aerial2022,"leaf-off 2022 aerial; house-lot and shore trees read from shadows/crowns (outside the play area, lower effort)",
trees,t_0991,,deciduous,veg,low,2022,aerial2022,"leaf-off 2022 aerial; house-lot and shore trees read from shadows/crowns (outside the play area, lower effort)",
trees,t_0992,,shrub,veg,low,2022,aerial2022,"leaf-off 2022 aerial; house-lot and shore trees read from shadows/crowns (outside the play area, lower effort)",
trees,t_0993,,deciduous,veg,medium,2022,aerial2022,"leaf-off 2022 aerial; house-lot and shore trees read from shadows/crowns (outside the play area, lower effort)",
trees,t_0994,,deciduous,veg,medium,2022,aerial2022,"leaf-off 2022 aerial; house-lot and shore trees read from shadows/crowns (outside the play area, lower effort)",
trees,t_0995,,deciduous,veg,medium,2022,aerial2022,"leaf-off 2022 aerial; house-lot and shore trees read from shadows/crowns (outside the play area, lower effort)",
trees,t_0996,,deciduous,veg,medium,2022,aerial2022,"leaf-off 2022 aerial; house-lot and shore trees read from shadows/crowns (outside the play area, lower effort)",
trees,t_0997,,deciduous,veg,low,2022,aerial2022,"leaf-off 2022 aerial; house-lot and shore trees read from shadows/crowns (outside the play area, lower effort)",
trees,t_0998,,deciduous,veg,low,2022,aerial2022,"leaf-off 2022 aerial; house-lot and shore trees read from shadows/crowns (outside the play area, lower effort)",
trees,t_0999,,deciduous,veg,low,2022,aerial2022,"leaf-off 2022 aerial; house-lot and shore trees read from shadows/crowns (outside the play area, lower effort)",
trees,t_1000,,deciduous,veg,low,2022,aerial2022,"leaf-off 2022 aerial; house-lot and shore trees read from shadows/crowns (outside the play area, lower effort)",
trees,t_1001,,deciduous,veg,low,2022,aerial2022,"leaf-off 2022 aerial; house-lot and shore trees read from shadows/crowns (outside the play area, lower effort)",
trees,t_1002,,conifer,veg,medium,2022,aerial2022,"leaf-off 2022 aerial; house-lot and shore trees read from shadows/crowns (outside the play area, lower effort)",
trees,t_1003,,conifer,veg,medium,2022,aerial2022,"leaf-off 2022 aerial; house-lot and shore trees read from shadows/crowns (outside the play area, lower effort)",
trees,t_1004,,conifer,veg,medium,2022,aerial2022,"leaf-off 2022 aerial; house-lot and shore trees read from shadows/crowns (outside the play area, lower effort)",
trees,t_1005,,conifer,veg,medium,2022,aerial2022,"leaf-off 2022 aerial; house-lot and shore trees read from shadows/crowns (outside the play area, lower effort)",
trees,t_1006,,conifer,veg,medium,2022,aerial2022,"leaf-off 2022 aerial; house-lot and shore trees read from shadows/crowns (outside the play area, lower effort)",nudged 0.2 m off a traced walk (merge rule)
trees,t_1007,,conifer,veg,medium,2022,aerial2022,"leaf-off 2022 aerial; house-lot and shore trees read from shadows/crowns (outside the play area, lower effort)",nudged 0.8 m off a traced walk (merge rule)
trees,t_1008,,conifer,veg,high,2022,aerial2022,"leaf-off 2022 aerial; house-lot and shore trees read from shadows/crowns (outside the play area, lower effort)",
trees,t_1009,,conifer,veg,high,2022,aerial2022,"leaf-off 2022 aerial; house-lot and shore trees read from shadows/crowns (outside the play area, lower effort)",
trees,t_1010,,conifer,veg,medium,2022,aerial2022,"leaf-off 2022 aerial; house-lot and shore trees read from shadows/crowns (outside the play area, lower effort)",
trees,t_1011,,shrub,veg,medium,2022,aerial2022,"leaf-off 2022 aerial; house-lot and shore trees read from shadows/crowns (outside the play area, lower effort)",
trees,t_1012,,deciduous,veg,medium,2022,aerial2022,"leaf-off 2022 aerial; house-lot and shore trees read from shadows/crowns (outside the play area, lower effort)",
trees,t_1013,,deciduous,veg,medium,2022,aerial2022,"leaf-off 2022 aerial; house-lot and shore trees read from shadows/crowns (outside the play area, lower effort)",
trees,t_1014,,shrub,veg,low,2022,aerial2022,low shrub row along the street verge,nudged 0.5 m off a traced walk (merge rule)
trees,t_1015,,shrub,veg,low,2022,aerial2022,low shrub row along the street verge,nudged 0.5 m off a traced walk (merge rule)
trees,t_1016,,shrub,veg,low,2022,aerial2022,low shrub row along the street verge,
trees,t_1017,,shrub,veg,low,2022,aerial2022,low shrub row along the street verge,
trees,t_1018,,shrub,veg,low,2022,aerial2022,low shrub row along the street verge,
trees,t_1019,,shrub,veg,low,2022,aerial2022,low shrub row along the street verge,
trees,t_1020,,shrub,veg,low,2022,aerial2022,low shrub row along the street verge,
trees,t_1021,,shrub,veg,low,2022,aerial2022,low shrub row along the street verge,
trees,t_1022,,deciduous,veg,medium,2022,aerial2022,"leaf-off 2022 aerial; house-lot and shore trees read from shadows/crowns (outside the play area, lower effort)",
trees,t_1023,,deciduous,veg,medium,2022,aerial2022,"leaf-off 2022 aerial; house-lot and shore trees read from shadows/crowns (outside the play area, lower effort)",
trees,t_1024,,deciduous,veg,medium,2022,aerial2022,"leaf-off 2022 aerial; house-lot and shore trees read from shadows/crowns (outside the play area, lower effort)",
trees,t_1025,,deciduous,veg,medium,2022,aerial2022,"leaf-off 2022 aerial; house-lot and shore trees read from shadows/crowns (outside the play area, lower effort)",
trees,t_1026,,deciduous,veg,medium,2022,aerial2022,"leaf-off 2022 aerial; house-lot and shore trees read from shadows/crowns (outside the play area, lower effort)",
trees,t_1027,,deciduous,veg,low,2022,aerial2022,representative woodland fill not a count,
trees,t_1028,,deciduous,veg,low,2022,aerial2022,representative woodland fill not a count,
trees,t_1029,,deciduous,veg,low,2022,aerial2022,representative woodland fill not a count,
trees,t_1030,,deciduous,veg,low,2022,aerial2022,representative woodland fill not a count,
trees,t_1031,,deciduous,veg,low,2022,aerial2022,representative woodland fill not a count,
trees,t_1032,,deciduous,veg,low,2022,aerial2022,representative woodland fill not a count,
trees,t_1033,,deciduous,veg,low,2022,aerial2022,representative woodland fill not a count,
trees,t_1034,,deciduous,veg,low,2022,aerial2022,representative woodland fill not a count,
trees,t_1035,,deciduous,veg,low,2022,aerial2022,representative woodland fill not a count,
trees,t_1036,,deciduous,veg,low,2022,aerial2022,representative woodland fill not a count,
trees,t_1037,,deciduous,veg,low,2022,aerial2022,representative woodland fill not a count,
trees,t_1038,,deciduous,veg,low,2022,aerial2022,representative woodland fill not a count,
trees,t_1039,,deciduous,veg,low,2022,aerial2022,representative woodland fill not a count,
trees,t_1040,,deciduous,veg,low,2022,aerial2022,representative woodland fill not a count,
trees,t_1041,,deciduous,veg,high,2022,aerial2022,leaf-off 2022 aerial; woodland block traced by its edge with representative interior; house-lot trees from crowns/shadows,
trees,t_1042,,deciduous,veg,low,2022,aerial2022,leaf-off 2022 aerial; woodland block traced by its edge with representative interior; house-lot trees from crowns/shadows,
trees,t_1043,,deciduous,veg,medium,2022,aerial2022,leaf-off 2022 aerial; woodland block traced by its edge with representative interior; house-lot trees from crowns/shadows,
trees,t_1044,,deciduous,veg,medium,2022,aerial2022,leaf-off 2022 aerial; woodland block traced by its edge with representative interior; house-lot trees from crowns/shadows,
trees,t_1045,,deciduous,veg,medium,2022,aerial2022,leaf-off 2022 aerial; woodland block traced by its edge with representative interior; house-lot trees from crowns/shadows,
trees,t_1046,,deciduous,veg,medium,2022,aerial2022,leaf-off 2022 aerial; woodland block traced by its edge with representative interior; house-lot trees from crowns/shadows,
trees,t_1047,,deciduous,veg,low,2022,aerial2022,leaf-off 2022 aerial; woodland block traced by its edge with representative interior; house-lot trees from crowns/shadows,
trees,t_1048,,shrub,veg,medium,2022,aerial2022,shrubs round the patio,
trees,t_1049,,shrub,veg,medium,2022,aerial2022,shrubs round the patio,
trees,t_1050,,shrub,veg,medium,2022,aerial2022,shrubs round the patio,
trees,t_1051,,shrub,veg,medium,2022,aerial2022,shrubs round the patio,
trees,t_1052,,shrub,veg,medium,2022,aerial2022,leaf-off 2022 aerial; woodland block traced by its edge with representative interior; house-lot trees from crowns/shadows,
trees,t_1053,,shrub,veg,medium,2022,aerial2022,leaf-off 2022 aerial; woodland block traced by its edge with representative interior; house-lot trees from crowns/shadows,
trees,t_1054,,shrub,veg,medium,2022,aerial2022,leaf-off 2022 aerial; woodland block traced by its edge with representative interior; house-lot trees from crowns/shadows,
trees,t_1055,,shrub,veg,medium,2022,aerial2022,leaf-off 2022 aerial; woodland block traced by its edge with representative interior; house-lot trees from crowns/shadows,
trees,t_1056,,shrub,veg,medium,2022,aerial2022,leaf-off 2022 aerial; woodland block traced by its edge with representative interior; house-lot trees from crowns/shadows,
trees,t_1057,,shrub,veg,medium,2022,aerial2022,leaf-off 2022 aerial; woodland block traced by its edge with representative interior; house-lot trees from crowns/shadows,
trees,t_1058,,shrub,veg,medium,2022,aerial2022,leaf-off 2022 aerial; woodland block traced by its edge with representative interior; house-lot trees from crowns/shadows,
trees,t_1059,,shrub,veg,medium,2022,aerial2022,leaf-off 2022 aerial; woodland block traced by its edge with representative interior; house-lot trees from crowns/shadows,
trees,t_1060,,shrub,veg,medium,2022,aerial2022,leaf-off 2022 aerial; woodland block traced by its edge with representative interior; house-lot trees from crowns/shadows,
trees,t_1061,,shrub,veg,medium,2022,aerial2022,leaf-off 2022 aerial; woodland block traced by its edge with representative interior; house-lot trees from crowns/shadows,
trees,t_1062,,shrub,veg,medium,2022,aerial2022,leaf-off 2022 aerial; woodland block traced by its edge with representative interior; house-lot trees from crowns/shadows,
trees,t_1063,,conifer,veg,high,2022,aerial2022,leaf-off 2022 aerial; woodland block traced by its edge with representative interior; house-lot trees from crowns/shadows,
trees,t_1064,,conifer,veg,high,2022,aerial2022,leaf-off 2022 aerial; woodland block traced by its edge with representative interior; house-lot trees from crowns/shadows,
trees,t_1065,,conifer,veg,medium,2022,aerial2022,leaf-off 2022 aerial; woodland block traced by its edge with representative interior; house-lot trees from crowns/shadows,
trees,t_1066,,deciduous,veg,low,2022,aerial2022,street tree shadow across the street,
trees,t_1067,,deciduous,veg,low,2022,aerial2022,street tree shadow across the street,
trees,t_1068,,deciduous,veg,medium,2022,aerial2022,leaf-off 2022 aerial; woodland block traced by its edge with representative interior; house-lot trees from crowns/shadows,
trees,t_1069,,deciduous,veg,medium,2022,aerial2022,leaf-off 2022 aerial; woodland block traced by its edge with representative interior; house-lot trees from crowns/shadows,
trees,t_1070,,deciduous,veg,medium,2022,aerial2022,leaf-off 2022 aerial; woodland block traced by its edge with representative interior; house-lot trees from crowns/shadows,
trees,t_1071,,deciduous,veg,medium,2022,aerial2022,leaf-off 2022 aerial; woodland block traced by its edge with representative interior; house-lot trees from crowns/shadows,
trees,t_1072,,deciduous,veg,low,2022,aerial2022,representative woodland fill not a count,
trees,t_1073,,deciduous,veg,low,2022,aerial2022,representative woodland fill not a count,
trees,t_1074,,deciduous,veg,low,2022,aerial2022,representative woodland fill not a count,
trees,t_1075,,deciduous,veg,low,2022,aerial2022,representative woodland fill not a count,
trees,t_1076,,deciduous,veg,low,2022,aerial2022,representative woodland fill not a count,
trees,t_1077,,deciduous,veg,low,2022,aerial2022,representative woodland fill not a count,
trees,t_1078,,deciduous,veg,low,2022,aerial2022,representative woodland fill not a count,
trees,t_1079,,deciduous,veg,low,2022,aerial2022,representative woodland fill not a count,
trees,t_1080,,deciduous,veg,low,2022,aerial2022,representative woodland fill not a count,
trees,t_1081,,deciduous,veg,low,2022,aerial2022,representative woodland fill not a count,
trees,t_1082,,deciduous,veg,low,2022,aerial2022,representative woodland fill not a count,
trees,t_1083,,deciduous,veg,low,2022,aerial2022,representative woodland fill not a count,
trees,t_1084,,deciduous,veg,low,2022,aerial2022,representative woodland fill not a count,
trees,t_1085,,deciduous,veg,low,2022,aerial2022,representative woodland fill not a count,
trees,t_1086,,deciduous,veg,low,2022,aerial2022,representative woodland fill not a count,
trees,t_1087,,deciduous,veg,low,2022,aerial2022,representative woodland fill not a count,
trees,t_1088,,deciduous,veg,low,2022,aerial2022,representative woodland fill not a count,
trees,t_1089,,deciduous,veg,low,2022,aerial2022,representative woodland fill not a count,
trees,t_1090,,deciduous,veg,low,2022,aerial2022,representative woodland fill not a count,
trees,t_1091,,deciduous,veg,low,2022,aerial2022,representative woodland fill not a count,
trees,t_1092,,deciduous,veg,low,2022,aerial2022,representative woodland fill not a count,
trees,t_1093,,deciduous,veg,low,2022,aerial2022,representative woodland fill not a count,
trees,t_1094,,deciduous,veg,low,2022,aerial2022,representative woodland fill not a count,
trees,t_1095,,deciduous,veg,low,2022,aerial2022,representative woodland fill not a count,
trees,t_1096,,deciduous,veg,low,2022,aerial2022,representative woodland fill not a count,
trees,t_1097,,deciduous,veg,low,2022,aerial2022,representative woodland fill not a count,
trees,t_1098,,deciduous,veg,low,2022,aerial2022,representative woodland fill not a count,
trees,t_1099,,deciduous,veg,low,2022,aerial2022,representative woodland fill not a count,
trees,t_1100,,deciduous,veg,low,2022,aerial2022,representative woodland fill not a count,
trees,t_1101,,deciduous,veg,low,2022,aerial2022,representative woodland fill not a count,
trees,t_1102,,deciduous,veg,low,2022,aerial2022,representative woodland fill not a count,
trees,t_1103,,deciduous,veg,low,2022,aerial2022,representative woodland fill not a count,
trees,t_1104,,deciduous,veg,low,2022,aerial2022,representative woodland fill not a count,
trees,t_1105,,deciduous,veg,low,2022,aerial2022,representative woodland fill not a count,
trees,t_1106,,deciduous,veg,low,2022,aerial2022,representative woodland fill not a count,
trees,t_1107,,deciduous,veg,low,2022,aerial2022,representative woodland fill not a count,
trees,t_1108,,conifer,veg,medium,2022,aerial2022,"leaf-off 2022 aerial; almost no woody planting here: street verges are lawn, the hall is ringed by paving",
trees,t_1109,,conifer,veg,high,2022,aerial2022,leaf-off 2022 aerial; evergreens from green crowns; woodland block traced by its edge with a representative interior,
trees,t_1110,,conifer,veg,high,2022,aerial2022,leaf-off 2022 aerial; evergreens from green crowns; woodland block traced by its edge with a representative interior,
trees,t_1111,,conifer,veg,high,2022,aerial2022,leaf-off 2022 aerial; evergreens from green crowns; woodland block traced by its edge with a representative interior,
trees,t_1112,,conifer,veg,high,2022,aerial2022,leaf-off 2022 aerial; evergreens from green crowns; woodland block traced by its edge with a representative interior,
trees,t_1113,,conifer,veg,medium,2022,aerial2022,leaf-off 2022 aerial; evergreens from green crowns; woodland block traced by its edge with a representative interior,
trees,t_1114,,conifer,veg,medium,2022,aerial2022,leaf-off 2022 aerial; evergreens from green crowns; woodland block traced by its edge with a representative interior,
trees,t_1115,,conifer,veg,medium,2022,aerial2022,leaf-off 2022 aerial; evergreens from green crowns; woodland block traced by its edge with a representative interior,
trees,t_1116,,conifer,veg,medium,2022,aerial2022,leaf-off 2022 aerial; evergreens from green crowns; woodland block traced by its edge with a representative interior,
trees,t_1117,,conifer,veg,medium,2022,aerial2022,leaf-off 2022 aerial; evergreens from green crowns; woodland block traced by its edge with a representative interior,
trees,t_1118,,shrub,veg,medium,2022,aerial2022,evergreen shrub bed,
trees,t_1119,,shrub,veg,medium,2022,aerial2022,evergreen shrub bed,
trees,t_1120,,conifer,veg,low,2022,aerial2022,leaf-off 2022 aerial; evergreens from green crowns; woodland block traced by its edge with a representative interior,
trees,t_1121,,conifer,veg,medium,2022,aerial2022,leaf-off 2022 aerial; evergreens from green crowns; woodland block traced by its edge with a representative interior,
trees,t_1122,,ornamental,veg,medium,2022,aerial2022,leaf-off 2022 aerial; evergreens from green crowns; woodland block traced by its edge with a representative interior,
trees,t_1123,,ornamental,veg,medium,2022,aerial2022,leaf-off 2022 aerial; evergreens from green crowns; woodland block traced by its edge with a representative interior,
trees,t_1124,,ornamental,veg,medium,2022,aerial2022,leaf-off 2022 aerial; evergreens from green crowns; woodland block traced by its edge with a representative interior,
trees,t_1125,,deciduous,veg,medium,2022,aerial2022,leaf-off 2022 aerial; evergreens from green crowns; woodland block traced by its edge with a representative interior,
trees,t_1126,,deciduous,veg,medium,2022,aerial2022,leaf-off 2022 aerial; evergreens from green crowns; woodland block traced by its edge with a representative interior,
trees,t_1127,,deciduous,veg,medium,2022,aerial2022,leaf-off 2022 aerial; evergreens from green crowns; woodland block traced by its edge with a representative interior,
trees,t_1128,,deciduous,veg,medium,2022,aerial2022,leaf-off 2022 aerial; evergreens from green crowns; woodland block traced by its edge with a representative interior,
trees,t_1129,,deciduous,veg,medium,2022,aerial2022,leaf-off 2022 aerial; evergreens from green crowns; woodland block traced by its edge with a representative interior,
trees,t_1130,,deciduous,veg,medium,2022,aerial2022,leaf-off 2022 aerial; evergreens from green crowns; woodland block traced by its edge with a representative interior,
trees,t_1131,,deciduous,veg,medium,2022,aerial2022,leaf-off 2022 aerial; evergreens from green crowns; woodland block traced by its edge with a representative interior,
trees,t_1132,,deciduous,veg,medium,2022,aerial2022,leaf-off 2022 aerial; evergreens from green crowns; woodland block traced by its edge with a representative interior,
trees,t_1133,,deciduous,veg,medium,2022,aerial2022,leaf-off 2022 aerial; evergreens from green crowns; woodland block traced by its edge with a representative interior,
trees,t_1134,,deciduous,veg,medium,2022,aerial2022,leaf-off 2022 aerial; evergreens from green crowns; woodland block traced by its edge with a representative interior,
trees,t_1135,,deciduous,veg,low,2022,aerial2022,representative woodland fill not a count,
trees,t_1136,,deciduous,veg,low,2022,aerial2022,representative woodland fill not a count,
trees,t_1137,,deciduous,veg,low,2022,aerial2022,representative woodland fill not a count,
trees,t_1138,,deciduous,veg,low,2022,aerial2022,representative woodland fill not a count,
trees,t_1139,,deciduous,veg,low,2022,aerial2022,representative woodland fill not a count,
trees,t_1140,,deciduous,veg,low,2022,aerial2022,representative woodland fill not a count,
trees,t_1141,,deciduous,veg,low,2022,aerial2022,representative woodland fill not a count,
trees,t_1142,,deciduous,veg,low,2022,aerial2022,representative woodland fill not a count,
trees,t_1143,,deciduous,veg,low,2022,aerial2022,representative woodland fill not a count,
trees,t_1144,,deciduous,veg,low,2022,aerial2022,representative woodland fill not a count,
trees,t_1145,,deciduous,veg,low,2022,aerial2022,representative woodland fill not a count,
trees,t_1146,,deciduous,veg,low,2022,aerial2022,representative woodland fill not a count,
trees,t_1147,,deciduous,veg,low,2022,aerial2022,representative woodland fill not a count,
trees,t_1148,,deciduous,veg,low,2022,aerial2022,representative woodland fill not a count,
trees,t_1149,,deciduous,veg,low,2022,aerial2022,representative woodland fill not a count,
trees,t_1150,,deciduous,veg,low,2022,aerial2022,representative woodland fill not a count,
trees,t_1151,,deciduous,veg,low,2022,aerial2022,representative woodland fill not a count,
trees,t_1152,,deciduous,veg,low,2022,aerial2022,representative woodland fill not a count,
trees,t_1153,,deciduous,veg,low,2022,aerial2022,representative woodland fill not a count,
trees,t_1154,,deciduous,veg,low,2022,aerial2022,representative woodland fill not a count,
trees,t_1155,,deciduous,veg,low,2022,aerial2022,representative woodland fill not a count,
trees,t_1156,,deciduous,veg,low,2022,aerial2022,representative woodland fill not a count,
trees,t_1157,,deciduous,veg,low,2022,aerial2022,representative woodland fill not a count,
trees,t_1158,,deciduous,veg,low,2022,aerial2022,representative woodland fill not a count,
trees,t_1159,,deciduous,veg,low,2022,aerial2022,representative woodland fill not a count,
trees,t_1160,,deciduous,veg,low,2022,aerial2022,representative woodland fill not a count,
trees,t_1161,,deciduous,veg,low,2022,aerial2022,representative woodland fill not a count,
trees,t_1162,,deciduous,veg,low,2022,aerial2022,representative woodland fill not a count,
trees,t_1163,,deciduous,veg,low,2022,aerial2022,representative woodland fill not a count,
trees,t_1164,,deciduous,veg,low,2022,aerial2022,representative woodland fill not a count,
trees,t_1165,,deciduous,veg,low,2022,aerial2022,representative woodland fill not a count,
trees,t_1166,,deciduous,veg,low,2022,aerial2022,representative woodland fill not a count,
trees,t_1167,,deciduous,veg,low,2022,aerial2022,representative woodland fill not a count,
trees,t_1168,,deciduous,veg,low,2022,aerial2022,representative woodland fill not a count,
trees,t_1169,,deciduous,veg,low,2022,aerial2022,representative woodland fill not a count,
trees,t_1170,,deciduous,veg,low,2022,aerial2022,representative woodland fill not a count,
trees,t_1171,,deciduous,veg,low,2022,aerial2022,representative woodland fill not a count,
trees,t_1172,,deciduous,veg,low,2022,aerial2022,representative woodland fill not a count,
trees,t_1173,,deciduous,veg,low,2022,aerial2022,representative woodland fill not a count,
trees,t_1174,,deciduous,veg,low,2022,aerial2022,representative woodland fill not a count,
trees,t_1175,,deciduous,veg,low,2022,aerial2022,representative woodland fill not a count,
trees,t_1176,,deciduous,veg,low,2022,aerial2022,representative woodland fill not a count,
trees,t_1177,,deciduous,veg,low,2022,aerial2022,representative woodland fill not a count,
trees,t_1178,,deciduous,veg,low,2022,aerial2022,representative woodland fill not a count,
trees,t_1179,,deciduous,veg,low,2022,aerial2022,representative woodland fill not a count,
trees,t_1180,,deciduous,veg,low,2022,aerial2022,representative woodland fill not a count,
trees,t_1181,,deciduous,veg,low,2022,aerial2022,representative woodland fill not a count,
trees,t_1182,,deciduous,veg,low,2022,aerial2022,representative woodland fill not a count,
trees,t_1183,,deciduous,veg,low,2022,aerial2022,representative woodland fill not a count,
trees,t_1184,,deciduous,veg,low,2022,aerial2022,representative woodland fill not a count,
trees,t_1185,,deciduous,veg,low,2022,aerial2022,representative woodland fill not a count,
trees,t_1186,,deciduous,veg,low,2022,aerial2022,representative woodland fill not a count,
trees,t_1187,,deciduous,veg,medium,2022,aerial2022,"leaf-off 2022 aerial; closed woodland: edge trees along the street and the south clearing placed, interior is a representative fill",
trees,t_1188,,deciduous,veg,medium,2022,aerial2022,"leaf-off 2022 aerial; closed woodland: edge trees along the street and the south clearing placed, interior is a representative fill",
trees,t_1189,,deciduous,veg,medium,2022,aerial2022,"leaf-off 2022 aerial; closed woodland: edge trees along the street and the south clearing placed, interior is a representative fill",
trees,t_1190,,deciduous,veg,medium,2022,aerial2022,"leaf-off 2022 aerial; closed woodland: edge trees along the street and the south clearing placed, interior is a representative fill",
trees,t_1191,,deciduous,veg,medium,2022,aerial2022,"leaf-off 2022 aerial; closed woodland: edge trees along the street and the south clearing placed, interior is a representative fill",
trees,t_1192,,deciduous,veg,medium,2022,aerial2022,"leaf-off 2022 aerial; closed woodland: edge trees along the street and the south clearing placed, interior is a representative fill",
trees,t_1193,,deciduous,veg,medium,2022,aerial2022,"leaf-off 2022 aerial; closed woodland: edge trees along the street and the south clearing placed, interior is a representative fill",
trees,t_1194,,deciduous,veg,medium,2022,aerial2022,"leaf-off 2022 aerial; closed woodland: edge trees along the street and the south clearing placed, interior is a representative fill",
trees,t_1195,,deciduous,veg,low,2022,aerial2022,"leaf-off 2022 aerial; closed woodland: edge trees along the street and the south clearing placed, interior is a representative fill",
trees,t_1196,,deciduous,veg,medium,2022,aerial2022,"leaf-off 2022 aerial; closed woodland: edge trees along the street and the south clearing placed, interior is a representative fill",
trees,t_1197,,deciduous,veg,low,2022,aerial2022,"leaf-off 2022 aerial; closed woodland: edge trees along the street and the south clearing placed, interior is a representative fill",
trees,t_1198,,deciduous,veg,low,2022,aerial2022,"leaf-off 2022 aerial; closed woodland: edge trees along the street and the south clearing placed, interior is a representative fill",
trees,t_1199,,deciduous,veg,low,2022,aerial2022,"leaf-off 2022 aerial; closed woodland: edge trees along the street and the south clearing placed, interior is a representative fill",
trees,t_1200,,deciduous,veg,medium,2022,aerial2022,"leaf-off 2022 aerial; closed woodland: edge trees along the street and the south clearing placed, interior is a representative fill",
trees,t_1201,,deciduous,veg,medium,2022,aerial2022,"leaf-off 2022 aerial; closed woodland: edge trees along the street and the south clearing placed, interior is a representative fill",
trees,t_1202,,deciduous,veg,medium,2022,aerial2022,"leaf-off 2022 aerial; closed woodland: edge trees along the street and the south clearing placed, interior is a representative fill",
trees,t_1203,,deciduous,veg,medium,2022,aerial2022,"leaf-off 2022 aerial; closed woodland: edge trees along the street and the south clearing placed, interior is a representative fill",
trees,t_1204,,deciduous,veg,low,2022,aerial2022,representative woodland fill not a count,
trees,t_1205,,deciduous,veg,low,2022,aerial2022,representative woodland fill not a count,
trees,t_1206,,deciduous,veg,low,2022,aerial2022,representative woodland fill not a count,
trees,t_1207,,deciduous,veg,low,2022,aerial2022,representative woodland fill not a count,
trees,t_1208,,deciduous,veg,low,2022,aerial2022,representative woodland fill not a count,
trees,t_1209,,deciduous,veg,low,2022,aerial2022,representative woodland fill not a count,
trees,t_1210,,deciduous,veg,low,2022,aerial2022,representative woodland fill not a count,
trees,t_1211,,deciduous,veg,low,2022,aerial2022,representative woodland fill not a count,
trees,t_1212,,deciduous,veg,low,2022,aerial2022,representative woodland fill not a count,
trees,t_1213,,deciduous,veg,low,2022,aerial2022,representative woodland fill not a count,
trees,t_1214,,deciduous,veg,low,2022,aerial2022,representative woodland fill not a count,
trees,t_1215,,deciduous,veg,low,2022,aerial2022,representative woodland fill not a count,
trees,t_1216,,deciduous,veg,low,2022,aerial2022,representative woodland fill not a count,
trees,t_1217,,deciduous,veg,low,2022,aerial2022,representative woodland fill not a count,
trees,t_1218,,deciduous,veg,low,2022,aerial2022,representative woodland fill not a count,
trees,t_1219,,deciduous,veg,low,2022,aerial2022,representative woodland fill not a count,
trees,t_1220,,deciduous,veg,low,2022,aerial2022,representative woodland fill not a count,
trees,t_1221,,deciduous,veg,low,2022,aerial2022,representative woodland fill not a count,
trees,t_1222,,deciduous,veg,low,2022,aerial2022,representative woodland fill not a count,
trees,t_1223,,deciduous,veg,low,2022,aerial2022,representative woodland fill not a count,
trees,t_1224,,deciduous,veg,low,2022,aerial2022,representative woodland fill not a count,
trees,t_1225,,deciduous,veg,low,2022,aerial2022,representative woodland fill not a count,
trees,t_1226,,deciduous,veg,low,2022,aerial2022,representative woodland fill not a count,
trees,t_1227,,deciduous,veg,low,2022,aerial2022,representative woodland fill not a count,
trees,t_1228,,deciduous,veg,low,2022,aerial2022,representative woodland fill not a count,
trees,t_1229,,deciduous,veg,low,2022,aerial2022,representative woodland fill not a count,
trees,t_1230,,deciduous,veg,low,2022,aerial2022,representative woodland fill not a count,
trees,t_1231,,deciduous,veg,low,2022,aerial2022,representative woodland fill not a count,
trees,t_1232,,deciduous,veg,low,2022,aerial2022,representative woodland fill not a count,
trees,t_1233,,deciduous,veg,low,2022,aerial2022,representative woodland fill not a count,
trees,t_1234,,deciduous,veg,low,2022,aerial2022,representative woodland fill not a count,
trees,t_1235,,deciduous,veg,low,2022,aerial2022,representative woodland fill not a count,
trees,t_1236,,deciduous,veg,low,2022,aerial2022,representative woodland fill not a count,
trees,t_1237,,deciduous,veg,low,2022,aerial2022,representative woodland fill not a count,
trees,t_1238,,deciduous,veg,low,2022,aerial2022,representative woodland fill not a count,
trees,t_1239,,deciduous,veg,low,2022,aerial2022,representative woodland fill not a count,
trees,t_1240,,deciduous,veg,low,2022,aerial2022,representative woodland fill not a count,
trees,t_1241,,deciduous,veg,low,2022,aerial2022,representative woodland fill not a count,
trees,t_1242,,deciduous,veg,low,2022,aerial2022,representative woodland fill not a count,
trees,t_1243,,deciduous,veg,low,2022,aerial2022,representative woodland fill not a count,
trees,t_1244,,deciduous,veg,low,2022,aerial2022,representative woodland fill not a count,
trees,t_1245,,deciduous,veg,low,2022,aerial2022,representative woodland fill not a count,
trees,t_1246,,deciduous,veg,low,2022,aerial2022,representative woodland fill not a count,
trees,t_1247,,deciduous,veg,low,2022,aerial2022,representative woodland fill not a count,
trees,t_1248,,deciduous,veg,low,2022,aerial2022,representative woodland fill not a count,
trees,t_1249,,deciduous,veg,low,2022,aerial2022,representative woodland fill not a count,
trees,t_1250,,deciduous,veg,low,2022,aerial2022,representative woodland fill not a count,
trees,t_1251,,deciduous,veg,low,2022,aerial2022,representative woodland fill not a count,
trees,t_1252,,deciduous,veg,low,2022,aerial2022,representative woodland fill not a count,
trees,t_1253,,deciduous,veg,low,2022,aerial2022,representative woodland fill not a count,
trees,t_1254,,deciduous,veg,low,2022,aerial2022,representative woodland fill not a count,
trees,t_1255,,deciduous,veg,low,2022,aerial2022,representative woodland fill not a count,
trees,t_1256,,deciduous,veg,low,2022,aerial2022,representative woodland fill not a count,
trees,t_1257,,deciduous,veg,low,2022,aerial2022,representative woodland fill not a count,
trees,t_1258,,deciduous,veg,low,2022,aerial2022,representative woodland fill not a count,
trees,t_1259,,deciduous,veg,low,2022,aerial2022,representative woodland fill not a count,
trees,t_1260,,deciduous,veg,low,2022,aerial2022,representative woodland fill not a count,
trees,t_1261,,deciduous,veg,low,2022,aerial2022,representative woodland fill not a count,
trees,t_1262,,deciduous,veg,low,2022,aerial2022,representative woodland fill not a count,
trees,t_1263,,deciduous,veg,low,2022,aerial2022,representative woodland fill not a count,
trees,t_1264,,deciduous,veg,low,2022,aerial2022,representative woodland fill not a count,
trees,t_1265,,deciduous,veg,low,2022,aerial2022,representative woodland fill not a count,
trees,t_1266,,deciduous,veg,low,2022,aerial2022,representative woodland fill not a count,
trees,t_1267,,deciduous,veg,low,2022,aerial2022,representative woodland fill not a count,
trees,t_1268,,deciduous,veg,low,2022,aerial2022,representative woodland fill not a count,
trees,t_1269,,deciduous,veg,low,2022,aerial2022,representative woodland fill not a count,
trees,t_1270,,deciduous,veg,low,2022,aerial2022,representative woodland fill not a count,
trees,t_1271,,deciduous,veg,low,2022,aerial2022,representative woodland fill not a count,
trees,t_1272,,deciduous,veg,low,2022,aerial2022,representative woodland fill not a count,
trees,t_1273,,deciduous,veg,low,2022,aerial2022,representative woodland fill not a count,
trees,t_1274,,deciduous,veg,low,2022,aerial2022,representative woodland fill not a count,
trees,t_1275,,deciduous,veg,low,2022,aerial2022,representative woodland fill not a count,
trees,t_1276,,deciduous,veg,low,2022,aerial2022,representative woodland fill not a count,
trees,t_1277,,deciduous,veg,low,2022,aerial2022,representative woodland fill not a count,
trees,t_1278,,deciduous,veg,low,2022,aerial2022,representative woodland fill not a count,
trees,t_1279,,deciduous,veg,low,2022,aerial2022,representative woodland fill not a count,
trees,t_1280,,deciduous,veg,low,2022,aerial2022,representative woodland fill not a count,
trees,t_1281,,deciduous,veg,low,2022,aerial2022,representative woodland fill not a count,
trees,t_1282,,deciduous,veg,low,2022,aerial2022,representative woodland fill not a count,
trees,t_1283,,deciduous,veg,low,2022,aerial2022,representative woodland fill not a count,
trees,t_1284,,deciduous,veg,low,2022,aerial2022,representative woodland fill not a count,
trees,t_1285,,deciduous,veg,low,2022,aerial2022,representative woodland fill not a count,
trees,t_1286,,deciduous,veg,low,2022,aerial2022,representative woodland fill not a count,
trees,t_1287,,deciduous,veg,low,2022,aerial2022,representative woodland fill not a count,
trees,t_1288,,deciduous,veg,low,2022,aerial2022,representative woodland fill not a count,
trees,t_1289,,deciduous,veg,low,2022,aerial2022,representative woodland fill not a count,
trees,t_1290,,deciduous,veg,low,2022,aerial2022,representative woodland fill not a count,
trees,t_1291,,deciduous,veg,low,2022,aerial2022,representative woodland fill not a count,
trees,t_1292,,deciduous,veg,low,2022,aerial2022,representative woodland fill not a count,
trees,t_1293,,deciduous,veg,low,2022,aerial2022,representative woodland fill not a count,
trees,t_1294,,deciduous,veg,low,2022,aerial2022,representative woodland fill not a count,
trees,t_1295,,deciduous,veg,low,2022,aerial2022,representative woodland fill not a count,
trees,t_1296,,deciduous,veg,low,2022,aerial2022,representative woodland fill not a count,
trees,t_1297,,deciduous,veg,low,2022,aerial2022,representative woodland fill not a count,
trees,t_1298,,deciduous,veg,low,2022,aerial2022,representative woodland fill not a count,
trees,t_1299,,deciduous,veg,low,2022,aerial2022,representative woodland fill not a count,
trees,t_1300,,deciduous,veg,low,2022,aerial2022,representative woodland fill not a count,
trees,t_1301,,deciduous,veg,low,2022,aerial2022,representative woodland fill not a count,
trees,t_1302,,deciduous,veg,low,2022,aerial2022,representative woodland fill not a count,
trees,t_1303,,deciduous,veg,low,2022,aerial2022,representative woodland fill not a count,
trees,t_1304,,deciduous,veg,low,2022,aerial2022,representative woodland fill not a count,
trees,t_1305,,deciduous,veg,low,2022,aerial2022,representative woodland fill not a count,
trees,t_1306,,deciduous,veg,low,2022,aerial2022,representative woodland fill not a count,
trees,t_1307,,deciduous,veg,low,2022,aerial2022,representative woodland fill not a count,
trees,t_1308,,deciduous,veg,low,2022,aerial2022,representative woodland fill not a count,
trees,t_1309,,deciduous,veg,low,2022,aerial2022,representative woodland fill not a count,
trees,t_1310,,deciduous,veg,low,2022,aerial2022,representative woodland fill not a count,
trees,t_1311,,deciduous,veg,low,2022,aerial2022,representative woodland fill not a count,
trees,t_1312,,deciduous,veg,low,2022,aerial2022,representative woodland fill not a count,
trees,t_1313,,deciduous,veg,low,2022,aerial2022,representative woodland fill not a count,
trees,t_1314,,deciduous,veg,low,2022,aerial2022,representative woodland fill not a count,
trees,t_1315,,deciduous,veg,low,2022,aerial2022,representative woodland fill not a count,
trees,t_1316,,deciduous,veg,low,2022,aerial2022,representative woodland fill not a count,
trees,t_1317,,deciduous,veg,low,2022,aerial2022,representative woodland fill not a count,
trees,t_1318,,deciduous,veg,low,2022,aerial2022,representative woodland fill not a count,
trees,t_1319,,deciduous,veg,low,2022,aerial2022,representative woodland fill not a count,
trees,t_1320,,deciduous,veg,low,2022,aerial2022,representative woodland fill not a count,
trees,t_1321,,deciduous,veg,low,2022,aerial2022,representative woodland fill not a count,
trees,t_1322,,deciduous,veg,low,2022,aerial2022,representative woodland fill not a count,
trees,t_1323,,deciduous,veg,low,2022,aerial2022,representative woodland fill not a count,
trees,t_1324,,deciduous,veg,low,2022,aerial2022,representative woodland fill not a count,
trees,t_1325,,deciduous,veg,low,2022,aerial2022,representative woodland fill not a count,
trees,t_1326,,deciduous,veg,low,2022,aerial2022,representative woodland fill not a count,
trees,t_1327,,deciduous,veg,low,2022,aerial2022,representative woodland fill not a count,
trees,t_1328,,deciduous,veg,low,2022,aerial2022,representative woodland fill not a count,
trees,t_1329,,deciduous,veg,low,2022,aerial2022,representative woodland fill not a count,
trees,t_1330,,deciduous,veg,low,2022,aerial2022,representative woodland fill not a count,
trees,t_1331,,deciduous,veg,low,2022,aerial2022,representative woodland fill not a count,
trees,t_1332,,deciduous,veg,low,2022,aerial2022,representative woodland fill not a count,
trees,t_1333,,deciduous,veg,low,2022,aerial2022,representative woodland fill not a count,
trees,t_1334,,deciduous,veg,low,2022,aerial2022,representative woodland fill not a count,
trees,t_1335,,deciduous,veg,low,2022,aerial2022,representative woodland fill not a count,
trees,t_1336,,deciduous,veg,low,2022,aerial2022,representative woodland fill not a count,
trees,t_1337,,deciduous,veg,low,2022,aerial2022,representative woodland fill not a count,
trees,t_1338,,deciduous,veg,medium,2022,aerial2022,leaf-off 2022 aerial; woodland and beds as representative fills (not counts); lawn trees from crowns/shadows,
trees,t_1339,,deciduous,veg,medium,2022,aerial2022,leaf-off 2022 aerial; woodland and beds as representative fills (not counts); lawn trees from crowns/shadows,
trees,t_1340,,deciduous,veg,medium,2022,aerial2022,leaf-off 2022 aerial; woodland and beds as representative fills (not counts); lawn trees from crowns/shadows,
trees,t_1341,,deciduous,veg,medium,2022,aerial2022,leaf-off 2022 aerial; woodland and beds as representative fills (not counts); lawn trees from crowns/shadows,
trees,t_1342,,shrub,veg,low,2022,aerial2022,woody bed representative fill,
trees,t_1343,,shrub,veg,low,2022,aerial2022,woody bed representative fill,
trees,t_1344,,shrub,veg,low,2022,aerial2022,woody bed representative fill,
trees,t_1345,,shrub,veg,low,2022,aerial2022,woody bed representative fill,
trees,t_1346,,shrub,veg,low,2022,aerial2022,woody bed representative fill,
trees,t_1347,,shrub,veg,low,2022,aerial2022,woody bed representative fill,
trees,t_1348,,shrub,veg,low,2022,aerial2022,woody bed representative fill,
trees,t_1349,,shrub,veg,low,2022,aerial2022,woody bed representative fill,
trees,t_1350,,deciduous,veg,low,2022,aerial2022,small tree in the woody bed,
trees,t_1351,,deciduous,veg,low,2022,aerial2022,small tree in the woody bed,
trees,t_1352,,shrub,veg,low,2022,aerial2022,woody bed representative fill,
trees,t_1353,,shrub,veg,low,2022,aerial2022,woody bed representative fill,
trees,t_1354,,shrub,veg,low,2022,aerial2022,woody bed representative fill,
trees,t_1355,,deciduous,veg,low,2022,aerial2022,leaf-off 2022 aerial; woodland and beds as representative fills (not counts); lawn trees from crowns/shadows,
trees,t_1356,,conifer,veg,medium,2022,aerial2022,leaf-off 2022 aerial; woodland and beds as representative fills (not counts); lawn trees from crowns/shadows,
trees,t_1357,,conifer,veg,medium,2022,aerial2022,leaf-off 2022 aerial; woodland and beds as representative fills (not counts); lawn trees from crowns/shadows,
trees,t_1358,,conifer,veg,medium,2022,aerial2022,leaf-off 2022 aerial; woodland and beds as representative fills (not counts); lawn trees from crowns/shadows,
trees,t_1359,,conifer,veg,medium,2022,aerial2022,leaf-off 2022 aerial; woodland and beds as representative fills (not counts); lawn trees from crowns/shadows,
trees,t_1360,,deciduous,veg,low,2022,aerial2022,leaf-off 2022 aerial; woodland and beds as representative fills (not counts); lawn trees from crowns/shadows,
trees,t_1361,,deciduous,veg,low,2022,aerial2022,representative woodland fill not a count,
trees,t_1362,,deciduous,veg,low,2022,aerial2022,representative woodland fill not a count,
trees,t_1363,,deciduous,veg,low,2022,aerial2022,representative woodland fill not a count,
trees,t_1364,,deciduous,veg,low,2022,aerial2022,representative woodland fill not a count,
trees,t_1365,,deciduous,veg,low,2022,aerial2022,representative woodland fill not a count,
trees,t_1366,,deciduous,veg,low,2022,aerial2022,representative woodland fill not a count,
trees,t_1367,,deciduous,veg,low,2022,aerial2022,representative woodland fill not a count,
trees,t_1368,,deciduous,veg,low,2022,aerial2022,representative woodland fill not a count,
trees,t_1369,,deciduous,veg,low,2022,aerial2022,representative woodland fill not a count,
trees,t_1370,,deciduous,veg,low,2022,aerial2022,representative woodland fill not a count,
trees,t_1371,,deciduous,veg,low,2022,aerial2022,representative woodland fill not a count,
trees,t_1372,,deciduous,veg,low,2022,aerial2022,representative woodland fill not a count,
trees,t_1373,,deciduous,veg,low,2022,aerial2022,representative woodland fill not a count,
trees,t_1374,,deciduous,veg,low,2022,aerial2022,representative woodland fill not a count,
trees,t_1375,,deciduous,veg,low,2022,aerial2022,representative woodland fill not a count,
trees,t_1376,,deciduous,veg,low,2022,aerial2022,representative woodland fill not a count,
trees,t_1377,,deciduous,veg,low,2022,aerial2022,representative woodland fill not a count,
trees,t_1378,,deciduous,veg,low,2022,aerial2022,representative woodland fill not a count,
trees,t_1379,,deciduous,veg,low,2022,aerial2022,representative woodland fill not a count,
trees,t_1380,,conifer,veg,medium,2022,aerial2022,leaf-off 2022 aerial; evergreens from green crowns; woodland as edge trees plus a representative fill (not a count); aerial ends near z 478,
trees,t_1381,,conifer,veg,medium,2022,aerial2022,leaf-off 2022 aerial; evergreens from green crowns; woodland as edge trees plus a representative fill (not a count); aerial ends near z 478,
trees,t_1382,,conifer,veg,medium,2022,aerial2022,leaf-off 2022 aerial; evergreens from green crowns; woodland as edge trees plus a representative fill (not a count); aerial ends near z 478,
trees,t_1383,,conifer,veg,medium,2022,aerial2022,leaf-off 2022 aerial; evergreens from green crowns; woodland as edge trees plus a representative fill (not a count); aerial ends near z 478,
trees,t_1384,,conifer,veg,medium,2022,aerial2022,leaf-off 2022 aerial; evergreens from green crowns; woodland as edge trees plus a representative fill (not a count); aerial ends near z 478,
trees,t_1385,,conifer,veg,medium,2022,aerial2022,leaf-off 2022 aerial; evergreens from green crowns; woodland as edge trees plus a representative fill (not a count); aerial ends near z 478,
trees,t_1386,,conifer,veg,low,2022,aerial2022,leaf-off 2022 aerial; evergreens from green crowns; woodland as edge trees plus a representative fill (not a count); aerial ends near z 478,
trees,t_1387,,deciduous,veg,medium,2022,aerial2022,leaf-off 2022 aerial; evergreens from green crowns; woodland as edge trees plus a representative fill (not a count); aerial ends near z 478,
trees,t_1388,,deciduous,veg,medium,2022,aerial2022,leaf-off 2022 aerial; evergreens from green crowns; woodland as edge trees plus a representative fill (not a count); aerial ends near z 478,
trees,t_1389,,deciduous,veg,low,2022,aerial2022,leaf-off 2022 aerial; evergreens from green crowns; woodland as edge trees plus a representative fill (not a count); aerial ends near z 478,
trees,t_1390,,shrub,veg,low,2022,aerial2022,woody bed representative fill,
trees,t_1391,,shrub,veg,low,2022,aerial2022,woody bed representative fill,
trees,t_1392,,shrub,veg,low,2022,aerial2022,woody bed representative fill,
trees,t_1393,,shrub,veg,low,2022,aerial2022,woody bed representative fill,
trees,t_1394,,shrub,veg,low,2022,aerial2022,woody bed representative fill,
trees,t_1395,,deciduous,veg,medium,2022,aerial2022,leaf-off 2022 aerial; evergreens from green crowns; woodland as edge trees plus a representative fill (not a count); aerial ends near z 478,
trees,t_1396,,deciduous,veg,medium,2022,aerial2022,leaf-off 2022 aerial; evergreens from green crowns; woodland as edge trees plus a representative fill (not a count); aerial ends near z 478,
trees,t_1397,,deciduous,veg,medium,2022,aerial2022,leaf-off 2022 aerial; evergreens from green crowns; woodland as edge trees plus a representative fill (not a count); aerial ends near z 478,
trees,t_1398,,deciduous,veg,medium,2022,aerial2022,leaf-off 2022 aerial; evergreens from green crowns; woodland as edge trees plus a representative fill (not a count); aerial ends near z 478,
trees,t_1399,,deciduous,veg,low,2022,aerial2022,leaf-off 2022 aerial; evergreens from green crowns; woodland as edge trees plus a representative fill (not a count); aerial ends near z 478,
trees,t_1400,,conifer,veg,high,2022,aerial2022,leaf-off 2022 aerial; evergreens from green crowns; woodland as edge trees plus a representative fill (not a count); aerial ends near z 478,
trees,t_1401,,conifer,veg,high,2022,aerial2022,leaf-off 2022 aerial; evergreens from green crowns; woodland as edge trees plus a representative fill (not a count); aerial ends near z 478,
trees,t_1402,,conifer,veg,high,2022,aerial2022,leaf-off 2022 aerial; evergreens from green crowns; woodland as edge trees plus a representative fill (not a count); aerial ends near z 478,
trees,t_1403,,conifer,veg,high,2022,aerial2022,leaf-off 2022 aerial; evergreens from green crowns; woodland as edge trees plus a representative fill (not a count); aerial ends near z 478,
trees,t_1404,,conifer,veg,high,2022,aerial2022,leaf-off 2022 aerial; evergreens from green crowns; woodland as edge trees plus a representative fill (not a count); aerial ends near z 478,
trees,t_1405,,conifer,veg,medium,2022,aerial2022,leaf-off 2022 aerial; evergreens from green crowns; woodland as edge trees plus a representative fill (not a count); aerial ends near z 478,
trees,t_1406,,conifer,veg,high,2022,aerial2022,leaf-off 2022 aerial; evergreens from green crowns; woodland as edge trees plus a representative fill (not a count); aerial ends near z 478,
trees,t_1407,,conifer,veg,high,2022,aerial2022,leaf-off 2022 aerial; evergreens from green crowns; woodland as edge trees plus a representative fill (not a count); aerial ends near z 478,
trees,t_1408,,conifer,veg,medium,2022,aerial2022,leaf-off 2022 aerial; evergreens from green crowns; woodland as edge trees plus a representative fill (not a count); aerial ends near z 478,
trees,t_1409,,deciduous,veg,low,2022,aerial2022,leaf-off 2022 aerial; evergreens from green crowns; woodland as edge trees plus a representative fill (not a count); aerial ends near z 478,
trees,t_1410,,deciduous,veg,medium,2022,aerial2022,leaf-off 2022 aerial; evergreens from green crowns; woodland as edge trees plus a representative fill (not a count); aerial ends near z 478,
trees,t_1411,,shrub,veg,medium,2022,aerial2022,round evergreen shrubs along the drive,
trees,t_1412,,shrub,veg,medium,2022,aerial2022,round evergreen shrubs along the drive,
trees,t_1413,,shrub,veg,medium,2022,aerial2022,round evergreen shrubs along the drive,
trees,t_1414,,shrub,veg,medium,2022,aerial2022,round evergreen shrubs along the drive,
trees,t_1415,,shrub,veg,medium,2022,aerial2022,round evergreen shrubs along the drive,
trees,t_1416,,shrub,veg,medium,2022,aerial2022,round evergreen shrubs along the drive,
trees,t_1417,,deciduous,veg,medium,2022,aerial2022,leaf-off 2022 aerial; evergreens from green crowns; woodland as edge trees plus a representative fill (not a count); aerial ends near z 478,
trees,t_1418,,deciduous,veg,medium,2022,aerial2022,leaf-off 2022 aerial; evergreens from green crowns; woodland as edge trees plus a representative fill (not a count); aerial ends near z 478,
trees,t_1419,,deciduous,veg,low,2022,aerial2022,leaf-off 2022 aerial; evergreens from green crowns; woodland as edge trees plus a representative fill (not a count); aerial ends near z 478,
trees,t_1420,,deciduous,veg,medium,2022,aerial2022,leaf-off 2022 aerial; evergreens from green crowns; woodland as edge trees plus a representative fill (not a count); aerial ends near z 478,
trees,t_1421,,deciduous,veg,medium,2022,aerial2022,leaf-off 2022 aerial; evergreens from green crowns; woodland as edge trees plus a representative fill (not a count); aerial ends near z 478,
trees,t_1422,,deciduous,veg,low,2022,aerial2022,representative woodland fill not a count,
trees,t_1423,,deciduous,veg,low,2022,aerial2022,representative woodland fill not a count,
trees,t_1424,,deciduous,veg,low,2022,aerial2022,representative woodland fill not a count,
trees,t_1425,,deciduous,veg,low,2022,aerial2022,representative woodland fill not a count,
trees,t_1426,,deciduous,veg,low,2022,aerial2022,representative woodland fill not a count,
trees,t_1427,,deciduous,veg,low,2022,aerial2022,representative woodland fill not a count,
trees,t_1428,,deciduous,veg,low,2022,aerial2022,representative woodland fill not a count,
trees,t_1429,,deciduous,veg,low,2022,aerial2022,representative woodland fill not a count,
trees,t_1430,,deciduous,veg,low,2022,aerial2022,representative woodland fill not a count,
trees,t_1431,,deciduous,veg,low,2022,aerial2022,representative woodland fill not a count,
trees,t_1432,,deciduous,veg,low,2022,aerial2022,representative woodland fill not a count,
trees,t_1433,,deciduous,veg,low,2022,aerial2022,representative woodland fill not a count,
trees,t_1434,,deciduous,veg,low,2022,aerial2022,representative woodland fill not a count,
trees,t_1435,,deciduous,veg,low,2022,aerial2022,representative woodland fill not a count,
trees,t_1436,,deciduous,veg,low,2022,aerial2022,representative woodland fill not a count,
trees,t_1437,,deciduous,veg,low,2022,aerial2022,representative woodland fill not a count,
trees,t_1438,,deciduous,veg,low,2022,aerial2022,representative woodland fill not a count,
trees,t_1439,,deciduous,veg,low,2022,aerial2022,representative woodland fill not a count,
trees,t_1440,,deciduous,veg,low,2022,aerial2022,representative woodland fill not a count,
trees,t_1441,,deciduous,veg,low,2022,aerial2022,representative woodland fill not a count,
trees,t_1442,,deciduous,veg,low,2022,aerial2022,representative woodland fill not a count,
trees,t_1443,,deciduous,veg,medium,2022,aerial2022,leaf-off 2022 aerial; house-lot trees and woodland edge trees read from shadows/crowns (trunk bases at the SE end of trunk shadows),
trees,t_1444,,conifer,veg,medium,2022,aerial2022,leaf-off 2022 aerial; house-lot trees and woodland edge trees read from shadows/crowns (trunk bases at the SE end of trunk shadows),
trees,t_1445,,conifer,veg,medium,2022,aerial2022,leaf-off 2022 aerial; house-lot trees and woodland edge trees read from shadows/crowns (trunk bases at the SE end of trunk shadows),
trees,t_1446,,conifer,veg,low,2022,aerial2022,leaf-off 2022 aerial; house-lot trees and woodland edge trees read from shadows/crowns (trunk bases at the SE end of trunk shadows),
trees,t_1447,,deciduous,veg,high,2022,aerial2022,leaf-off 2022 aerial; house-lot trees and woodland edge trees read from shadows/crowns (trunk bases at the SE end of trunk shadows),
trees,t_1448,,deciduous,veg,high,2022,aerial2022,leaf-off 2022 aerial; house-lot trees and woodland edge trees read from shadows/crowns (trunk bases at the SE end of trunk shadows),
trees,t_1449,,deciduous,veg,low,2022,aerial2022,trunk beside the house west wing branch shadows on the roof,
trees,t_1450,,deciduous,veg,high,2022,aerial2022,leaf-off 2022 aerial; house-lot trees and woodland edge trees read from shadows/crowns (trunk bases at the SE end of trunk shadows),
trees,t_1451,,deciduous,veg,high,2022,aerial2022,leaf-off 2022 aerial; house-lot trees and woodland edge trees read from shadows/crowns (trunk bases at the SE end of trunk shadows),
trees,t_1452,,deciduous,veg,high,2022,aerial2022,leaf-off 2022 aerial; house-lot trees and woodland edge trees read from shadows/crowns (trunk bases at the SE end of trunk shadows),
trees,t_1453,,shrub,veg,medium,2022,aerial2022,flowering shrub yellow in spring,
trees,t_1454,,shrub,veg,medium,2022,aerial2022,shrubs in the rock border on the lot line,
trees,t_1455,,shrub,veg,medium,2022,aerial2022,shrubs in the rock border on the lot line,
trees,t_1456,,shrub,veg,medium,2022,aerial2022,shrubs in the rock border on the lot line,
trees,t_1457,,shrub,veg,medium,2022,aerial2022,shrubs in the rock border on the lot line,
trees,t_1458,,shrub,veg,medium,2022,aerial2022,shrubs in the rock border on the lot line,
trees,t_1459,,shrub,veg,medium,2022,aerial2022,shrubs in the rock border on the lot line,
trees,t_1460,,deciduous,veg,medium,2022,aerial2022,leaf-off 2022 aerial; house-lot trees and woodland edge trees read from shadows/crowns (trunk bases at the SE end of trunk shadows),
trees,t_1461,,conifer,veg,high,2022,aerial2022,leaf-off 2022 aerial; house-lot trees and woodland edge trees read from shadows/crowns (trunk bases at the SE end of trunk shadows),
trees,t_1462,,deciduous,veg,medium,2022,aerial2022,leaf-off 2022 aerial; house-lot trees and woodland edge trees read from shadows/crowns (trunk bases at the SE end of trunk shadows),
trees,t_1463,,deciduous,veg,medium,2022,aerial2022,leaf-off 2022 aerial; house-lot trees and woodland edge trees read from shadows/crowns (trunk bases at the SE end of trunk shadows),
trees,t_1464,,deciduous,veg,medium,2022,aerial2022,leaf-off 2022 aerial; house-lot trees and woodland edge trees read from shadows/crowns (trunk bases at the SE end of trunk shadows),
trees,t_1465,,deciduous,veg,medium,2022,aerial2022,leaf-off 2022 aerial; house-lot trees and woodland edge trees read from shadows/crowns (trunk bases at the SE end of trunk shadows),
trees,t_1466,,deciduous,veg,medium,2022,aerial2022,leaf-off 2022 aerial; house-lot trees and woodland edge trees read from shadows/crowns (trunk bases at the SE end of trunk shadows),
trees,t_1467,,ornamental,veg,medium,2022,aerial2022,leaf-off 2022 aerial; house-lot trees and woodland edge trees read from shadows/crowns (trunk bases at the SE end of trunk shadows),
trees,t_1468,,conifer,veg,high,2022,aerial2022,leaf-off 2022 aerial; house-lot trees and woodland edge trees read from shadows/crowns (trunk bases at the SE end of trunk shadows),
trees,t_1469,,deciduous,veg,medium,2022,aerial2022,leaf-off 2022 aerial; house-lot trees and woodland edge trees read from shadows/crowns (trunk bases at the SE end of trunk shadows),
trees,t_1470,,deciduous,veg,medium,2022,aerial2022,leaf-off 2022 aerial; house-lot trees and woodland edge trees read from shadows/crowns (trunk bases at the SE end of trunk shadows),
trees,t_1471,,deciduous,veg,medium,2022,aerial2022,leaf-off 2022 aerial; house-lot trees and woodland edge trees read from shadows/crowns (trunk bases at the SE end of trunk shadows),
trees,t_1472,,deciduous,veg,medium,2022,aerial2022,leaf-off 2022 aerial; house-lot trees and woodland edge trees read from shadows/crowns (trunk bases at the SE end of trunk shadows),nudged 0.2 m off a traced walk (merge rule)
trees,t_1473,,deciduous,veg,medium,2022,aerial2022,leaf-off 2022 aerial; house-lot trees and woodland edge trees read from shadows/crowns (trunk bases at the SE end of trunk shadows),
trees,t_1474,,deciduous,veg,medium,2022,aerial2022,leaf-off 2022 aerial; house-lot trees and woodland edge trees read from shadows/crowns (trunk bases at the SE end of trunk shadows),
trees,t_1475,,deciduous,veg,medium,2022,aerial2022,leaf-off 2022 aerial; house-lot trees and woodland edge trees read from shadows/crowns (trunk bases at the SE end of trunk shadows),
trees,t_1476,,deciduous,veg,medium,2022,aerial2022,leaf-off 2022 aerial; house-lot trees and woodland edge trees read from shadows/crowns (trunk bases at the SE end of trunk shadows),
trees,t_1477,,deciduous,veg,medium,2022,aerial2022,leaf-off 2022 aerial; house-lot trees and woodland edge trees read from shadows/crowns (trunk bases at the SE end of trunk shadows),
trees,t_1478,,deciduous,veg,medium,2022,aerial2022,leaf-off 2022 aerial; house-lot trees and woodland edge trees read from shadows/crowns (trunk bases at the SE end of trunk shadows),
trees,t_1479,,conifer,veg,low,2022,aerial2022,leaf-off 2022 aerial; house-lot trees and woodland edge trees read from shadows/crowns (trunk bases at the SE end of trunk shadows),
trees,t_1480,,conifer,veg,low,2022,aerial2022,leaf-off 2022 aerial; house-lot trees and woodland edge trees read from shadows/crowns (trunk bases at the SE end of trunk shadows),
trees,t_1481,,shrub,veg,medium,2022,aerial2022,flowering shrub yellow in spring,
trees,t_1482,,deciduous,veg,medium,2022,aerial2022,leaf-off 2022 aerial; house-lot trees and woodland edge trees read from shadows/crowns (trunk bases at the SE end of trunk shadows),
trees,t_1483,,deciduous,veg,medium,2022,aerial2022,leaf-off 2022 aerial; house-lot trees and woodland edge trees read from shadows/crowns (trunk bases at the SE end of trunk shadows),
trees,t_1484,,deciduous,veg,medium,2022,aerial2022,leaf-off 2022 aerial; house-lot trees and woodland edge trees read from shadows/crowns (trunk bases at the SE end of trunk shadows),
trees,t_1485,,deciduous,veg,medium,2022,aerial2022,leaf-off 2022 aerial; house-lot trees and woodland edge trees read from shadows/crowns (trunk bases at the SE end of trunk shadows),
trees,t_1486,,deciduous,veg,medium,2022,aerial2022,leaf-off 2022 aerial; house-lot trees and woodland edge trees read from shadows/crowns (trunk bases at the SE end of trunk shadows),
trees,t_1487,,deciduous,veg,medium,2022,aerial2022,leaf-off 2022 aerial; house-lot trees and woodland edge trees read from shadows/crowns (trunk bases at the SE end of trunk shadows),
trees,t_1488,,deciduous,veg,medium,2022,aerial2022,leaf-off 2022 aerial; house-lot trees and woodland edge trees read from shadows/crowns (trunk bases at the SE end of trunk shadows),
trees,t_1489,,deciduous,veg,medium,2022,aerial2022,leaf-off 2022 aerial; house-lot trees and woodland edge trees read from shadows/crowns (trunk bases at the SE end of trunk shadows),
trees,t_1490,,deciduous,veg,medium,2022,aerial2022,leaf-off 2022 aerial; house-lot trees and woodland edge trees read from shadows/crowns (trunk bases at the SE end of trunk shadows),
trees,t_1491,,deciduous,veg,medium,2022,aerial2022,leaf-off 2022 aerial; house-lot trees and woodland edge trees read from shadows/crowns (trunk bases at the SE end of trunk shadows),
trees,t_1492,,deciduous,veg,medium,2022,aerial2022,leaf-off 2022 aerial; house-lot trees and woodland edge trees read from shadows/crowns (trunk bases at the SE end of trunk shadows),
trees,t_1493,,deciduous,veg,medium,2022,aerial2022,leaf-off 2022 aerial; house-lot trees and woodland edge trees read from shadows/crowns (trunk bases at the SE end of trunk shadows),
trees,t_1494,,deciduous,veg,medium,2022,aerial2022,leaf-off 2022 aerial; house-lot trees and woodland edge trees read from shadows/crowns (trunk bases at the SE end of trunk shadows),
trees,t_1495,,conifer,veg,medium,2022,aerial2022,leaf-off 2022 aerial; house-lot trees and woodland edge trees read from shadows/crowns (trunk bases at the SE end of trunk shadows),
trees,t_1496,,deciduous,veg,low,2022,aerial2022,representative woodland fill not a count,
trees,t_1497,,deciduous,veg,low,2022,aerial2022,representative woodland fill not a count,
trees,t_1498,,deciduous,veg,low,2022,aerial2022,representative woodland fill not a count,
trees,t_1499,,deciduous,veg,low,2022,aerial2022,representative woodland fill not a count,
trees,t_1500,,deciduous,veg,low,2022,aerial2022,representative woodland fill not a count,
trees,t_1501,,deciduous,veg,low,2022,aerial2022,representative woodland fill not a count,
trees,t_1502,,deciduous,veg,low,2022,aerial2022,representative woodland fill not a count,nudged 0.8 m off a traced walk (merge rule)
trees,t_1503,,deciduous,veg,low,2022,aerial2022,representative woodland fill not a count,
trees,t_1504,,deciduous,veg,low,2022,aerial2022,representative woodland fill not a count,
trees,t_1505,,deciduous,veg,low,2022,aerial2022,representative woodland fill not a count,
trees,t_1506,,deciduous,veg,low,2022,aerial2022,representative woodland fill not a count,
trees,t_1507,,deciduous,veg,low,2022,aerial2022,representative woodland fill not a count,
trees,t_1508,,deciduous,veg,low,2022,aerial2022,representative woodland fill not a count,
trees,t_1509,,deciduous,veg,low,2022,aerial2022,representative woodland fill not a count,
trees,t_1510,,deciduous,veg,low,2022,aerial2022,representative woodland fill not a count,
trees,t_1511,,deciduous,veg,low,2022,aerial2022,representative woodland fill not a count,
trees,t_1512,,deciduous,veg,low,2022,aerial2022,representative woodland fill not a count,
trees,t_1513,,deciduous,veg,low,2022,aerial2022,representative woodland fill not a count,
trees,t_1514,,deciduous,veg,low,2022,aerial2022,representative woodland fill not a count,
trees,t_1515,,deciduous,veg,low,2022,aerial2022,representative woodland fill not a count,
trees,t_1516,,deciduous,veg,low,2022,aerial2022,representative woodland fill not a count,
trees,t_1517,,deciduous,veg,low,2022,aerial2022,representative woodland fill not a count,
trees,t_1518,,deciduous,veg,low,2022,aerial2022,representative woodland fill not a count,
trees,t_1519,,deciduous,veg,low,2022,aerial2022,representative woodland fill not a count,
trees,t_1520,,deciduous,veg,low,2022,aerial2022,representative woodland fill not a count,
trees,t_1521,,deciduous,veg,low,2022,aerial2022,representative woodland fill not a count,
trees,t_1522,,deciduous,veg,medium,2022,aerial2022,leaf-off 2022 aerial; woodland edge trees and lone trees read from shadows (trunk bases at the SE end of trunk shadows),
trees,t_1523,,deciduous,veg,medium,2022,aerial2022,leaf-off 2022 aerial; woodland edge trees and lone trees read from shadows (trunk bases at the SE end of trunk shadows),
trees,t_1524,,deciduous,veg,medium,2022,aerial2022,leaf-off 2022 aerial; woodland edge trees and lone trees read from shadows (trunk bases at the SE end of trunk shadows),
trees,t_1525,,deciduous,veg,medium,2022,aerial2022,leaf-off 2022 aerial; woodland edge trees and lone trees read from shadows (trunk bases at the SE end of trunk shadows),
trees,t_1526,,deciduous,veg,medium,2022,aerial2022,leaf-off 2022 aerial; woodland edge trees and lone trees read from shadows (trunk bases at the SE end of trunk shadows),
trees,t_1527,,deciduous,veg,low,2022,aerial2022,leaf-off 2022 aerial; woodland edge trees and lone trees read from shadows (trunk bases at the SE end of trunk shadows),
trees,t_1528,,deciduous,veg,medium,2022,aerial2022,leaf-off 2022 aerial; woodland edge trees and lone trees read from shadows (trunk bases at the SE end of trunk shadows),
trees,t_1529,,deciduous,veg,medium,2022,aerial2022,leaf-off 2022 aerial; woodland edge trees and lone trees read from shadows (trunk bases at the SE end of trunk shadows),
trees,t_1530,,deciduous,veg,medium,2022,aerial2022,leaf-off 2022 aerial; woodland edge trees and lone trees read from shadows (trunk bases at the SE end of trunk shadows),
trees,t_1531,,conifer,veg,high,2022,aerial2022,leaf-off 2022 aerial; woodland edge trees and lone trees read from shadows (trunk bases at the SE end of trunk shadows),
trees,t_1532,,conifer,veg,high,2022,aerial2022,leaf-off 2022 aerial; woodland edge trees and lone trees read from shadows (trunk bases at the SE end of trunk shadows),
trees,t_1533,,conifer,veg,high,2022,aerial2022,leaf-off 2022 aerial; woodland edge trees and lone trees read from shadows (trunk bases at the SE end of trunk shadows),
trees,t_1534,,conifer,veg,high,2022,aerial2022,leaf-off 2022 aerial; woodland edge trees and lone trees read from shadows (trunk bases at the SE end of trunk shadows),
trees,t_1535,,ornamental,veg,medium,2022,aerial2022,leaf-off 2022 aerial; woodland edge trees and lone trees read from shadows (trunk bases at the SE end of trunk shadows),
trees,t_1536,,ornamental,veg,medium,2022,aerial2022,leaf-off 2022 aerial; woodland edge trees and lone trees read from shadows (trunk bases at the SE end of trunk shadows),
trees,t_1537,,ornamental,veg,medium,2022,aerial2022,leaf-off 2022 aerial; woodland edge trees and lone trees read from shadows (trunk bases at the SE end of trunk shadows),
trees,t_1538,,deciduous,veg,low,2022,aerial2022,representative woodland fill not a count,
trees,t_1539,,deciduous,veg,low,2022,aerial2022,representative woodland fill not a count,
trees,t_1540,,deciduous,veg,low,2022,aerial2022,representative woodland fill not a count,
trees,t_1541,,deciduous,veg,low,2022,aerial2022,representative woodland fill not a count,
trees,t_1542,,deciduous,veg,low,2022,aerial2022,representative woodland fill not a count,
trees,t_1543,,deciduous,veg,low,2022,aerial2022,representative woodland fill not a count,
trees,t_1544,,deciduous,veg,low,2022,aerial2022,representative woodland fill not a count,
trees,t_1545,,deciduous,veg,low,2022,aerial2022,representative woodland fill not a count,
trees,t_1546,,deciduous,veg,low,2022,aerial2022,representative woodland fill not a count,
trees,t_1547,,deciduous,veg,low,2022,aerial2022,representative woodland fill not a count,
trees,t_1548,,deciduous,veg,low,2022,aerial2022,representative woodland fill not a count,
trees,t_1549,,deciduous,veg,low,2022,aerial2022,representative woodland fill not a count,
trees,t_1550,,deciduous,veg,low,2022,aerial2022,representative woodland fill not a count,
trees,t_1551,,deciduous,veg,low,2022,aerial2022,representative woodland fill not a count,
trees,t_1552,,deciduous,veg,low,2022,aerial2022,representative woodland fill not a count,
trees,t_1553,,deciduous,veg,low,2022,aerial2022,representative woodland fill not a count,
trees,t_1554,,deciduous,veg,low,2022,aerial2022,representative woodland fill not a count,
trees,t_1555,,deciduous,veg,low,2022,aerial2022,representative woodland fill not a count,
trees,t_1556,,deciduous,veg,low,2022,aerial2022,representative woodland fill not a count,
trees,t_1557,,deciduous,veg,low,2022,aerial2022,representative woodland fill not a count,
trees,t_1558,,deciduous,veg,low,2022,aerial2022,representative woodland fill not a count,
trees,t_1559,,deciduous,veg,low,2022,aerial2022,representative woodland fill not a count,
trees,t_1560,,deciduous,veg,low,2022,aerial2022,representative woodland fill not a count,
trees,t_1561,,deciduous,veg,low,2022,aerial2022,representative woodland fill not a count,
trees,t_1562,,deciduous,veg,low,2022,aerial2022,representative woodland fill not a count,
trees,t_1563,,deciduous,veg,low,2022,aerial2022,representative woodland fill not a count,
trees,t_1564,,deciduous,veg,low,2022,aerial2022,representative woodland fill not a count,
trees,t_1565,,deciduous,veg,low,2022,aerial2022,representative woodland fill not a count,
trees,t_1566,,deciduous,veg,low,2022,aerial2022,representative woodland fill not a count,
trees,t_1567,,deciduous,veg,low,2022,aerial2022,representative woodland fill not a count,
trees,t_1568,,deciduous,veg,low,2022,aerial2022,representative woodland fill not a count,
trees,t_1569,,deciduous,veg,low,2022,aerial2022,representative woodland fill not a count,
trees,t_1570,,deciduous,veg,low,2022,aerial2022,representative woodland fill not a count,
trees,t_1571,,deciduous,veg,low,2022,aerial2022,representative woodland fill not a count,
trees,t_1572,,deciduous,veg,low,2022,aerial2022,representative woodland fill not a count,
trees,t_1573,,deciduous,veg,low,2022,aerial2022,representative woodland fill not a count,
trees,t_1574,,conifer,veg,high,2022,aerial2022,evergreen by the east light tower,
trees,t_1575,,shrub,veg,low,2022,aerial2022,shrubs along the stadium south fence inside the paved apron (planting cut-outs assumed),
trees,t_1576,,shrub,veg,low,2022,aerial2022,shrubs along the stadium south fence inside the paved apron (planting cut-outs assumed),
trees,t_1577,,shrub,veg,low,2022,aerial2022,shrubs along the stadium south fence inside the paved apron (planting cut-outs assumed),
trees,t_1578,,shrub,veg,low,2022,aerial2022,shrubs along the stadium south fence inside the paved apron (planting cut-outs assumed),
trees,t_1579,,shrub,veg,low,2022,aerial2022,shrubs along the stadium south fence inside the paved apron (planting cut-outs assumed),
trees,t_1580,,shrub,veg,low,2022,aerial2022,shrubs along the stadium south fence inside the paved apron (planting cut-outs assumed),
trees,t_1581,,shrub,veg,low,2022,aerial2022,shrubs along the stadium south fence inside the paved apron (planting cut-outs assumed),
trees,t_1582,,shrub,veg,low,2022,aerial2022,shrubs along the stadium south fence inside the paved apron (planting cut-outs assumed),
trees,t_1583,,shrub,veg,low,2022,aerial2022,shrubs along the stadium south fence inside the paved apron (planting cut-outs assumed),
trees,t_1584,,shrub,veg,low,2022,aerial2022,shrubs along the stadium south fence inside the paved apron (planting cut-outs assumed),
trees,t_1585,,shrub,veg,low,2022,aerial2022,dark round blobs on the apron edge could be planters or bins,
trees,t_1586,,shrub,veg,low,2022,aerial2022,dark round blobs on the apron edge could be planters or bins,
trees,t_1587,,shrub,veg,low,2022,aerial2022,dark round blobs on the apron edge could be planters or bins,
trees,t_1588,,shrub,veg,low,2022,aerial2022,dark round blobs on the apron edge could be planters or bins,
trees,t_1589,,shrub,veg,low,2022,aerial2022,"leaf-off 2022 aerial; stadium area is turf and paving, only shrub rows and a few planted items",
trees,t_1590,,shrub,veg,medium,2022,aerial2022,"leaf-off 2022 aerial; stadium area is turf and paving, only shrub rows and a few planted items",
trees,t_1591,,shrub,veg,medium,2022,aerial2022,"leaf-off 2022 aerial; stadium area is turf and paving, only shrub rows and a few planted items",
trees,t_1592,,shrub,veg,medium,2022,aerial2022,"leaf-off 2022 aerial; stadium area is turf and paving, only shrub rows and a few planted items",
trees,t_1593,,shrub,veg,medium,2022,aerial2022,"leaf-off 2022 aerial; stadium area is turf and paving, only shrub rows and a few planted items",
trees,t_1594,,shrub,veg,medium,2022,aerial2022,"leaf-off 2022 aerial; stadium area is turf and paving, only shrub rows and a few planted items",
trees,t_1595,,shrub,veg,medium,2022,aerial2022,"leaf-off 2022 aerial; stadium area is turf and paving, only shrub rows and a few planted items",
trees,t_1596,,shrub,veg,medium,2022,aerial2022,"leaf-off 2022 aerial; stadium area is turf and paving, only shrub rows and a few planted items",
trees,t_1597,,shrub,veg,medium,2022,aerial2022,"leaf-off 2022 aerial; stadium area is turf and paving, only shrub rows and a few planted items",
trees,t_1598,,shrub,veg,medium,2022,aerial2022,"leaf-off 2022 aerial; stadium area is turf and paving, only shrub rows and a few planted items",
trees,t_1599,,shrub,veg,medium,2022,aerial2022,"leaf-off 2022 aerial; stadium area is turf and paving, only shrub rows and a few planted items",
trees,t_1600,,shrub,veg,medium,2022,aerial2022,"leaf-off 2022 aerial; stadium area is turf and paving, only shrub rows and a few planted items",
trees,t_1601,,shrub,veg,medium,2022,aerial2022,"leaf-off 2022 aerial; stadium area is turf and paving, only shrub rows and a few planted items",
trees,t_1602,,shrub,veg,medium,2022,aerial2022,"leaf-off 2022 aerial; stadium area is turf and paving, only shrub rows and a few planted items",
trees,t_1603,,shrub,veg,medium,2022,aerial2022,"leaf-off 2022 aerial; stadium area is turf and paving, only shrub rows and a few planted items",
trees,t_1604,,ornamental,veg,medium,2022,aerial2022,leaf-off 2022 aerial; deciduous placed from the shadow pattern or the visible crown,
trees,t_1605,,ornamental,veg,high,2022,aerial2022,leaf-off 2022 aerial; deciduous placed from the shadow pattern or the visible crown,
trees,t_1606,,ornamental,veg,high,2022,aerial2022,leaf-off 2022 aerial; deciduous placed from the shadow pattern or the visible crown,
trees,t_1607,,ornamental,veg,high,2022,aerial2022,leaf-off 2022 aerial; deciduous placed from the shadow pattern or the visible crown,
trees,t_1608,,ornamental,veg,high,2022,aerial2022,leaf-off 2022 aerial; deciduous placed from the shadow pattern or the visible crown,
trees,t_1609,,shrub,veg,medium,2022,aerial2022,leaf-off 2022 aerial; deciduous placed from the shadow pattern or the visible crown,
trees,t_1610,,shrub,veg,medium,2022,aerial2022,leaf-off 2022 aerial; deciduous placed from the shadow pattern or the visible crown,
trees,t_1611,,shrub,veg,medium,2022,aerial2022,leaf-off 2022 aerial; deciduous placed from the shadow pattern or the visible crown,
trees,t_1612,,shrub,veg,medium,2022,aerial2022,leaf-off 2022 aerial; deciduous placed from the shadow pattern or the visible crown,
trees,t_1613,,shrub,veg,medium,2022,aerial2022,leaf-off 2022 aerial; deciduous placed from the shadow pattern or the visible crown,
trees,t_1614,,shrub,veg,medium,2022,aerial2022,leaf-off 2022 aerial; deciduous placed from the shadow pattern or the visible crown,
trees,t_1615,,shrub,veg,low,2022,aerial2022,foundation shrubs along the field house east face offset from the wall uncertain (walk along the wall),
trees,t_1616,,shrub,veg,low,2022,aerial2022,foundation shrubs along the field house east face offset from the wall uncertain (walk along the wall),
trees,t_1617,,shrub,veg,low,2022,aerial2022,foundation shrubs along the field house east face offset from the wall uncertain (walk along the wall),
trees,t_1618,,shrub,veg,low,2022,aerial2022,foundation shrubs along the field house east face offset from the wall uncertain (walk along the wall),nudged 0.4 m off a traced walk (merge rule)
trees,t_1619,,shrub,veg,low,2022,aerial2022,foundation shrubs along the field house east face offset from the wall uncertain (walk along the wall),
trees,t_1620,,shrub,veg,low,2022,aerial2022,foundation shrubs along the field house east face offset from the wall uncertain (walk along the wall),
trees,t_1621,,deciduous,veg,high,2022,aerial2022,leaf-off 2022 aerial; deciduous placed from the shadow pattern or the visible crown,
trees,t_1622,,shrub,veg,medium,2022,aerial2022,evergreen shrub mass on the lawn,
trees,t_1623,,shrub,veg,medium,2022,aerial2022,evergreen shrub mass on the lawn,
trees,t_1624,,shrub,veg,medium,2022,aerial2022,evergreen shrub mass on the lawn,
trees,t_1625,,shrub,veg,medium,2022,aerial2022,evergreen shrub mass on the lawn,
trees,t_1626,,shrub,veg,medium,2022,aerial2022,evergreen shrub mass on the lawn,
trees,t_1627,,shrub,veg,medium,2022,aerial2022,evergreen shrub mass on the lawn,
trees,t_1628,,conifer,veg,high,2022,aerial2022,leaf-off 2022 aerial; deciduous placed from the shadow pattern or the visible crown,
trees,t_1629,,shrub,veg,medium,2022,aerial2022,leaf-off 2022 aerial; deciduous placed from the shadow pattern or the visible crown,
trees,t_1630,,shrub,veg,medium,2022,aerial2022,leaf-off 2022 aerial; deciduous placed from the shadow pattern or the visible crown,
trees,t_1631,,shrub,veg,medium,2022,aerial2022,leaf-off 2022 aerial; deciduous placed from the shadow pattern or the visible crown,
trees,t_1632,,deciduous,veg,medium,2022,aerial2022,leaf-off 2022 aerial; deciduous placed from the shadow pattern or the visible crown,
trees,t_1633,,deciduous,veg,medium,2022,aerial2022,leaf-off 2022 aerial; deciduous placed from the shadow pattern or the visible crown,
trees,t_1634,,deciduous,veg,medium,2022,aerial2022,leaf-off 2022 aerial; deciduous placed from the shadow pattern or the visible crown,
trees,t_1635,,deciduous,veg,medium,2022,aerial2022,leaf-off 2022 aerial; deciduous placed from the shadow pattern or the visible crown,
trees,t_1636,,deciduous,veg,medium,2022,aerial2022,leaf-off 2022 aerial; deciduous placed from the shadow pattern or the visible crown,
trees,t_1637,,deciduous,veg,low,2022,aerial2022,representative woodland fill not a count,
trees,t_1638,,deciduous,veg,low,2022,aerial2022,representative woodland fill not a count,
trees,t_1639,,deciduous,veg,low,2022,aerial2022,representative woodland fill not a count,
trees,t_1640,,deciduous,veg,low,2022,aerial2022,representative woodland fill not a count,
trees,t_1641,,deciduous,veg,low,2022,aerial2022,representative woodland fill not a count,
trees,t_1642,,deciduous,veg,low,2022,aerial2022,representative woodland fill not a count,
trees,t_1643,,deciduous,veg,low,2022,aerial2022,representative woodland fill not a count,
trees,t_1644,,deciduous,veg,low,2022,aerial2022,representative woodland fill not a count,
trees,t_1645,,deciduous,veg,low,2022,aerial2022,representative woodland fill not a count,
trees,t_1646,,deciduous,veg,low,2022,aerial2022,representative woodland fill not a count,
trees,t_1647,,deciduous,veg,low,2022,aerial2022,representative woodland fill not a count,
trees,t_1648,,deciduous,veg,low,2022,aerial2022,representative woodland fill not a count,
trees,t_1649,,deciduous,veg,low,2022,aerial2022,representative woodland fill not a count,
trees,t_1650,,deciduous,veg,low,2022,aerial2022,representative woodland fill not a count,
trees,t_1651,,deciduous,veg,low,2022,aerial2022,representative woodland fill not a count,
trees,t_1652,,deciduous,veg,low,2022,aerial2022,representative woodland fill not a count,
trees,t_1653,,deciduous,veg,low,2022,aerial2022,representative woodland fill not a count,
trees,t_1654,,deciduous,veg,low,2022,aerial2022,representative woodland fill not a count,
trees,t_1655,,deciduous,veg,low,2022,aerial2022,representative woodland fill not a count,
trees,t_1656,,deciduous,veg,low,2022,aerial2022,representative woodland fill not a count,
trees,t_1657,,deciduous,veg,low,2022,aerial2022,representative woodland fill not a count,
trees,t_1658,,deciduous,veg,low,2022,aerial2022,representative woodland fill not a count,
trees,t_1659,,deciduous,veg,low,2022,aerial2022,representative woodland fill not a count,
trees,t_1660,,deciduous,veg,low,2022,aerial2022,representative woodland fill not a count,
trees,t_1661,,deciduous,veg,low,2022,aerial2022,representative woodland fill not a count,
trees,t_1662,,deciduous,veg,low,2022,aerial2022,representative woodland fill not a count,
trees,t_1663,,deciduous,veg,low,2022,aerial2022,representative woodland fill not a count,
trees,t_1664,,deciduous,veg,low,2022,aerial2022,representative woodland fill not a count,
trees,t_1665,,deciduous,veg,low,2022,aerial2022,representative woodland fill not a count,
trees,t_1666,,shrub,veg,medium,2022,aerial2022,shrub group in the small court bed,
trees,t_1667,,deciduous,veg,high,2022,aerial2022,"leaf-off 2022 aerial; woodland block traced by its edge, interior filled at a representative spacing",
trees,t_1668,,deciduous,veg,medium,2022,aerial2022,"leaf-off 2022 aerial; woodland block traced by its edge, interior filled at a representative spacing",
trees,t_1669,,conifer,veg,low,2022,aerial2022,"leaf-off 2022 aerial; woodland block traced by its edge, interior filled at a representative spacing",
trees,t_1670,,conifer,veg,low,2022,aerial2022,"leaf-off 2022 aerial; woodland block traced by its edge, interior filled at a representative spacing",
trees,t_1671,,deciduous,veg,low,2022,aerial2022,representative woodland fill not a count,
trees,t_1672,,deciduous,veg,low,2022,aerial2022,representative woodland fill not a count,
trees,t_1673,,deciduous,veg,low,2022,aerial2022,representative woodland fill not a count,
trees,t_1674,,deciduous,veg,low,2022,aerial2022,representative woodland fill not a count,
trees,t_1675,,deciduous,veg,low,2022,aerial2022,representative woodland fill not a count,
trees,t_1676,,deciduous,veg,low,2022,aerial2022,representative woodland fill not a count,
trees,t_1677,,deciduous,veg,low,2022,aerial2022,representative woodland fill not a count,
trees,t_1678,,deciduous,veg,low,2022,aerial2022,representative woodland fill not a count,
trees,t_1679,,deciduous,veg,low,2022,aerial2022,representative woodland fill not a count,
trees,t_1680,,deciduous,veg,low,2022,aerial2022,representative woodland fill not a count,
trees,t_1681,,deciduous,veg,low,2022,aerial2022,representative woodland fill not a count,
trees,t_1682,,deciduous,veg,low,2022,aerial2022,representative woodland fill not a count,
trees,t_1683,,deciduous,veg,low,2022,aerial2022,representative woodland fill not a count,
trees,t_1684,,deciduous,veg,low,2022,aerial2022,representative woodland fill not a count,
trees,t_1685,,deciduous,veg,low,2022,aerial2022,representative woodland fill not a count,
trees,t_1686,,deciduous,veg,low,2022,aerial2022,representative woodland fill not a count,
trees,t_1687,,deciduous,veg,low,2022,aerial2022,representative woodland fill not a count,
trees,t_1688,,deciduous,veg,low,2022,aerial2022,representative woodland fill not a count,
trees,t_1689,,deciduous,veg,low,2022,aerial2022,representative woodland fill not a count,
trees,t_1690,,deciduous,veg,low,2022,aerial2022,representative woodland fill not a count,
trees,t_1691,,deciduous,veg,low,2022,aerial2022,representative woodland fill not a count,
trees,t_1692,,deciduous,veg,low,2022,aerial2022,representative woodland fill not a count,
trees,t_1693,,deciduous,veg,low,2022,aerial2022,representative woodland fill not a count,
trees,t_1694,,deciduous,veg,low,2022,aerial2022,representative woodland fill not a count,
trees,t_1695,,deciduous,veg,low,2022,aerial2022,representative woodland fill not a count,
trees,t_1696,,deciduous,veg,low,2022,aerial2022,representative woodland fill not a count,
trees,t_1697,,deciduous,veg,low,2022,aerial2022,representative woodland fill not a count,
trees,t_1698,,deciduous,veg,low,2022,aerial2022,representative woodland fill not a count,
trees,t_1699,,deciduous,veg,low,2022,aerial2022,representative woodland fill not a count,
trees,t_1700,,deciduous,veg,low,2022,aerial2022,representative woodland fill not a count,
trees,t_1701,,deciduous,veg,low,2022,aerial2022,representative woodland fill not a count,
trees,t_1702,,deciduous,veg,low,2022,aerial2022,representative woodland fill not a count,
trees,t_1703,,deciduous,veg,low,2022,aerial2022,representative woodland fill not a count,
trees,t_1704,,deciduous,veg,low,2022,aerial2022,representative woodland fill not a count,
trees,t_1705,,deciduous,veg,low,2022,aerial2022,representative woodland fill not a count,
trees,t_1706,,deciduous,veg,low,2022,aerial2022,representative woodland fill not a count,
trees,t_1707,,deciduous,veg,low,2022,aerial2022,representative woodland fill not a count,
trees,t_1708,,deciduous,veg,low,2022,aerial2022,representative woodland fill not a count,
trees,t_1709,,deciduous,veg,low,2022,aerial2022,representative woodland fill not a count,
trees,t_1710,,deciduous,veg,low,2022,aerial2022,representative woodland fill not a count,
trees,t_1711,,deciduous,veg,low,2022,aerial2022,representative woodland fill not a count,
trees,t_1712,,deciduous,veg,low,2022,aerial2022,representative woodland fill not a count,
trees,t_1713,,deciduous,veg,low,2022,aerial2022,representative woodland fill not a count,
trees,t_1714,,deciduous,veg,low,2022,aerial2022,representative woodland fill not a count,
trees,t_1715,,deciduous,veg,low,2022,aerial2022,representative woodland fill not a count,
trees,t_1716,,deciduous,veg,low,2022,aerial2022,representative woodland fill not a count,
trees,t_1717,,deciduous,veg,low,2022,aerial2022,representative woodland fill not a count,
trees,t_1718,,deciduous,veg,low,2022,aerial2022,representative woodland fill not a count,
trees,t_1719,,deciduous,veg,low,2022,aerial2022,representative woodland fill not a count,
trees,t_1720,,deciduous,veg,low,2022,aerial2022,representative woodland fill not a count,
trees,t_1721,,deciduous,veg,low,2022,aerial2022,representative woodland fill not a count,
trees,t_1722,,deciduous,veg,low,2022,aerial2022,representative woodland fill not a count,
trees,t_1723,,deciduous,veg,low,2022,aerial2022,representative woodland fill not a count,
trees,t_1724,,deciduous,veg,low,2022,aerial2022,representative woodland fill not a count,
trees,t_1725,,deciduous,veg,low,2022,aerial2022,representative woodland fill not a count,
trees,t_1726,,deciduous,veg,low,2022,aerial2022,representative woodland fill not a count,
trees,t_1727,,deciduous,veg,low,2022,aerial2022,representative woodland fill not a count,
trees,t_1728,,deciduous,veg,low,2022,aerial2022,representative woodland fill not a count,
trees,t_1729,,deciduous,veg,low,2022,aerial2022,representative woodland fill not a count,
trees,t_1730,,deciduous,veg,low,2022,aerial2022,representative woodland fill not a count,
trees,t_1731,,deciduous,veg,low,2022,aerial2022,representative woodland fill not a count,
trees,t_1732,,deciduous,veg,low,2022,aerial2022,representative woodland fill not a count,
trees,t_1733,,deciduous,veg,low,2022,aerial2022,representative woodland fill not a count,
trees,t_1734,,deciduous,veg,low,2022,aerial2022,representative woodland fill not a count,
trees,t_1735,,deciduous,veg,low,2022,aerial2022,representative woodland fill not a count,
trees,t_1736,,deciduous,veg,low,2022,aerial2022,representative woodland fill not a count,
trees,t_1737,,deciduous,veg,low,2022,aerial2022,representative woodland fill not a count,
trees,t_1738,,deciduous,veg,low,2022,aerial2022,representative woodland fill not a count,
trees,t_1739,,deciduous,veg,low,2022,aerial2022,representative woodland fill not a count,
trees,t_1740,,deciduous,veg,low,2022,aerial2022,representative woodland fill not a count,
trees,t_1741,,deciduous,veg,low,2022,aerial2022,representative woodland fill not a count,
trees,t_1742,,deciduous,veg,low,2022,aerial2022,representative woodland fill not a count,
trees,t_1743,,deciduous,veg,low,2022,aerial2022,representative woodland fill not a count,
trees,t_1744,,deciduous,veg,low,2022,aerial2022,representative woodland fill not a count,
trees,t_1745,,deciduous,veg,low,2022,aerial2022,representative woodland fill not a count,
trees,t_1746,,deciduous,veg,low,2022,aerial2022,representative woodland fill not a count,
trees,t_1747,,deciduous,veg,low,2022,aerial2022,representative woodland fill not a count,
trees,t_1748,,deciduous,veg,low,2022,aerial2022,representative woodland fill not a count,
trees,t_1749,,deciduous,veg,low,2022,aerial2022,representative woodland fill not a count,
trees,t_1750,,deciduous,veg,low,2022,aerial2022,representative woodland fill not a count,
trees,t_1751,,deciduous,veg,low,2022,aerial2022,representative woodland fill not a count,
trees,t_1752,,deciduous,veg,low,2022,aerial2022,representative woodland fill not a count,
trees,t_1753,,deciduous,veg,low,2022,aerial2022,representative woodland fill not a count,
trees,t_1754,,deciduous,veg,low,2022,aerial2022,representative woodland fill not a count,
trees,t_1755,,deciduous,veg,low,2022,aerial2022,representative woodland fill not a count,
trees,t_1756,,deciduous,veg,low,2022,aerial2022,representative woodland fill not a count,
trees,t_1757,,deciduous,veg,low,2022,aerial2022,representative woodland fill not a count,
trees,t_1758,,deciduous,veg,low,2022,aerial2022,representative woodland fill not a count,
trees,t_1759,,deciduous,veg,low,2022,aerial2022,representative woodland fill not a count,
trees,t_1760,,deciduous,veg,low,2022,aerial2022,representative woodland fill not a count,
trees,t_1761,,deciduous,veg,low,2022,aerial2022,representative woodland fill not a count,
trees,t_1762,,deciduous,veg,low,2022,aerial2022,representative woodland fill not a count,
trees,t_1763,,deciduous,veg,low,2022,aerial2022,representative woodland fill not a count,
trees,t_1764,,deciduous,veg,low,2022,aerial2022,representative woodland fill not a count,
trees,t_1765,,deciduous,veg,low,2022,aerial2022,representative woodland fill not a count,
trees,t_1766,,deciduous,veg,low,2022,aerial2022,representative woodland fill not a count,
trees,t_1767,,deciduous,veg,low,2022,aerial2022,representative woodland fill not a count,
trees,t_1768,,deciduous,veg,low,2022,aerial2022,representative woodland fill not a count,
trees,t_1769,,deciduous,veg,low,2022,aerial2022,representative woodland fill not a count,
trees,t_1770,,deciduous,veg,low,2022,aerial2022,representative woodland fill not a count,
trees,t_1771,,deciduous,veg,low,2022,aerial2022,representative woodland fill not a count,
trees,t_1772,,deciduous,veg,low,2022,aerial2022,representative woodland fill not a count,
trees,t_1773,,deciduous,veg,low,2022,aerial2022,representative woodland fill not a count,
trees,t_1774,,deciduous,veg,low,2022,aerial2022,representative woodland fill not a count,
trees,t_1775,,deciduous,veg,low,2022,aerial2022,representative woodland fill not a count,
trees,t_1776,,deciduous,veg,low,2022,aerial2022,representative woodland fill not a count,
trees,t_1777,,deciduous,veg,low,2022,aerial2022,representative woodland fill not a count,
trees,t_1778,,deciduous,veg,low,2022,aerial2022,representative woodland fill not a count,
trees,t_1779,,deciduous,veg,medium,2022,aerial2022,leaf-off 2022 aerial; woodland edge trees above the beach read from trunk shadows on the sand,
trees,t_1780,,deciduous,veg,medium,2022,aerial2022,leaf-off 2022 aerial; woodland edge trees above the beach read from trunk shadows on the sand,
trees,t_1781,,deciduous,veg,medium,2022,aerial2022,leaf-off 2022 aerial; woodland edge trees above the beach read from trunk shadows on the sand,
trees,t_1782,,deciduous,veg,medium,2022,aerial2022,leaf-off 2022 aerial; woodland edge trees above the beach read from trunk shadows on the sand,
trees,t_1783,,deciduous,veg,medium,2022,aerial2022,leaf-off 2022 aerial; woodland edge trees above the beach read from trunk shadows on the sand,
trees,t_1784,,deciduous,veg,medium,2022,aerial2022,leaf-off 2022 aerial; woodland edge trees above the beach read from trunk shadows on the sand,
trees,t_1785,,deciduous,veg,medium,2022,aerial2022,leaf-off 2022 aerial; woodland edge trees above the beach read from trunk shadows on the sand,
trees,t_1786,,shrub,veg,medium,2022,aerial2022,leaf-off 2022 aerial; woodland edge trees above the beach read from trunk shadows on the sand,
trees,t_1787,,shrub,veg,medium,2022,aerial2022,leaf-off 2022 aerial; woodland edge trees above the beach read from trunk shadows on the sand,
trees,t_1788,,ornamental,veg,high,2022,aerial2022,leaf-off 2022 aerial; woodland edge trees above the beach read from trunk shadows on the sand,
trees,t_1789,,ornamental,veg,high,2022,aerial2022,leaf-off 2022 aerial; woodland edge trees above the beach read from trunk shadows on the sand,
trees,t_1790,,deciduous,veg,low,2022,aerial2022,representative woodland fill not a count,
trees,t_1791,,deciduous,veg,low,2022,aerial2022,representative woodland fill not a count,
trees,t_1792,,deciduous,veg,low,2022,aerial2022,representative woodland fill not a count,
trees,t_1793,,deciduous,veg,low,2022,aerial2022,representative woodland fill not a count,
trees,t_1794,,deciduous,veg,low,2022,aerial2022,representative woodland fill not a count,
trees,t_1795,,deciduous,veg,low,2022,aerial2022,representative woodland fill not a count,
trees,t_1796,,deciduous,veg,medium,2022,aerial2022,"leaf-off 2022 aerial; shore trees from their leaf-off crowns, evergreens from green crowns with long shadows; aerial ends near z 478",
trees,t_1797,,deciduous,veg,medium,2022,aerial2022,"leaf-off 2022 aerial; shore trees from their leaf-off crowns, evergreens from green crowns with long shadows; aerial ends near z 478",
trees,t_1798,,deciduous,veg,medium,2022,aerial2022,"leaf-off 2022 aerial; shore trees from their leaf-off crowns, evergreens from green crowns with long shadows; aerial ends near z 478",
trees,t_1799,,deciduous,veg,high,2022,aerial2022,"leaf-off 2022 aerial; shore trees from their leaf-off crowns, evergreens from green crowns with long shadows; aerial ends near z 478",
trees,t_1800,,deciduous,veg,high,2022,aerial2022,"leaf-off 2022 aerial; shore trees from their leaf-off crowns, evergreens from green crowns with long shadows; aerial ends near z 478",
trees,t_1801,,deciduous,veg,medium,2022,aerial2022,"leaf-off 2022 aerial; shore trees from their leaf-off crowns, evergreens from green crowns with long shadows; aerial ends near z 478",
trees,t_1802,,deciduous,veg,medium,2022,aerial2022,"leaf-off 2022 aerial; shore trees from their leaf-off crowns, evergreens from green crowns with long shadows; aerial ends near z 478",
trees,t_1803,,conifer,veg,high,2022,aerial2022,"leaf-off 2022 aerial; shore trees from their leaf-off crowns, evergreens from green crowns with long shadows; aerial ends near z 478",
trees,t_1804,,conifer,veg,high,2022,aerial2022,"leaf-off 2022 aerial; shore trees from their leaf-off crowns, evergreens from green crowns with long shadows; aerial ends near z 478",
trees,t_1805,,conifer,veg,high,2022,aerial2022,"leaf-off 2022 aerial; shore trees from their leaf-off crowns, evergreens from green crowns with long shadows; aerial ends near z 478",
trees,t_1806,,conifer,veg,high,2022,aerial2022,"leaf-off 2022 aerial; shore trees from their leaf-off crowns, evergreens from green crowns with long shadows; aerial ends near z 478",
trees,t_1807,,conifer,veg,high,2022,aerial2022,"leaf-off 2022 aerial; shore trees from their leaf-off crowns, evergreens from green crowns with long shadows; aerial ends near z 478",
trees,t_1808,,conifer,veg,high,2022,aerial2022,"leaf-off 2022 aerial; shore trees from their leaf-off crowns, evergreens from green crowns with long shadows; aerial ends near z 478",
trees,t_1809,,conifer,veg,high,2022,aerial2022,"leaf-off 2022 aerial; shore trees from their leaf-off crowns, evergreens from green crowns with long shadows; aerial ends near z 478",
trees,t_1810,,conifer,veg,high,2022,aerial2022,"leaf-off 2022 aerial; shore trees from their leaf-off crowns, evergreens from green crowns with long shadows; aerial ends near z 478",
trees,t_1811,,deciduous,veg,high,2022,aerial2022,"leaf-off 2022 aerial; shore trees from their leaf-off crowns, evergreens from green crowns with long shadows; aerial ends near z 478",
trees,t_1812,,deciduous,veg,high,2022,aerial2022,"leaf-off 2022 aerial; shore trees from their leaf-off crowns, evergreens from green crowns with long shadows; aerial ends near z 478",
trees,t_1813,,deciduous,veg,high,2022,aerial2022,"leaf-off 2022 aerial; shore trees from their leaf-off crowns, evergreens from green crowns with long shadows; aerial ends near z 478",
trees,t_1814,,deciduous,veg,high,2022,aerial2022,"leaf-off 2022 aerial; shore trees from their leaf-off crowns, evergreens from green crowns with long shadows; aerial ends near z 478",
trees,t_1815,,deciduous,veg,medium,2022,aerial2022,"leaf-off 2022 aerial; shore trees from their leaf-off crowns, evergreens from green crowns with long shadows; aerial ends near z 478",
trees,t_1816,,deciduous,veg,medium,2022,aerial2022,"leaf-off 2022 aerial; shore trees from their leaf-off crowns, evergreens from green crowns with long shadows; aerial ends near z 478",
trees,t_1817,,deciduous,veg,medium,2022,aerial2022,"leaf-off 2022 aerial; shore trees from their leaf-off crowns, evergreens from green crowns with long shadows; aerial ends near z 478",
trees,t_1818,,deciduous,veg,medium,2022,aerial2022,"leaf-off 2022 aerial; shore trees from their leaf-off crowns, evergreens from green crowns with long shadows; aerial ends near z 478",
trees,t_1819,,conifer,veg,high,2022,aerial2022,"leaf-off 2022 aerial; shore trees from their leaf-off crowns, evergreens from green crowns with long shadows; aerial ends near z 478",
trees,t_1820,,conifer,veg,high,2022,aerial2022,"leaf-off 2022 aerial; shore trees from their leaf-off crowns, evergreens from green crowns with long shadows; aerial ends near z 478",
trees,t_1821,,conifer,veg,high,2022,aerial2022,"leaf-off 2022 aerial; shore trees from their leaf-off crowns, evergreens from green crowns with long shadows; aerial ends near z 478",
trees,t_1822,,conifer,veg,high,2022,aerial2022,"leaf-off 2022 aerial; shore trees from their leaf-off crowns, evergreens from green crowns with long shadows; aerial ends near z 478",
trees,t_1823,,conifer,veg,high,2022,aerial2022,"leaf-off 2022 aerial; shore trees from their leaf-off crowns, evergreens from green crowns with long shadows; aerial ends near z 478",
trees,t_1824,,conifer,veg,high,2022,aerial2022,"leaf-off 2022 aerial; shore trees from their leaf-off crowns, evergreens from green crowns with long shadows; aerial ends near z 478",
trees,t_1825,,conifer,veg,high,2022,aerial2022,"leaf-off 2022 aerial; shore trees from their leaf-off crowns, evergreens from green crowns with long shadows; aerial ends near z 478",
trees,t_1826,,deciduous,veg,medium,2022,aerial2022,"leaf-off 2022 aerial; shore trees from their leaf-off crowns, evergreens from green crowns with long shadows; aerial ends near z 478",
trees,t_1827,,deciduous,veg,low,2022,aerial2022,"leaf-off 2022 aerial; shore trees from their leaf-off crowns, evergreens from green crowns with long shadows; aerial ends near z 478",
trees,t_1828,,conifer,veg,medium,2022,aerial2022,"leaf-off 2022 aerial; shore trees from their leaf-off crowns, evergreens from green crowns with long shadows; aerial ends near z 478",
trees,t_1829,,conifer,veg,medium,2022,aerial2022,"leaf-off 2022 aerial; shore trees from their leaf-off crowns, evergreens from green crowns with long shadows; aerial ends near z 478",
trees,t_1830,,conifer,veg,high,2022,aerial2022,"leaf-off 2022 aerial; shore trees from their leaf-off crowns, evergreens from green crowns with long shadows; aerial ends near z 478",
trees,t_1831,,conifer,veg,high,2022,aerial2022,"leaf-off 2022 aerial; shore trees from their leaf-off crowns, evergreens from green crowns with long shadows; aerial ends near z 478",
trees,t_1832,,conifer,veg,high,2022,aerial2022,"leaf-off 2022 aerial; shore trees from their leaf-off crowns, evergreens from green crowns with long shadows; aerial ends near z 478",
trees,t_1833,,deciduous,veg,medium,2022,aerial2022,"leaf-off 2022 aerial; shore trees from their leaf-off crowns, evergreens from green crowns with long shadows; aerial ends near z 478",
trees,t_1834,,deciduous,veg,medium,2022,aerial2022,"leaf-off 2022 aerial; shore trees from their leaf-off crowns, evergreens from green crowns with long shadows; aerial ends near z 478",
trees,t_1835,,deciduous,veg,medium,2022,aerial2022,"leaf-off 2022 aerial; shore trees from their leaf-off crowns, evergreens from green crowns with long shadows; aerial ends near z 478",
trees,t_1836,,deciduous,veg,medium,2022,aerial2022,"leaf-off 2022 aerial; shore trees from their leaf-off crowns, evergreens from green crowns with long shadows; aerial ends near z 478",
trees,t_1837,,deciduous,veg,medium,2022,aerial2022,"leaf-off 2022 aerial; house-lot trees north of the north perimeter street, deciduous placed from the shadow pattern or the visible crown",
trees,t_1838,,deciduous,veg,high,2022,aerial2022,"leaf-off 2022 aerial; house-lot trees north of the north perimeter street, deciduous placed from the shadow pattern or the visible crown",
trees,t_1839,,conifer,veg,medium,2022,aerial2022,"leaf-off 2022 aerial; house-lot trees north of the north perimeter street, deciduous placed from the shadow pattern or the visible crown",
trees,t_1840,,conifer,veg,medium,2022,aerial2022,"leaf-off 2022 aerial; house-lot trees north of the north perimeter street, deciduous placed from the shadow pattern or the visible crown",
trees,t_1841,,conifer,veg,medium,2022,aerial2022,"leaf-off 2022 aerial; house-lot trees north of the north perimeter street, deciduous placed from the shadow pattern or the visible crown",
trees,t_1842,,shrub,veg,medium,2022,aerial2022,flowering shrub yellow in spring,
trees,t_1843,,shrub,veg,medium,2022,aerial2022,"leaf-off 2022 aerial; house-lot trees north of the north perimeter street, deciduous placed from the shadow pattern or the visible crown",
trees,t_1844,,shrub,veg,medium,2022,aerial2022,"leaf-off 2022 aerial; house-lot trees north of the north perimeter street, deciduous placed from the shadow pattern or the visible crown",
trees,t_1845,,ornamental,veg,low,2022,aerial2022,mulch ring on the lawn young tree assumed,
trees,t_1846,,ornamental,veg,low,2022,aerial2022,mulch ring on the lawn young tree assumed,
trees,t_1847,,shrub,veg,medium,2022,aerial2022,"leaf-off 2022 aerial; house-lot trees north of the north perimeter street, deciduous placed from the shadow pattern or the visible crown",
trees,t_1848,,conifer,veg,medium,2022,aerial2022,"leaf-off 2022 aerial; house-lot trees north of the north perimeter street, deciduous placed from the shadow pattern or the visible crown",
trees,t_1849,,deciduous,veg,high,2022,aerial2022,"leaf-off 2022 aerial; house-lot trees north of the north perimeter street, deciduous placed from the shadow pattern or the visible crown",
trees,t_1850,,deciduous,veg,high,2022,aerial2022,"leaf-off 2022 aerial; house-lot trees north of the north perimeter street, deciduous placed from the shadow pattern or the visible crown",
trees,t_1851,,conifer,veg,medium,2022,aerial2022,"leaf-off 2022 aerial; house-lot trees north of the north perimeter street, deciduous placed from the shadow pattern or the visible crown",
trees,t_1852,,conifer,veg,high,2022,aerial2022,"leaf-off 2022 aerial; house-lot trees north of the north perimeter street, deciduous placed from the shadow pattern or the visible crown",
trees,t_1853,,conifer,veg,high,2022,aerial2022,"leaf-off 2022 aerial; house-lot trees north of the north perimeter street, deciduous placed from the shadow pattern or the visible crown",
trees,t_1854,,conifer,veg,high,2022,aerial2022,"leaf-off 2022 aerial; house-lot trees north of the north perimeter street, deciduous placed from the shadow pattern or the visible crown",
trees,t_1855,,conifer,veg,high,2022,aerial2022,"leaf-off 2022 aerial; house-lot trees north of the north perimeter street, deciduous placed from the shadow pattern or the visible crown",
trees,t_1856,,conifer,veg,high,2022,aerial2022,"leaf-off 2022 aerial; house-lot trees north of the north perimeter street, deciduous placed from the shadow pattern or the visible crown",
trees,t_1857,,deciduous,veg,high,2022,aerial2022,"leaf-off 2022 aerial; house-lot trees north of the north perimeter street, deciduous placed from the shadow pattern or the visible crown",
trees,t_1858,,conifer,veg,high,2022,aerial2022,"leaf-off 2022 aerial; house-lot trees north of the north perimeter street, deciduous placed from the shadow pattern or the visible crown",
trees,t_1859,,conifer,veg,medium,2022,aerial2022,"leaf-off 2022 aerial; house-lot trees north of the north perimeter street, deciduous placed from the shadow pattern or the visible crown",
trees,t_1860,,conifer,veg,medium,2022,aerial2022,"leaf-off 2022 aerial; house-lot trees north of the north perimeter street, deciduous placed from the shadow pattern or the visible crown",
trees,t_1861,,conifer,veg,medium,2022,aerial2022,"leaf-off 2022 aerial; house-lot trees north of the north perimeter street, deciduous placed from the shadow pattern or the visible crown",
trees,t_1862,,conifer,veg,medium,2022,aerial2022,"leaf-off 2022 aerial; house-lot trees north of the north perimeter street, deciduous placed from the shadow pattern or the visible crown",
trees,t_1863,,conifer,veg,medium,2022,aerial2022,"leaf-off 2022 aerial; house-lot trees north of the north perimeter street, deciduous placed from the shadow pattern or the visible crown",
trees,t_1864,,conifer,veg,medium,2022,aerial2022,"leaf-off 2022 aerial; house-lot trees north of the north perimeter street, deciduous placed from the shadow pattern or the visible crown",
trees,t_1865,,deciduous,veg,medium,2022,aerial2022,"leaf-off 2022 aerial; house-lot trees north of the north perimeter street, deciduous placed from the shadow pattern or the visible crown",
trees,t_1866,,deciduous,veg,medium,2022,aerial2022,"leaf-off 2022 aerial; house-lot trees north of the north perimeter street, deciduous placed from the shadow pattern or the visible crown",
trees,t_1867,,deciduous,veg,medium,2022,aerial2022,leaf-off crown visible as grey branch texture,
trees,t_1868,,shrub,veg,medium,2022,aerial2022,"leaf-off 2022 aerial; house-lot trees north of the north perimeter street, deciduous placed from the shadow pattern or the visible crown",
trees,t_1869,,deciduous,veg,medium,2022,aerial2022,"leaf-off 2022 aerial; house-lot trees north of the north perimeter street, deciduous placed from the shadow pattern or the visible crown",
trees,t_1870,,deciduous,veg,medium,2022,aerial2022,"leaf-off 2022 aerial; house-lot trees north of the north perimeter street, deciduous placed from the shadow pattern or the visible crown",
trees,t_1871,,deciduous,veg,medium,2022,aerial2022,"leaf-off 2022 aerial; house-lot trees north of the north perimeter street, deciduous placed from the shadow pattern or the visible crown",
trees,t_1872,,deciduous,veg,medium,2022,aerial2022,"leaf-off 2022 aerial; house-lot trees north of the north perimeter street, deciduous placed from the shadow pattern or the visible crown",
trees,t_1873,,deciduous,veg,high,2022,aerial2022,"leaf-off 2022 aerial; house-lot trees north of the north perimeter street, deciduous placed from the shadow pattern or the visible crown",
trees,t_1874,,conifer,veg,medium,2022,aerial2022,"leaf-off 2022 aerial; athletics area is open turf and courts, only a few planted items",
trees,t_1875,,conifer,veg,medium,2022,aerial2022,"leaf-off 2022 aerial; athletics area is open turf and courts, only a few planted items",
trees,t_1876,,shrub,veg,low,2022,aerial2022,"leaf-off 2022 aerial; athletics area is open turf and courts, only a few planted items",
trees,t_1877,,shrub,veg,low,2022,aerial2022,"leaf-off 2022 aerial; athletics area is open turf and courts, only a few planted items",nudged 1.0 m off a traced walk (merge rule)
trees,t_1878,,shrub,veg,low,2022,aerial2022,"leaf-off 2022 aerial; athletics area is open turf and courts, only a few planted items",
trees,t_1879,,shrub,veg,medium,2022,aerial2022,"leaf-off 2022 aerial; athletics area is open turf and courts, only a few planted items",
trees,t_1880,,shrub,veg,medium,2022,aerial2022,"leaf-off 2022 aerial; athletics area is open turf and courts, only a few planted items",
trees,t_1881,,shrub,veg,medium,2022,aerial2022,"leaf-off 2022 aerial; athletics area is open turf and courts, only a few planted items",
trees,t_1882,,shrub,veg,medium,2022,aerial2022,"leaf-off 2022 aerial; athletics area is open turf and courts, only a few planted items",
trees,t_1883,,shrub,veg,medium,2022,aerial2022,"leaf-off 2022 aerial; athletics area is open turf and courts, only a few planted items",
trees,t_1884,,conifer,veg,medium,2022,aerial2022,leaf-off 2022 aerial; deciduous placed from the shadow pattern or the visible crown,
trees,t_1885,,conifer,veg,medium,2022,aerial2022,leaf-off 2022 aerial; deciduous placed from the shadow pattern or the visible crown,
trees,t_1886,,conifer,veg,medium,2022,aerial2022,leaf-off 2022 aerial; deciduous placed from the shadow pattern or the visible crown,
trees,t_1887,,conifer,veg,medium,2022,aerial2022,leaf-off 2022 aerial; deciduous placed from the shadow pattern or the visible crown,
trees,t_1888,,conifer,veg,medium,2022,aerial2022,leaf-off 2022 aerial; deciduous placed from the shadow pattern or the visible crown,
trees,t_1889,,conifer,veg,medium,2022,aerial2022,leaf-off 2022 aerial; deciduous placed from the shadow pattern or the visible crown,
trees,t_1890,,shrub,veg,medium,2022,aerial2022,shrub group at the plaza corner,
trees,t_1891,,shrub,veg,medium,2022,aerial2022,leaf-off 2022 aerial; deciduous placed from the shadow pattern or the visible crown,
trees,t_1892,,shrub,veg,medium,2022,aerial2022,leaf-off 2022 aerial; deciduous placed from the shadow pattern or the visible crown,
trees,t_1893,,shrub,veg,medium,2022,aerial2022,leaf-off 2022 aerial; deciduous placed from the shadow pattern or the visible crown,
trees,t_1894,,shrub,veg,medium,2022,aerial2022,leaf-off 2022 aerial; deciduous placed from the shadow pattern or the visible crown,
trees,t_1895,,shrub,veg,medium,2022,aerial2022,leaf-off 2022 aerial; deciduous placed from the shadow pattern or the visible crown,
trees,t_1896,,shrub,veg,medium,2022,aerial2022,leaf-off 2022 aerial; deciduous placed from the shadow pattern or the visible crown,
trees,t_1897,,shrub,veg,medium,2022,aerial2022,leaf-off 2022 aerial; deciduous placed from the shadow pattern or the visible crown,
trees,t_1898,,conifer,veg,high,2022,aerial2022,leaf-off 2022 aerial; deciduous placed from the shadow pattern or the visible crown,
trees,t_1899,,conifer,veg,high,2022,aerial2022,leaf-off 2022 aerial; deciduous placed from the shadow pattern or the visible crown,
trees,t_1900,,conifer,veg,high,2022,aerial2022,leaf-off 2022 aerial; deciduous placed from the shadow pattern or the visible crown,
trees,t_1901,,deciduous,veg,medium,2022,aerial2022,leaf-off 2022 aerial; deciduous placed from the shadow pattern or the visible crown,
trees,t_1902,,deciduous,veg,low,2022,aerial2022,grey leaf-off crown texture uncertain,
trees,t_1903,,deciduous,veg,high,2022,aerial2022,leaf-off 2022 aerial; deciduous placed from the shadow pattern or the visible crown,nudged 0.8 m off a traced walk (merge rule)
trees,t_1904,,deciduous,veg,high,2022,aerial2022,leaf-off 2022 aerial; deciduous placed from the shadow pattern or the visible crown,
trees,t_1905,,deciduous,veg,high,2022,aerial2022,leaf-off 2022 aerial; deciduous placed from the shadow pattern or the visible crown,
trees,t_1906,,deciduous,veg,high,2022,aerial2022,leaf-off 2022 aerial; deciduous placed from the shadow pattern or the visible crown,
trees,t_1907,,deciduous,veg,high,2022,aerial2022,leaf-off 2022 aerial; deciduous placed from the shadow pattern or the visible crown,
trees,t_1908,,deciduous,veg,medium,2022,aerial2022,leaf-off 2022 aerial; deciduous placed from the shadow pattern or the visible crown,
trees,t_1909,,conifer,veg,medium,2022,aerial2022,leaf-off 2022 aerial; deciduous placed from the shadow pattern or the visible crown,
trees,t_1910,,shrub,veg,medium,2022,aerial2022,leaf-off 2022 aerial; deciduous placed from the shadow pattern or the visible crown,
trees,t_1911,,shrub,veg,medium,2022,aerial2022,leaf-off 2022 aerial; deciduous placed from the shadow pattern or the visible crown,
trees,t_1912,,shrub,veg,medium,2022,aerial2022,leaf-off 2022 aerial; deciduous placed from the shadow pattern or the visible crown,
trees,t_1913,,shrub,veg,medium,2022,aerial2022,leaf-off 2022 aerial; deciduous placed from the shadow pattern or the visible crown,
trees,t_1914,,deciduous,veg,medium,2022,aerial2022,leaf-off 2022 aerial; deciduous placed from the shadow pattern or the visible crown,
trees,t_1915,,deciduous,veg,medium,2022,aerial2022,tree on the grass island at the lot NE corner,
trees,t_1916,,deciduous,veg,medium,2022,aerial2022,leaf-off 2022 aerial; deciduous placed from the shadow pattern or the visible crown; parking lots are bare,
trees,t_1917,,deciduous,veg,medium,2022,aerial2022,tree at the west end of the lot island strip,
trees,t_1918,,deciduous,veg,medium,2022,aerial2022,leaf-off 2022 aerial; deciduous placed from the shadow pattern or the visible crown; parking lots are bare,
trees,t_1919,,deciduous,veg,high,2022,aerial2022,leaf-off 2022 aerial; deciduous placed from the shadow pattern or the visible crown; parking lots are bare,
trees,t_1920,,deciduous,veg,medium,2022,aerial2022,leaf-off 2022 aerial; deciduous placed from the shadow pattern or the visible crown; parking lots are bare,
trees,t_1921,,deciduous,veg,medium,2022,aerial2022,leaf-off 2022 aerial; deciduous placed from the shadow pattern or the visible crown; parking lots are bare,
trees,t_1922,,deciduous,veg,medium,2022,aerial2022,leaf-off 2022 aerial; deciduous placed from the shadow pattern or the visible crown; parking lots are bare,
trees,t_1923,,deciduous,veg,medium,2022,aerial2022,leaf-off 2022 aerial; deciduous placed from the shadow pattern or the visible crown; parking lots are bare,
trees,t_1924,,deciduous,veg,high,2022,aerial2022,leaf-off 2022 aerial; deciduous placed from the shadow pattern or the visible crown; parking lots are bare,
trees,t_1925,,deciduous,veg,high,2022,aerial2022,leaf-off 2022 aerial; deciduous placed from the shadow pattern or the visible crown; parking lots are bare,
trees,t_1926,,deciduous,veg,medium,2022,aerial2022,leaf-off 2022 aerial; deciduous placed from the shadow pattern or the visible crown; parking lots are bare,
trees,t_1927,,ornamental,veg,medium,2022,aerial2022,small tree in a round mulch ring,
trees,t_1928,,deciduous,veg,medium,2022,aerial2022,leaf-off 2022 aerial; deciduous placed from the shadow pattern or the visible crown; parking lots are bare,
trees,t_1929,,deciduous,veg,high,2022,aerial2022,leaf-off 2022 aerial; deciduous placed from the shadow pattern or the visible crown; parking lots are bare,
trees,t_1930,,deciduous,veg,high,2022,aerial2022,leaf-off 2022 aerial; deciduous placed from the shadow pattern or the visible crown; parking lots are bare,
trees,t_1931,,deciduous,veg,medium,2022,aerial2022,leaf-off 2022 aerial; deciduous placed from the shadow pattern or the visible crown; parking lots are bare,
trees,t_1932,,shrub,veg,medium,2022,aerial2022,shrubs by the building corner,
trees,t_1933,,shrub,veg,medium,2022,aerial2022,evergreen shrubs against the building east wall,
trees,t_1934,,shrub,veg,medium,2022,aerial2022,evergreen shrubs against the building east wall,
trees,t_1935,,shrub,veg,medium,2022,aerial2022,evergreen shrubs against the building east wall,
trees,t_1936,,deciduous,veg,medium,2022,aerial2022,leaf-off 2022 aerial; deciduous placed from the shadow pattern or the visible crown; the south lawn is open grass,
trees,t_1937,,deciduous,veg,medium,2022,aerial2022,leaf-off 2022 aerial; deciduous placed from the shadow pattern or the visible crown; the south lawn is open grass,
trees,t_1938,,deciduous,veg,medium,2022,aerial2022,leaf-off 2022 aerial; deciduous placed from the shadow pattern or the visible crown; the south lawn is open grass,
trees,t_1939,,deciduous,veg,high,2022,aerial2022,leaf-off 2022 aerial; deciduous placed from the shadow pattern or the visible crown; the south lawn is open grass,
trees,t_1940,,shrub,veg,low,2022,aerial2022,woodland edge thicket,
trees,t_1941,,shrub,veg,low,2022,aerial2022,woodland edge thicket,
trees,t_1942,,shrub,veg,low,2022,aerial2022,woodland edge thicket,
trees,t_1943,,shrub,veg,low,2022,aerial2022,woodland edge thicket,
trees,t_1944,,deciduous,veg,high,2022,aerial2022,leaf-off 2022 aerial; deciduous placed from the shadow pattern or the visible crown; the south lawn is open grass,
trees,t_1945,,deciduous,veg,medium,2022,aerial2022,leaf-off 2022 aerial; deciduous placed from the shadow pattern or the visible crown; the south lawn is open grass,
trees,t_1946,,deciduous,veg,high,2022,aerial2022,leaf-off 2022 aerial; deciduous placed from the shadow pattern or the visible crown,
trees,t_1947,,deciduous,veg,high,2022,aerial2022,leaf-off 2022 aerial; deciduous placed from the shadow pattern or the visible crown,
trees,t_1948,,deciduous,veg,high,2022,aerial2022,leaf-off 2022 aerial; deciduous placed from the shadow pattern or the visible crown,
trees,t_1949,,ornamental,veg,high,2022,aerial2022,leaf-off 2022 aerial; deciduous placed from the shadow pattern or the visible crown,
trees,t_1950,,ornamental,veg,high,2022,aerial2022,leaf-off 2022 aerial; deciduous placed from the shadow pattern or the visible crown,
trees,t_1951,,ornamental,veg,high,2022,aerial2022,leaf-off 2022 aerial; deciduous placed from the shadow pattern or the visible crown,
trees,t_1952,,ornamental,veg,high,2022,aerial2022,leaf-off 2022 aerial; deciduous placed from the shadow pattern or the visible crown,
trees,t_1953,,ornamental,veg,high,2022,aerial2022,leaf-off 2022 aerial; deciduous placed from the shadow pattern or the visible crown,
trees,t_1954,,ornamental,veg,high,2022,aerial2022,leaf-off 2022 aerial; deciduous placed from the shadow pattern or the visible crown,
trees,t_1955,,ornamental,veg,medium,2022,aerial2022,leaf-off 2022 aerial; deciduous placed from the shadow pattern or the visible crown,
trees,t_1956,,deciduous,veg,high,2022,aerial2022,leaf-off 2022 aerial; deciduous placed from the shadow pattern or the visible crown,
trees,t_1957,,deciduous,veg,medium,2022,aerial2022,leaf-off 2022 aerial; deciduous placed from the shadow pattern or the visible crown,
trees,t_1958,,deciduous,veg,low,2022,aerial2022,shore fringe leaf-off crowns,
trees,t_1959,,deciduous,veg,low,2022,aerial2022,shore fringe leaf-off crowns,
trees,t_1960,,shrub,veg,low,2022,aerial2022,shore fringe shrubs,
trees,t_1961,,shrub,veg,low,2022,aerial2022,shore fringe shrubs,
trees,t_1962,,shrub,veg,low,2022,aerial2022,shore fringe shrubs,
trees,t_1963,,shrub,veg,low,2022,aerial2022,stream bank naturalised planting representative,
trees,t_1964,,shrub,veg,low,2022,aerial2022,stream bank naturalised planting representative,
trees,t_1965,,shrub,veg,low,2022,aerial2022,stream bank naturalised planting representative,
trees,t_1966,,shrub,veg,low,2022,aerial2022,stream bank naturalised planting representative,
trees,t_1967,,shrub,veg,low,2022,aerial2022,stream bank naturalised planting representative,
trees,t_1968,,shrub,veg,low,2022,aerial2022,stream bank naturalised planting representative,
trees,t_1969,,shrub,veg,low,2022,aerial2022,stream bank naturalised planting representative,
trees,t_1970,,shrub,veg,low,2022,aerial2022,stream bank naturalised planting representative,
trees,t_1971,,shrub,veg,low,2022,aerial2022,stream bank naturalised planting representative,
trees,t_1972,,shrub,veg,low,2022,aerial2022,stream bank naturalised planting representative,
trees,t_1973,,shrub,veg,low,2022,aerial2022,stream bank naturalised planting representative,
trees,t_1974,,shrub,veg,low,2022,aerial2022,stream bank naturalised planting representative,
trees,t_1975,,shrub,veg,low,2022,aerial2022,stream bank naturalised planting representative,
trees,t_1976,,shrub,veg,low,2022,aerial2022,stream bank naturalised planting representative,
trees,t_1977,,shrub,veg,low,2022,aerial2022,stream bank naturalised planting representative,
trees,t_1978,,shrub,veg,medium,2022,aerial2022,leaf-off 2022 aerial; deciduous placed from the shadow pattern or the visible crown,
trees,t_1979,,shrub,veg,medium,2022,aerial2022,leaf-off 2022 aerial; deciduous placed from the shadow pattern or the visible crown,
trees,t_1980,,shrub,veg,medium,2022,aerial2022,leaf-off 2022 aerial; deciduous placed from the shadow pattern or the visible crown,
trees,t_1981,,shrub,veg,medium,2022,aerial2022,leaf-off 2022 aerial; deciduous placed from the shadow pattern or the visible crown,
trees,t_1982,,shrub,veg,medium,2022,aerial2022,leaf-off 2022 aerial; deciduous placed from the shadow pattern or the visible crown,
trees,t_1983,,shrub,veg,medium,2022,aerial2022,leaf-off 2022 aerial; deciduous placed from the shadow pattern or the visible crown,
trees,t_1984,,shrub,veg,low,2022,aerial2022,leaf-off 2022 aerial; deciduous placed from the shadow pattern or the visible crown,
trees,t_1985,,shrub,veg,low,2022,aerial2022,leaf-off 2022 aerial; deciduous placed from the shadow pattern or the visible crown,
trees,t_1986,,deciduous,veg,low,2022,aerial2022,leaf-off 2022 aerial; deciduous placed from the shadow pattern or the visible crown,
trees,t_1987,,ornamental,veg,medium,2022,aerial2022,leaf-off 2022 aerial; deciduous placed from the shadow pattern or the visible crown,
trees,t_1988,,deciduous,veg,high,2022,aerial2022,leaf-off 2022 aerial; shore and park trees read from their visible leaf-off crowns and shadows; aerial ends near z 478,
trees,t_1989,,deciduous,veg,high,2022,aerial2022,leaf-off 2022 aerial; shore and park trees read from their visible leaf-off crowns and shadows; aerial ends near z 478,
trees,t_1990,,deciduous,veg,high,2022,aerial2022,leaf-off 2022 aerial; shore and park trees read from their visible leaf-off crowns and shadows; aerial ends near z 478,
trees,t_1991,,deciduous,veg,high,2022,aerial2022,leaf-off 2022 aerial; shore and park trees read from their visible leaf-off crowns and shadows; aerial ends near z 478,
trees,t_1992,,deciduous,veg,low,2022,aerial2022,leaf-off 2022 aerial; shore and park trees read from their visible leaf-off crowns and shadows; aerial ends near z 478,
trees,t_1993,,deciduous,veg,low,2022,aerial2022,leaf-off 2022 aerial; shore and park trees read from their visible leaf-off crowns and shadows; aerial ends near z 478,
trees,t_1994,,conifer,veg,medium,2022,aerial2022,leaf-off 2022 aerial; shore and park trees read from their visible leaf-off crowns and shadows; aerial ends near z 478,
trees,t_1995,,deciduous,veg,medium,2022,aerial2022,leaf-off 2022 aerial; shore and park trees read from their visible leaf-off crowns and shadows; aerial ends near z 478,
trees,t_1996,,shrub,veg,low,2022,aerial2022,naturalised bed representative clumps,
trees,t_1997,,shrub,veg,low,2022,aerial2022,naturalised bed representative clumps,
trees,t_1998,,shrub,veg,low,2022,aerial2022,naturalised bed representative clumps,
trees,t_1999,,shrub,veg,low,2022,aerial2022,naturalised bed representative clumps,
trees,t_2000,,shrub,veg,low,2022,aerial2022,naturalised bed representative clumps,
trees,t_2001,,shrub,veg,low,2022,aerial2022,naturalised bed representative clumps,
trees,t_2002,,shrub,veg,low,2022,aerial2022,naturalised bed representative clumps,
trees,t_2003,,shrub,veg,low,2022,aerial2022,naturalised bed representative clumps,
trees,t_2004,,shrub,veg,low,2022,aerial2022,naturalised bed representative clumps,
trees,t_2005,,shrub,veg,low,2022,aerial2022,naturalised bed representative clumps,
trees,t_2006,,shrub,veg,low,2022,aerial2022,naturalised bed representative clumps,
trees,t_2007,,shrub,veg,low,2022,aerial2022,naturalised bed representative clumps,
trees,t_2008,,shrub,veg,low,2022,aerial2022,naturalised bed representative clumps,
trees,t_2009,,conifer,veg,medium,2022,aerial2022,leaf-off 2022 aerial; shore and park trees read from their visible leaf-off crowns and shadows; aerial ends near z 478,
trees,t_2010,,conifer,veg,high,2022,aerial2022,leaf-off 2022 aerial; shore and park trees read from their visible leaf-off crowns and shadows; aerial ends near z 478,
trees,t_2011,,conifer,veg,high,2022,aerial2022,leaf-off 2022 aerial; shore and park trees read from their visible leaf-off crowns and shadows; aerial ends near z 478,
trees,t_2012,,conifer,veg,high,2022,aerial2022,leaf-off 2022 aerial; shore and park trees read from their visible leaf-off crowns and shadows; aerial ends near z 478,
trees,t_2013,,conifer,veg,high,2022,aerial2022,leaf-off 2022 aerial; shore and park trees read from their visible leaf-off crowns and shadows; aerial ends near z 478,
trees,t_2014,,conifer,veg,high,2022,aerial2022,leaf-off 2022 aerial; shore and park trees read from their visible leaf-off crowns and shadows; aerial ends near z 478,
trees,t_2015,,conifer,veg,high,2022,aerial2022,leaf-off 2022 aerial; shore and park trees read from their visible leaf-off crowns and shadows; aerial ends near z 478,
trees,t_2016,,conifer,veg,high,2022,aerial2022,leaf-off 2022 aerial; shore and park trees read from their visible leaf-off crowns and shadows; aerial ends near z 478,
trees,t_2017,,deciduous,veg,high,2022,aerial2022,leaf-off 2022 aerial; shore and park trees read from their visible leaf-off crowns and shadows; aerial ends near z 478,
trees,t_2018,,deciduous,veg,high,2022,aerial2022,leaf-off 2022 aerial; shore and park trees read from their visible leaf-off crowns and shadows; aerial ends near z 478,
trees,t_2019,,deciduous,veg,medium,2022,aerial2022,leaf-off 2022 aerial; shore and park trees read from their visible leaf-off crowns and shadows; aerial ends near z 478,
trees,t_2020,,deciduous,veg,medium,2022,aerial2022,leaf-off 2022 aerial; shore and park trees read from their visible leaf-off crowns and shadows; aerial ends near z 478,
trees,t_2021,,deciduous,veg,medium,2022,aerial2022,leaf-off 2022 aerial; shore and park trees read from their visible leaf-off crowns and shadows; aerial ends near z 478,
trees,t_2022,,deciduous,veg,low,2022,aerial2022,leaf-off 2022 aerial; shore and park trees read from their visible leaf-off crowns and shadows; aerial ends near z 478,
trees,t_2023,,shrub,veg,medium,2022,aerial2022,leaf-off 2022 aerial; shore and park trees read from their visible leaf-off crowns and shadows; aerial ends near z 478,
trees,t_2024,,deciduous,veg,medium,2022,aerial2022,leaf-off 2022 aerial; shore and park trees read from their visible leaf-off crowns and shadows; aerial ends near z 478,
trees,t_2025,,deciduous,veg,medium,2022,aerial2022,leaf-off 2022 aerial; shore and park trees read from their visible leaf-off crowns and shadows; aerial ends near z 478,
trees,t_2026,,deciduous,veg,medium,2022,aerial2022,leaf-off 2022 aerial; shore and park trees read from their visible leaf-off crowns and shadows; aerial ends near z 478,
trees,t_2027,,deciduous,veg,medium,2022,aerial2022,leaf-off 2022 aerial; shore and park trees read from their visible leaf-off crowns and shadows; aerial ends near z 478,
trees,t_2028,,deciduous,veg,medium,2022,aerial2022,leaf-off 2022 aerial; shore and park trees read from their visible leaf-off crowns and shadows; aerial ends near z 478,
trees,t_2029,,deciduous,veg,medium,2022,aerial2022,leaf-off 2022 aerial; shore and park trees read from their visible leaf-off crowns and shadows; aerial ends near z 478,
trees,t_2030,,deciduous,veg,low,2022,aerial2022,leaf-off 2022 aerial; shore and park trees read from their visible leaf-off crowns and shadows; aerial ends near z 478,
trees,t_2031,,deciduous,veg,medium,2022,aerial2022,leaf-off 2022 aerial; shore and park trees read from their visible leaf-off crowns and shadows; aerial ends near z 478,
trees,t_2032,,deciduous,veg,medium,2022,aerial2022,leaf-off 2022 aerial; shore and park trees read from their visible leaf-off crowns and shadows; aerial ends near z 478,
trees,t_2033,,deciduous,veg,low,2022,aerial2022,leaf-off 2022 aerial; shore and park trees read from their visible leaf-off crowns and shadows; aerial ends near z 478,
trees,t_2034,,deciduous,veg,low,2022,aerial2022,leaf-off 2022 aerial; shore and park trees read from their visible leaf-off crowns and shadows; aerial ends near z 478,
trees,t_2035,,deciduous,veg,high,2022,aerial2022,leaf-off 2022 aerial; deciduous placed from the shadow pattern or the visible crown,
trees,t_2036,,deciduous,veg,high,2022,aerial2022,leaf-off 2022 aerial; deciduous placed from the shadow pattern or the visible crown,
trees,t_2037,,deciduous,veg,high,2022,aerial2022,leaf-off 2022 aerial; deciduous placed from the shadow pattern or the visible crown,
trees,t_2038,,deciduous,veg,high,2022,aerial2022,leaf-off 2022 aerial; deciduous placed from the shadow pattern or the visible crown,
trees,t_2039,,deciduous,veg,high,2022,aerial2022,leaf-off 2022 aerial; deciduous placed from the shadow pattern or the visible crown,
trees,t_2040,,deciduous,veg,high,2022,aerial2022,leaf-off 2022 aerial; deciduous placed from the shadow pattern or the visible crown,
trees,t_2041,,deciduous,veg,high,2022,aerial2022,leaf-off 2022 aerial; deciduous placed from the shadow pattern or the visible crown,
trees,t_2042,,deciduous,veg,high,2022,aerial2022,leaf-off 2022 aerial; deciduous placed from the shadow pattern or the visible crown,
trees,t_2043,,deciduous,veg,high,2022,aerial2022,leaf-off 2022 aerial; deciduous placed from the shadow pattern or the visible crown,
trees,t_2044,,ornamental,veg,high,2022,aerial2022,leaf-off 2022 aerial; deciduous placed from the shadow pattern or the visible crown,
trees,t_2045,,deciduous,veg,high,2022,aerial2022,leaf-off 2022 aerial; deciduous placed from the shadow pattern or the visible crown,
trees,t_2046,,deciduous,veg,high,2022,aerial2022,leaf-off 2022 aerial; deciduous placed from the shadow pattern or the visible crown,
trees,t_2047,,conifer,veg,high,2022,aerial2022,leaf-off 2022 aerial; deciduous placed from the shadow pattern or the visible crown,
trees,t_2048,,conifer,veg,high,2022,aerial2022,leaf-off 2022 aerial; deciduous placed from the shadow pattern or the visible crown,
trees,t_2049,,conifer,veg,high,2022,aerial2022,leaf-off 2022 aerial; deciduous placed from the shadow pattern or the visible crown,
trees,t_2050,,deciduous,veg,high,2022,aerial2022,leaf-off 2022 aerial; deciduous placed from the shadow pattern or the visible crown,
trees,t_2051,,shrub,veg,medium,2022,aerial2022,leaf-off 2022 aerial; deciduous placed from the shadow pattern or the visible crown,
trees,t_2052,,shrub,veg,medium,2022,aerial2022,leaf-off 2022 aerial; deciduous placed from the shadow pattern or the visible crown,
trees,t_2053,,shrub,veg,medium,2022,aerial2022,leaf-off 2022 aerial; deciduous placed from the shadow pattern or the visible crown,
trees,t_2054,,shrub,veg,medium,2022,aerial2022,leaf-off 2022 aerial; deciduous placed from the shadow pattern or the visible crown,
trees,t_2055,,deciduous,veg,high,2022,aerial2022,leaf-off 2022 aerial; deciduous placed from the shadow pattern or the visible crown,nudged 1.2 m off a traced walk (merge rule)
trees,t_2056,,deciduous,veg,high,2022,aerial2022,leaf-off 2022 aerial; deciduous placed from the shadow pattern or the visible crown,
trees,t_2057,,shrub,veg,medium,2022,aerial2022,leaf-off 2022 aerial; deciduous placed from the shadow pattern or the visible crown,
trees,t_2058,,shrub,veg,medium,2022,aerial2022,leaf-off 2022 aerial; deciduous placed from the shadow pattern or the visible crown,
trees,t_2059,,shrub,veg,medium,2022,aerial2022,leaf-off 2022 aerial; deciduous placed from the shadow pattern or the visible crown,
trees,t_2060,,shrub,veg,medium,2022,aerial2022,leaf-off 2022 aerial; deciduous placed from the shadow pattern or the visible crown,
trees,t_2061,,shrub,veg,low,2022,aerial2022,leaf-off 2022 aerial; deciduous placed from the shadow pattern or the visible crown,
trees,t_2062,,conifer,veg,high,2022,aerial2022,leaf-off 2022 aerial; deciduous placed from the shadow pattern or the visible crown,
trees,t_2063,,ornamental,veg,high,2022,aerial2022,leaf-off 2022 aerial; deciduous placed from the shadow pattern or the visible crown,
trees,t_2064,,ornamental,veg,high,2022,aerial2022,leaf-off 2022 aerial; deciduous placed from the shadow pattern or the visible crown,
trees,t_2065,,ornamental,veg,high,2022,aerial2022,leaf-off 2022 aerial; deciduous placed from the shadow pattern or the visible crown,
trees,t_2066,,ornamental,veg,high,2022,aerial2022,leaf-off 2022 aerial; deciduous placed from the shadow pattern or the visible crown,
trees,t_2067,,ornamental,veg,high,2022,aerial2022,leaf-off 2022 aerial; deciduous placed from the shadow pattern or the visible crown,
trees,t_2068,,shrub,veg,medium,2022,aerial2022,leaf-off 2022 aerial; deciduous placed from the shadow pattern or the visible crown,
trees,t_2069,,shrub,veg,medium,2022,aerial2022,leaf-off 2022 aerial; deciduous placed from the shadow pattern or the visible crown,
trees,t_2070,,shrub,veg,medium,2022,aerial2022,leaf-off 2022 aerial; deciduous placed from the shadow pattern or the visible crown,
trees,t_2071,,shrub,veg,medium,2022,aerial2022,leaf-off 2022 aerial; deciduous placed from the shadow pattern or the visible crown,
trees,t_2072,,shrub,veg,low,2022,aerial2022,leaf-off 2022 aerial; deciduous placed from the shadow pattern or the visible crown,nudged 0.1 m off a traced walk (merge rule)
trees,t_2073,,shrub,veg,low,2022,aerial2022,leaf-off 2022 aerial; deciduous placed from the shadow pattern or the visible crown,
trees,t_2074,,shrub,veg,low,2022,aerial2022,leaf-off 2022 aerial; deciduous placed from the shadow pattern or the visible crown,
trees,t_2075,,shrub,veg,low,2022,aerial2022,leaf-off 2022 aerial; deciduous placed from the shadow pattern or the visible crown,
trees,t_2076,,conifer,veg,high,2022,aerial2022,leaf-off 2022 aerial; deciduous placed from the shadow pattern or the visible crown,
trees,t_2077,,deciduous,veg,high,2022,aerial2022,leaf-off 2022 aerial; deciduous placed from the shadow pattern or the visible crown,
trees,t_2078,,deciduous,veg,high,2022,aerial2022,leaf-off 2022 aerial; deciduous placed from the shadow pattern or the visible crown,
trees,t_2079,,deciduous,veg,high,2022,aerial2022,large tree in the drop off circle island,
trees,t_2080,,conifer,veg,high,2022,aerial2022,leaf-off 2022 aerial; deciduous placed from the shadow pattern or the visible crown,
trees,t_2081,,conifer,veg,high,2022,aerial2022,leaf-off 2022 aerial; deciduous placed from the shadow pattern or the visible crown,
trees,t_2082,,conifer,veg,high,2022,aerial2022,leaf-off 2022 aerial; deciduous placed from the shadow pattern or the visible crown,
trees,t_2083,,conifer,veg,high,2022,aerial2022,leaf-off 2022 aerial; deciduous placed from the shadow pattern or the visible crown,
trees,t_2084,,conifer,veg,high,2022,aerial2022,leaf-off 2022 aerial; deciduous placed from the shadow pattern or the visible crown,
trees,t_2085,,conifer,veg,high,2022,aerial2022,leaf-off 2022 aerial; deciduous placed from the shadow pattern or the visible crown,
trees,t_2086,,conifer,veg,high,2022,aerial2022,leaf-off 2022 aerial; deciduous placed from the shadow pattern or the visible crown,nudged 0.6 m off a traced walk (merge rule)
trees,t_2087,,conifer,veg,high,2022,aerial2022,leaf-off 2022 aerial; deciduous placed from the shadow pattern or the visible crown,
trees,t_2088,,shrub,veg,medium,2022,aerial2022,leaf-off 2022 aerial; deciduous placed from the shadow pattern or the visible crown,
trees,t_2089,,shrub,veg,medium,2022,aerial2022,leaf-off 2022 aerial; deciduous placed from the shadow pattern or the visible crown,
trees,t_2090,,shrub,veg,medium,2022,aerial2022,leaf-off 2022 aerial; deciduous placed from the shadow pattern or the visible crown,
trees,t_2091,,shrub,veg,medium,2022,aerial2022,leaf-off 2022 aerial; deciduous placed from the shadow pattern or the visible crown,
trees,t_2092,,shrub,veg,medium,2022,aerial2022,leaf-off 2022 aerial; deciduous placed from the shadow pattern or the visible crown,
trees,t_2093,,shrub,veg,medium,2022,aerial2022,leaf-off 2022 aerial; deciduous placed from the shadow pattern or the visible crown,
trees,t_2094,,conifer,veg,high,2022,aerial2022,leaf-off 2022 aerial; deciduous placed from the shadow pattern or the visible crown,
trees,t_2095,,shrub,veg,medium,2022,aerial2022,leaf-off 2022 aerial; deciduous placed from the shadow pattern or the visible crown,
trees,t_2096,,shrub,veg,medium,2022,aerial2022,leaf-off 2022 aerial; deciduous placed from the shadow pattern or the visible crown,
trees,t_2097,,shrub,veg,medium,2022,aerial2022,leaf-off 2022 aerial; deciduous placed from the shadow pattern or the visible crown,
trees,t_2098,,deciduous,veg,high,2022,aerial2022,leaf-off 2022 aerial; deciduous placed from the shadow pattern or the visible crown,
trees,t_2099,,conifer,veg,high,2022,aerial2022,leaf-off 2022 aerial; deciduous placed from the shadow pattern or the visible crown,
trees,t_2100,,conifer,veg,high,2022,aerial2022,leaf-off 2022 aerial; deciduous placed from the shadow pattern or the visible crown,
trees,t_2101,,shrub,veg,medium,2022,aerial2022,leaf-off 2022 aerial; deciduous placed from the shadow pattern or the visible crown,
trees,t_2102,,deciduous,veg,high,2022,aerial2022,leaf-off 2022 aerial; deciduous placed from the shadow pattern or the visible crown,
trees,t_2103,,deciduous,veg,high,2022,aerial2022,leaf-off 2022 aerial; deciduous placed from the shadow pattern or the visible crown,nudged 0.9 m off a traced walk (merge rule)
trees,t_2104,,ornamental,veg,medium,2022,aerial2022,young tree small crown,
trees,t_2105,,ornamental,veg,medium,2022,aerial2022,young tree small crown,
trees,t_2106,,shrub,veg,medium,2022,aerial2022,leaf-off 2022 aerial; deciduous placed from the shadow pattern or the visible crown,
trees,t_2107,,shrub,veg,medium,2022,aerial2022,leaf-off 2022 aerial; deciduous placed from the shadow pattern or the visible crown,
trees,t_2108,,shrub,veg,medium,2022,aerial2022,leaf-off 2022 aerial; deciduous placed from the shadow pattern or the visible crown,
trees,t_2109,,shrub,veg,medium,2022,aerial2022,leaf-off 2022 aerial; deciduous placed from the shadow pattern or the visible crown,
trees,t_2110,,shrub,veg,medium,2022,aerial2022,leaf-off 2022 aerial; deciduous placed from the shadow pattern or the visible crown,
trees,t_2111,,shrub,veg,medium,2022,aerial2022,leaf-off 2022 aerial; deciduous placed from the shadow pattern or the visible crown,
trees,t_2112,,shrub,veg,low,2022,aerial2022,leaf-off 2022 aerial; deciduous placed from the shadow pattern or the visible crown,
trees,t_2113,,shrub,veg,low,2022,aerial2022,leaf-off 2022 aerial; deciduous placed from the shadow pattern or the visible crown,
trees,t_2114,,shrub,veg,low,2022,aerial2022,leaf-off 2022 aerial; deciduous placed from the shadow pattern or the visible crown,
trees,t_2115,,shrub,veg,low,2022,aerial2022,leaf-off 2022 aerial; deciduous placed from the shadow pattern or the visible crown,
trees,t_2116,,shrub,veg,medium,2022,aerial2022,leaf-off 2022 aerial; deciduous placed from the shadow pattern or the visible crown,
trees,t_2117,,shrub,veg,medium,2022,aerial2022,leaf-off 2022 aerial; deciduous placed from the shadow pattern or the visible crown,
trees,t_2118,,shrub,veg,medium,2022,aerial2022,leaf-off 2022 aerial; deciduous placed from the shadow pattern or the visible crown,nudged 0.4 m off a traced walk (merge rule)
trees,t_2119,,shrub,veg,medium,2022,aerial2022,leaf-off 2022 aerial; deciduous placed from the shadow pattern or the visible crown,
trees,t_2120,,shrub,veg,medium,2022,aerial2022,leaf-off 2022 aerial; deciduous placed from the shadow pattern or the visible crown,nudged 0.2 m off a traced walk (merge rule)
trees,t_2121,,shrub,veg,medium,2022,aerial2022,leaf-off 2022 aerial; deciduous placed from the shadow pattern or the visible crown,
trees,t_2122,,ornamental,veg,high,2022,aerial2022,leaf-off 2022 aerial; deciduous placed from the shadow pattern or the visible crown,
trees,t_2123,,ornamental,veg,high,2022,aerial2022,leaf-off 2022 aerial; deciduous placed from the shadow pattern or the visible crown,
trees,t_2124,,ornamental,veg,high,2022,aerial2022,leaf-off 2022 aerial; deciduous placed from the shadow pattern or the visible crown,
trees,t_2125,,ornamental,veg,high,2022,aerial2022,leaf-off 2022 aerial; deciduous placed from the shadow pattern or the visible crown,
trees,t_2126,,ornamental,veg,high,2022,aerial2022,leaf-off 2022 aerial; deciduous placed from the shadow pattern or the visible crown,
trees,t_2127,,ornamental,veg,high,2022,aerial2022,leaf-off 2022 aerial; deciduous placed from the shadow pattern or the visible crown,
trees,t_2128,,shrub,veg,medium,2022,aerial2022,leaf-off 2022 aerial; deciduous placed from the shadow pattern or the visible crown,
trees,t_2129,,shrub,veg,medium,2022,aerial2022,leaf-off 2022 aerial; deciduous placed from the shadow pattern or the visible crown,
trees,t_2130,,shrub,veg,medium,2022,aerial2022,leaf-off 2022 aerial; deciduous placed from the shadow pattern or the visible crown,
trees,t_2131,,shrub,veg,medium,2022,aerial2022,leaf-off 2022 aerial; deciduous placed from the shadow pattern or the visible crown,
trees,t_2132,,shrub,veg,medium,2022,aerial2022,leaf-off 2022 aerial; deciduous placed from the shadow pattern or the visible crown,
trees,t_2133,,shrub,veg,medium,2022,aerial2022,leaf-off 2022 aerial; deciduous placed from the shadow pattern or the visible crown,
trees,t_2134,,shrub,veg,medium,2022,aerial2022,leaf-off 2022 aerial; deciduous placed from the shadow pattern or the visible crown,
trees,t_2135,,shrub,veg,medium,2022,aerial2022,leaf-off 2022 aerial; deciduous placed from the shadow pattern or the visible crown,
trees,t_2136,,conifer,veg,high,2022,aerial2022,leaf-off 2022 aerial; deciduous placed from the shadow pattern or the visible crown,
trees,t_2137,,conifer,veg,high,2022,aerial2022,leaf-off 2022 aerial; deciduous placed from the shadow pattern or the visible crown,
trees,t_2138,,conifer,veg,high,2022,aerial2022,leaf-off 2022 aerial; deciduous placed from the shadow pattern or the visible crown,
trees,t_2139,,deciduous,veg,high,2022,aerial2022,leaf-off 2022 aerial; deciduous placed from the shadow pattern or the visible crown,nudged 0.9 m off a traced walk (merge rule)
trees,t_2140,,conifer,veg,high,2022,aerial2022,leaf-off 2022 aerial; deciduous placed from the shadow pattern (base recovered toward the sun),
trees,t_2141,,conifer,veg,high,2022,aerial2022,leaf-off 2022 aerial; deciduous placed from the shadow pattern (base recovered toward the sun),
trees,t_2142,,shrub,veg,medium,2022,aerial2022,leaf-off 2022 aerial; deciduous placed from the shadow pattern (base recovered toward the sun),
trees,t_2143,,deciduous,veg,high,2022,aerial2022,leaf-off 2022 aerial; deciduous placed from the shadow pattern (base recovered toward the sun),
trees,t_2144,,shrub,veg,medium,2022,aerial2022,leaf-off 2022 aerial; deciduous placed from the shadow pattern (base recovered toward the sun),
trees,t_2145,,deciduous,veg,high,2022,aerial2022,tree in the small round plaza planting circle,
trees,t_2146,,deciduous,veg,high,2022,aerial2022,leaf-off 2022 aerial; deciduous placed from the shadow pattern (base recovered toward the sun),
trees,t_2147,,conifer,veg,high,2022,aerial2022,leaf-off 2022 aerial; deciduous placed from the shadow pattern (base recovered toward the sun),
trees,t_2148,,deciduous,veg,high,2022,aerial2022,leaf-off 2022 aerial; deciduous placed from the shadow pattern (base recovered toward the sun),
trees,t_2149,,ornamental,veg,high,2022,aerial2022,leaf-off 2022 aerial; deciduous placed from the shadow pattern (base recovered toward the sun),
trees,t_2150,,deciduous,veg,high,2022,aerial2022,leaf-off 2022 aerial; deciduous placed from the shadow pattern (base recovered toward the sun),
trees,t_2151,,deciduous,veg,high,2022,aerial2022,leaf-off 2022 aerial; deciduous placed from the shadow pattern (base recovered toward the sun),
trees,t_2152,,deciduous,veg,high,2022,aerial2022,leaf-off 2022 aerial; deciduous placed from the shadow pattern (base recovered toward the sun),
trees,t_2153,,conifer,veg,high,2022,aerial2022,leaf-off 2022 aerial; deciduous placed from the shadow pattern (base recovered toward the sun),
trees,t_2154,,conifer,veg,high,2022,aerial2022,leaf-off 2022 aerial; deciduous placed from the shadow pattern (base recovered toward the sun),
trees,t_2155,,deciduous,veg,high,2022,aerial2022,leaf-off 2022 aerial; deciduous placed from the shadow pattern (base recovered toward the sun),
trees,t_2156,,deciduous,veg,high,2022,aerial2022,leaf-off 2022 aerial; deciduous placed from the shadow pattern (base recovered toward the sun),
trees,t_2157,,deciduous,veg,high,2022,aerial2022,leaf-off 2022 aerial; deciduous placed from the shadow pattern (base recovered toward the sun),
trees,t_2158,,deciduous,veg,high,2022,aerial2022,leaf-off 2022 aerial; deciduous placed from the shadow pattern (base recovered toward the sun),
trees,t_2159,,deciduous,veg,high,2022,aerial2022,leaf-off 2022 aerial; deciduous placed from the shadow pattern (base recovered toward the sun),
trees,t_2160,,deciduous,veg,high,2022,aerial2022,leaf-off 2022 aerial; deciduous placed from the shadow pattern (base recovered toward the sun),
trees,t_2161,,deciduous,veg,high,2022,aerial2022,leaf-off 2022 aerial; deciduous placed from the shadow pattern (base recovered toward the sun),
trees,t_2162,,deciduous,veg,high,2022,aerial2022,leaf-off 2022 aerial; deciduous placed from the shadow pattern (base recovered toward the sun),
trees,t_2163,,deciduous,veg,high,2022,aerial2022,leaf-off 2022 aerial; deciduous placed from the shadow pattern (base recovered toward the sun),
trees,t_2164,,deciduous,veg,high,2022,aerial2022,leaf-off 2022 aerial; deciduous placed from the shadow pattern (base recovered toward the sun),
trees,t_2165,,deciduous,veg,high,2022,aerial2022,leaf-off 2022 aerial; deciduous placed from the shadow pattern (base recovered toward the sun),
trees,t_2166,,deciduous,veg,high,2022,aerial2022,leaf-off 2022 aerial; deciduous placed from the shadow pattern (base recovered toward the sun),
trees,t_2167,,deciduous,veg,high,2022,aerial2022,leaf-off 2022 aerial; deciduous placed from the shadow pattern (base recovered toward the sun),
trees,t_2168,,deciduous,veg,high,2022,aerial2022,leaf-off 2022 aerial; deciduous placed from the shadow pattern (base recovered toward the sun),
trees,t_2169,,shrub,veg,medium,2022,"aerial2022, V02, R012",chapel garden shrubs and beds; V02 R012 show dense shrub plantings in raised beds,
trees,t_2170,,shrub,veg,medium,2022,"aerial2022, V02, R012",chapel garden shrubs and beds; V02 R012 show dense shrub plantings in raised beds,
trees,t_2171,,shrub,veg,medium,2022,"aerial2022, V02, R012",chapel garden shrubs and beds; V02 R012 show dense shrub plantings in raised beds,
trees,t_2172,,shrub,veg,medium,2022,"aerial2022, V02, R012",chapel garden shrubs and beds; V02 R012 show dense shrub plantings in raised beds,
trees,t_2173,,shrub,veg,medium,2022,"aerial2022, V02, R012",chapel garden shrubs and beds; V02 R012 show dense shrub plantings in raised beds,
trees,t_2174,,shrub,veg,medium,2022,"aerial2022, V02, R012",chapel garden shrubs and beds; V02 R012 show dense shrub plantings in raised beds,
trees,t_2175,,shrub,veg,medium,2022,"aerial2022, V02, R012",chapel garden shrubs and beds; V02 R012 show dense shrub plantings in raised beds,
trees,t_2176,,shrub,veg,medium,2022,"aerial2022, V02, R012",chapel garden shrubs and beds; V02 R012 show dense shrub plantings in raised beds,
trees,t_2177,,shrub,veg,medium,2022,"aerial2022, V02, R012",chapel garden shrubs and beds; V02 R012 show dense shrub plantings in raised beds,
trees,t_2178,,shrub,veg,medium,2022,"aerial2022, V02, R012",chapel garden shrubs and beds; V02 R012 show dense shrub plantings in raised beds,
trees,t_2179,,shrub,veg,medium,2022,"aerial2022, V02, R012",chapel garden shrubs and beds; V02 R012 show dense shrub plantings in raised beds,nudged 0.4 m off a traced walk (merge rule)
trees,t_2180,,shrub,veg,medium,2022,"aerial2022, V02, R012",chapel garden shrubs and beds; V02 R012 show dense shrub plantings in raised beds,
trees,t_2181,,shrub,veg,medium,2022,"aerial2022, V02, R012",chapel garden shrubs and beds; V02 R012 show dense shrub plantings in raised beds,
trees,t_2182,,shrub,veg,medium,2022,"aerial2022, V02, R012",chapel garden shrubs and beds; V02 R012 show dense shrub plantings in raised beds,
trees,t_2183,,shrub,veg,medium,2022,"aerial2022, V02, R012",chapel garden shrubs and beds; V02 R012 show dense shrub plantings in raised beds,
trees,t_2184,,shrub,veg,medium,2022,"aerial2022, V02, R012",chapel garden shrubs and beds; V02 R012 show dense shrub plantings in raised beds,
trees,t_2185,,shrub,veg,medium,2022,"aerial2022, V02, R012",chapel garden shrubs and beds; V02 R012 show dense shrub plantings in raised beds,
trees,t_2186,,shrub,veg,medium,2022,"aerial2022, V02, R012",chapel garden shrubs and beds; V02 R012 show dense shrub plantings in raised beds,
trees,t_2187,,shrub,veg,medium,2022,"aerial2022, V02, R012",chapel garden shrubs and beds; V02 R012 show dense shrub plantings in raised beds,
trees,t_2188,,shrub,veg,medium,2022,"aerial2022, V02, R012",chapel garden shrubs and beds; V02 R012 show dense shrub plantings in raised beds,
trees,t_2189,,shrub,veg,medium,2022,"aerial2022, V02, R012",chapel garden shrubs and beds; V02 R012 show dense shrub plantings in raised beds,
trees,t_2190,,shrub,veg,medium,2022,"aerial2022, V02, R012",chapel garden shrubs and beds; V02 R012 show dense shrub plantings in raised beds,
trees,t_2191,,shrub,veg,medium,2022,"aerial2022, V02, R012",chapel garden shrubs and beds; V02 R012 show dense shrub plantings in raised beds,
trees,t_2192,,shrub,veg,medium,2022,"aerial2022, V02, R012",chapel garden shrubs and beds; V02 R012 show dense shrub plantings in raised beds,
trees,t_2193,,conifer,veg,high,2022,aerial2022,leaf-off 2022 aerial; deciduous placed from the shadow pattern or the visible crown,
trees,t_2194,,conifer,veg,high,2022,aerial2022,leaf-off 2022 aerial; deciduous placed from the shadow pattern or the visible crown,
trees,t_2195,,conifer,veg,high,2022,aerial2022,leaf-off 2022 aerial; deciduous placed from the shadow pattern or the visible crown,nudged 1.0 m off a traced walk (merge rule)
trees,t_2196,,deciduous,veg,high,2022,aerial2022,leaf-off 2022 aerial; deciduous placed from the shadow pattern or the visible crown,
trees,t_2197,,deciduous,veg,high,2022,aerial2022,leaf-off 2022 aerial; deciduous placed from the shadow pattern or the visible crown,
trees,t_2198,,deciduous,veg,high,2022,aerial2022,leaf-off 2022 aerial; deciduous placed from the shadow pattern or the visible crown,
trees,t_2199,,deciduous,veg,high,2022,aerial2022,leaf-off 2022 aerial; deciduous placed from the shadow pattern or the visible crown,
trees,t_2200,,deciduous,veg,high,2022,aerial2022,leaf-off 2022 aerial; deciduous placed from the shadow pattern or the visible crown,
trees,t_2201,,deciduous,veg,high,2022,aerial2022,leaf-off 2022 aerial; deciduous placed from the shadow pattern or the visible crown,
trees,t_2202,,deciduous,veg,high,2022,aerial2022,leaf-off 2022 aerial; deciduous placed from the shadow pattern or the visible crown,
trees,t_2203,,deciduous,veg,high,2022,aerial2022,leaf-off 2022 aerial; deciduous placed from the shadow pattern or the visible crown,
trees,t_2204,,deciduous,veg,high,2022,aerial2022,leaf-off 2022 aerial; deciduous placed from the shadow pattern or the visible crown,
trees,t_2205,,deciduous,veg,medium,2022,aerial2022,leaf-off 2022 aerial; deciduous placed from the shadow pattern or the visible crown,
trees,t_2206,,deciduous,veg,medium,2022,aerial2022,leaf-off 2022 aerial; deciduous placed from the shadow pattern or the visible crown,
trees,t_2207,,deciduous,veg,low,2022,aerial2022,faint young tree shadow,
trees,t_2208,,deciduous,veg,low,2022,aerial2022,faint young tree shadow,
trees,t_2209,,deciduous,veg,low,2022,aerial2022,faint young tree shadow,
trees,t_2210,,deciduous,veg,high,2022,aerial2022,leaf-off 2022 aerial; deciduous placed from the shadow pattern or the visible crown,
trees,t_2211,,deciduous,veg,low,2022,aerial2022,leaf-off 2022 aerial; deciduous placed from the shadow pattern or the visible crown,
trees,t_2212,,deciduous,veg,medium,2022,aerial2022,leaf-off 2022 aerial; deciduous placed from the shadow pattern or the visible crown,
trees,t_2213,,shrub,veg,low,2022,aerial2022,woodland edge thicket,
trees,t_2214,,shrub,veg,low,2022,aerial2022,woodland edge thicket,
trees,t_2215,,conifer,veg,medium,2022,aerial2022,leaf-off 2022 aerial; deciduous placed from the shadow pattern or the visible crown,
trees,t_2216,,shrub,veg,low,2022,aerial2022,leaf-off 2022 aerial; deciduous placed from the shadow pattern or the visible crown,
trees,t_2217,,shrub,veg,low,2022,aerial2022,leaf-off 2022 aerial; deciduous placed from the shadow pattern or the visible crown,
trees,t_2218,,conifer,veg,high,2022,aerial2022,leaf-off 2022 aerial; deciduous placed from the shadow pattern or the visible crown,
trees,t_2219,,deciduous,veg,medium,2022,aerial2022,leaf-off 2022 aerial; deciduous placed from the shadow pattern or the visible crown,
trees,t_2220,,deciduous,veg,high,2022,aerial2022,leaf-off 2022 aerial; deciduous placed from the shadow pattern or the visible crown,
trees,t_2221,,conifer,veg,medium,2022,aerial2022,row of tall conifers long shadows on the lawn,
trees,t_2222,,conifer,veg,medium,2022,aerial2022,row of tall conifers long shadows on the lawn,
trees,t_2223,,conifer,veg,medium,2022,aerial2022,row of tall conifers long shadows on the lawn,
trees,t_2224,,deciduous,veg,low,2022,aerial2022,leaf-off 2022 aerial; deciduous placed from the shadow pattern or the visible crown,
trees,t_2225,,shrub,veg,low,2022,aerial2022,leaf-off 2022 aerial; deciduous placed from the shadow pattern or the visible crown,
trees,t_2226,,deciduous,veg,low,2022,aerial2022,shadow falls on the low roof base assumed south of the wing,
trees,t_2227,,deciduous,veg,medium,2022,aerial2022,leaf-off 2022 aerial; deciduous placed from the shadow pattern or the visible crown,
trees,t_2228,,deciduous,veg,high,2022,aerial2022,leaf-off 2022 aerial; deciduous placed from the shadow pattern or the visible crown,
trees,t_2229,,shrub,veg,low,2022,aerial2022,leaf-off 2022 aerial; deciduous placed from the shadow pattern or the visible crown,
trees,t_2230,,shrub,veg,medium,2022,aerial2022,leaf-off 2022 aerial; deciduous placed from the shadow pattern or the visible crown,
trees,t_2231,,shrub,veg,medium,2022,aerial2022,leaf-off 2022 aerial; deciduous placed from the shadow pattern or the visible crown,
trees,t_2232,,shrub,veg,medium,2022,aerial2022,leaf-off 2022 aerial; deciduous placed from the shadow pattern or the visible crown,
trees,t_2233,,shrub,veg,medium,2022,aerial2022,leaf-off 2022 aerial; deciduous placed from the shadow pattern or the visible crown,
trees,t_2234,,deciduous,veg,medium,2022,aerial2022,leaf-off 2022 aerial; deciduous placed from the shadow pattern or the visible crown,
trees,t_2235,,deciduous,veg,medium,2022,aerial2022,leaf-off 2022 aerial; deciduous placed from the shadow pattern or the visible crown,
trees,t_2236,,shrub,veg,low,2022,aerial2022,naturalised bed representative clumps,
trees,t_2237,,shrub,veg,low,2022,aerial2022,naturalised bed representative clumps,
trees,t_2238,,shrub,veg,low,2022,aerial2022,naturalised bed representative clumps,
trees,t_2239,,shrub,veg,low,2022,aerial2022,naturalised bed representative clumps,
trees,t_2240,,shrub,veg,low,2022,aerial2022,naturalised bed representative clumps,
trees,t_2241,,shrub,veg,low,2022,aerial2022,naturalised bed representative clumps,
trees,t_2242,,shrub,veg,low,2022,aerial2022,naturalised bed representative clumps,
trees,t_2243,,shrub,veg,low,2022,aerial2022,naturalised bed representative clumps,
trees,t_2244,,shrub,veg,low,2022,aerial2022,naturalised bed representative clumps,
trees,t_2245,,shrub,veg,low,2022,aerial2022,naturalised bed representative clumps,
trees,t_2246,,shrub,veg,low,2022,aerial2022,naturalised bed representative clumps,
trees,t_2247,,shrub,veg,low,2022,aerial2022,naturalised bed representative clumps,
trees,t_2248,,deciduous,veg,low,2022,aerial2022,leaf-off 2022 aerial; roadside and house-lot trees read from leaf-off crowns and shadows; aerial ends near z 478,
trees,t_2249,,deciduous,veg,low,2022,aerial2022,leaf-off 2022 aerial; roadside and house-lot trees read from leaf-off crowns and shadows; aerial ends near z 478,
trees,t_2250,,deciduous,veg,low,2022,aerial2022,leaf-off 2022 aerial; roadside and house-lot trees read from leaf-off crowns and shadows; aerial ends near z 478,
trees,t_2251,,deciduous,veg,low,2022,aerial2022,leaf-off 2022 aerial; roadside and house-lot trees read from leaf-off crowns and shadows; aerial ends near z 478,
trees,t_2252,,deciduous,veg,low,2022,aerial2022,leaf-off 2022 aerial; roadside and house-lot trees read from leaf-off crowns and shadows; aerial ends near z 478,
trees,t_2253,,deciduous,veg,medium,2022,aerial2022,leaf-off 2022 aerial; roadside and house-lot trees read from leaf-off crowns and shadows; aerial ends near z 478,
trees,t_2254,,deciduous,veg,high,2022,aerial2022,leaf-off 2022 aerial; roadside and house-lot trees read from leaf-off crowns and shadows; aerial ends near z 478,
trees,t_2255,,deciduous,veg,medium,2022,aerial2022,leaf-off 2022 aerial; roadside and house-lot trees read from leaf-off crowns and shadows; aerial ends near z 478,
trees,t_2256,,conifer,veg,high,2022,aerial2022,leaf-off 2022 aerial; roadside and house-lot trees read from leaf-off crowns and shadows; aerial ends near z 478,
trees,t_2257,,conifer,veg,high,2022,aerial2022,leaf-off 2022 aerial; roadside and house-lot trees read from leaf-off crowns and shadows; aerial ends near z 478,
trees,t_2258,,conifer,veg,high,2022,aerial2022,leaf-off 2022 aerial; roadside and house-lot trees read from leaf-off crowns and shadows; aerial ends near z 478,
trees,t_2259,,conifer,veg,high,2022,aerial2022,leaf-off 2022 aerial; roadside and house-lot trees read from leaf-off crowns and shadows; aerial ends near z 478,
trees,t_2260,,conifer,veg,medium,2022,aerial2022,leaf-off 2022 aerial; roadside and house-lot trees read from leaf-off crowns and shadows; aerial ends near z 478,
trees,t_2261,,deciduous,veg,medium,2022,aerial2022,leaf-off 2022 aerial; roadside and house-lot trees read from leaf-off crowns and shadows; aerial ends near z 478,
trees,t_2262,,deciduous,veg,medium,2022,aerial2022,leaf-off 2022 aerial; roadside and house-lot trees read from leaf-off crowns and shadows; aerial ends near z 478,
trees,t_2263,,deciduous,veg,medium,2022,aerial2022,leaf-off 2022 aerial; roadside and house-lot trees read from leaf-off crowns and shadows; aerial ends near z 478,
trees,t_2264,,deciduous,veg,medium,2022,aerial2022,leaf-off 2022 aerial; roadside and house-lot trees read from leaf-off crowns and shadows; aerial ends near z 478,
trees,t_2265,,deciduous,veg,medium,2022,aerial2022,leaf-off 2022 aerial; roadside and house-lot trees read from leaf-off crowns and shadows; aerial ends near z 478,
trees,t_2266,,deciduous,veg,medium,2022,aerial2022,leaf-off 2022 aerial; roadside and house-lot trees read from leaf-off crowns and shadows; aerial ends near z 478,
trees,t_2267,,deciduous,veg,medium,2022,aerial2022,leaf-off 2022 aerial; roadside and house-lot trees read from leaf-off crowns and shadows; aerial ends near z 478,
trees,t_2268,,deciduous,veg,medium,2022,aerial2022,leaf-off 2022 aerial; roadside and house-lot trees read from leaf-off crowns and shadows; aerial ends near z 478,
trees,t_2269,,deciduous,veg,medium,2022,aerial2022,leaf-off 2022 aerial; roadside and house-lot trees read from leaf-off crowns and shadows; aerial ends near z 478,
trees,t_2270,,deciduous,veg,medium,2022,aerial2022,leaf-off 2022 aerial; roadside and house-lot trees read from leaf-off crowns and shadows; aerial ends near z 478,
trees,t_2271,,deciduous,veg,medium,2022,aerial2022,leaf-off 2022 aerial; roadside and house-lot trees read from leaf-off crowns and shadows; aerial ends near z 478,
trees,t_2272,,deciduous,veg,medium,2022,aerial2022,leaf-off 2022 aerial; roadside and house-lot trees read from leaf-off crowns and shadows; aerial ends near z 478,
trees,t_2273,,deciduous,veg,medium,2022,aerial2022,leaf-off 2022 aerial; roadside and house-lot trees read from leaf-off crowns and shadows; aerial ends near z 478,
trees,t_2274,,conifer,veg,low,2022,aerial2022,leaf-off 2022 aerial; roadside and house-lot trees read from leaf-off crowns and shadows; aerial ends near z 478,
trees,t_2275,,deciduous,veg,medium,2022,aerial2022,leaf-off 2022 aerial; roadside and house-lot trees read from leaf-off crowns and shadows; aerial ends near z 478,
trees,t_2276,,deciduous,veg,low,2022,aerial2022,leaf-off 2022 aerial; roadside and house-lot trees read from leaf-off crowns and shadows; aerial ends near z 478,
trees,t_2277,,deciduous,veg,high,2022,aerial2022,row of small trees in the strip between the walk and the lot,
trees,t_2278,,deciduous,veg,high,2022,aerial2022,row of small trees in the strip between the walk and the lot,
trees,t_2279,,deciduous,veg,high,2022,aerial2022,row of small trees in the strip between the walk and the lot,
trees,t_2280,,deciduous,veg,high,2022,aerial2022,row of small trees in the strip between the walk and the lot,
trees,t_2281,,shrub,veg,medium,2022,aerial2022,leaf-off 2022 aerial; deciduous placed from the shadow pattern or the visible crown,
trees,t_2282,,shrub,veg,medium,2022,aerial2022,leaf-off 2022 aerial; deciduous placed from the shadow pattern or the visible crown,
trees,t_2283,,shrub,veg,medium,2022,aerial2022,leaf-off 2022 aerial; deciduous placed from the shadow pattern or the visible crown,
trees,t_2284,,shrub,veg,medium,2022,aerial2022,leaf-off 2022 aerial; deciduous placed from the shadow pattern or the visible crown,
trees,t_2285,,shrub,veg,medium,2022,aerial2022,leaf-off 2022 aerial; deciduous placed from the shadow pattern or the visible crown,
trees,t_2286,,shrub,veg,medium,2022,aerial2022,leaf-off 2022 aerial; deciduous placed from the shadow pattern or the visible crown,
trees,t_2287,,ornamental,veg,high,2022,aerial2022,leaf-off 2022 aerial; deciduous placed from the shadow pattern or the visible crown,
trees,t_2288,,deciduous,veg,high,2022,aerial2022,leaf-off 2022 aerial; deciduous placed from the shadow pattern or the visible crown,
trees,t_2289,,deciduous,veg,high,2022,aerial2022,leaf-off 2022 aerial; deciduous placed from the shadow pattern or the visible crown,
trees,t_2290,,deciduous,veg,high,2022,aerial2022,leaf-off 2022 aerial; deciduous placed from the shadow pattern or the visible crown,
trees,t_2291,,deciduous,veg,high,2022,aerial2022,leaf-off 2022 aerial; deciduous placed from the shadow pattern or the visible crown,
trees,t_2292,,deciduous,veg,high,2022,aerial2022,leaf-off 2022 aerial; deciduous placed from the shadow pattern or the visible crown,
trees,t_2293,,deciduous,veg,high,2022,aerial2022,leaf-off 2022 aerial; deciduous placed from the shadow pattern or the visible crown,
trees,t_2294,,deciduous,veg,high,2022,aerial2022,leaf-off 2022 aerial; deciduous placed from the shadow pattern or the visible crown,
trees,t_2295,,deciduous,veg,high,2022,aerial2022,leaf-off 2022 aerial; deciduous placed from the shadow pattern or the visible crown,
trees,t_2296,,deciduous,veg,high,2022,aerial2022,leaf-off 2022 aerial; deciduous placed from the shadow pattern or the visible crown,
trees,t_2297,,deciduous,veg,high,2022,aerial2022,leaf-off 2022 aerial; deciduous placed from the shadow pattern or the visible crown,
trees,t_2298,,deciduous,veg,high,2022,aerial2022,leaf-off 2022 aerial; deciduous placed from the shadow pattern or the visible crown,
trees,t_2299,,deciduous,veg,high,2022,aerial2022,leaf-off 2022 aerial; deciduous placed from the shadow pattern or the visible crown,
trees,t_2300,,deciduous,veg,high,2022,aerial2022,leaf-off 2022 aerial; deciduous placed from the shadow pattern or the visible crown,
trees,t_2301,,deciduous,veg,high,2022,aerial2022,leaf-off 2022 aerial; deciduous placed from the shadow pattern or the visible crown,
trees,t_2302,,deciduous,veg,high,2022,aerial2022,leaf-off 2022 aerial; deciduous placed from the shadow pattern or the visible crown,
trees,t_2303,,conifer,veg,high,2022,aerial2022,leaf-off 2022 aerial; deciduous placed from the shadow pattern or the visible crown,
trees,t_2304,,conifer,veg,high,2022,aerial2022,leaf-off 2022 aerial; deciduous placed from the shadow pattern or the visible crown,
trees,t_2305,,conifer,veg,high,2022,aerial2022,leaf-off 2022 aerial; deciduous placed from the shadow pattern or the visible crown,
trees,t_2306,,deciduous,veg,high,2022,aerial2022,leaf-off 2022 aerial; deciduous placed from the shadow pattern or the visible crown,
trees,t_2307,,deciduous,veg,high,2022,aerial2022,leaf-off 2022 aerial; deciduous placed from the shadow pattern or the visible crown,
trees,t_2308,,conifer,veg,high,2022,aerial2022,leaf-off 2022 aerial; deciduous placed from the shadow pattern or the visible crown,
trees,t_2309,,conifer,veg,high,2022,aerial2022,leaf-off 2022 aerial; deciduous placed from the shadow pattern or the visible crown,
trees,t_2310,,deciduous,veg,high,2022,aerial2022,leaf-off 2022 aerial; deciduous placed from the shadow pattern or the visible crown,
trees,t_2311,,shrub,veg,medium,2022,aerial2022,leaf-off 2022 aerial; deciduous placed from the shadow pattern or the visible crown,
trees,t_2312,,shrub,veg,medium,2022,aerial2022,leaf-off 2022 aerial; deciduous placed from the shadow pattern or the visible crown,
trees,t_2313,,shrub,veg,medium,2022,aerial2022,leaf-off 2022 aerial; deciduous placed from the shadow pattern or the visible crown,
trees,t_2314,,shrub,veg,medium,2022,aerial2022,leaf-off 2022 aerial; deciduous placed from the shadow pattern or the visible crown,
trees,t_2315,,shrub,veg,medium,2022,aerial2022,leaf-off 2022 aerial; deciduous placed from the shadow pattern or the visible crown,
trees,t_2316,,conifer,veg,high,2022,aerial2022,leaf-off 2022 aerial; deciduous placed from the shadow pattern or the visible crown,
trees,t_2317,,conifer,veg,high,2022,aerial2022,leaf-off 2022 aerial; deciduous placed from the shadow pattern or the visible crown,
trees,t_2318,,deciduous,veg,high,2022,aerial2022,leaf-off 2022 aerial; deciduous placed from the shadow pattern or the visible crown,
trees,t_2319,,deciduous,veg,high,2022,aerial2022,leaf-off 2022 aerial; deciduous placed from the shadow pattern or the visible crown,
trees,t_2320,,deciduous,veg,high,2022,aerial2022,leaf-off 2022 aerial; deciduous placed from the shadow pattern or the visible crown,
trees,t_2321,,deciduous,veg,high,2022,aerial2022,leaf-off 2022 aerial; deciduous placed from the shadow pattern or the visible crown,
trees,t_2322,,deciduous,veg,high,2022,aerial2022,leaf-off 2022 aerial; deciduous placed from the shadow pattern or the visible crown,nudged 1.7 m off a traced walk (merge rule)
trees,t_2323,,deciduous,veg,high,2022,aerial2022,leaf-off 2022 aerial; deciduous placed from the shadow pattern or the visible crown,
trees,t_2324,,deciduous,veg,high,2022,aerial2022,leaf-off 2022 aerial; deciduous placed from the shadow pattern or the visible crown,
trees,t_2325,,conifer,veg,high,2022,aerial2022,leaf-off 2022 aerial; deciduous placed from the shadow pattern or the visible crown,
trees,t_2326,,shrub,veg,medium,2022,aerial2022,leaf-off 2022 aerial; deciduous placed from the shadow pattern or the visible crown,
trees,t_2327,,deciduous,veg,high,2022,aerial2022,leaf-off 2022 aerial; deciduous placed from the shadow pattern or the visible crown,nudged 0.1 m off a traced walk (merge rule)
trees,t_2328,,ornamental,veg,high,2022,aerial2022,leaf-off 2022 aerial; deciduous placed from the shadow pattern or the visible crown,
trees,t_2329,,deciduous,veg,high,2022,aerial2022,leaf-off 2022 aerial; deciduous placed from the shadow pattern or the visible crown,
trees,t_2330,,deciduous,veg,high,2022,aerial2022,leaf-off 2022 aerial; deciduous placed from the shadow pattern or the visible crown,
trees,t_2331,,deciduous,veg,high,2022,aerial2022,leaf-off 2022 aerial; deciduous placed from the shadow pattern or the visible crown,
trees,t_2332,,deciduous,veg,high,2022,aerial2022,leaf-off 2022 aerial; deciduous placed from the shadow pattern or the visible crown,
trees,t_2333,,shrub,veg,medium,2022,aerial2022,leaf-off 2022 aerial; deciduous placed from the shadow pattern or the visible crown,
trees,t_2334,,shrub,veg,medium,2022,aerial2022,leaf-off 2022 aerial; deciduous placed from the shadow pattern or the visible crown,
trees,t_2335,,shrub,veg,medium,2022,aerial2022,leaf-off 2022 aerial; deciduous placed from the shadow pattern or the visible crown,
trees,t_2336,,shrub,veg,medium,2022,aerial2022,leaf-off 2022 aerial; deciduous placed from the shadow pattern or the visible crown,
trees,t_2337,,shrub,veg,medium,2022,aerial2022,leaf-off 2022 aerial; deciduous placed from the shadow pattern or the visible crown,nudged 1.4 m off a traced walk (merge rule)
trees,t_2338,,shrub,veg,medium,2022,aerial2022,leaf-off 2022 aerial; deciduous placed from the shadow pattern or the visible crown,
trees,t_2339,,shrub,veg,medium,2022,aerial2022,leaf-off 2022 aerial; deciduous placed from the shadow pattern or the visible crown,
trees,t_2340,,shrub,veg,medium,2022,aerial2022,leaf-off 2022 aerial; deciduous placed from the shadow pattern or the visible crown,
trees,t_2341,,deciduous,veg,high,2022,aerial2022,leaf-off 2022 aerial; deciduous placed from the shadow pattern or the visible crown,
trees,t_2342,,deciduous,veg,high,2022,aerial2022,leaf-off 2022 aerial; deciduous placed from the shadow pattern or the visible crown,
trees,t_2343,,deciduous,veg,high,2022,aerial2022,leaf-off 2022 aerial; deciduous placed from the shadow pattern or the visible crown,
trees,t_2344,,ornamental,veg,high,2022,aerial2022,leaf-off 2022 aerial; deciduous placed from the shadow pattern or the visible crown,
trees,t_2345,,deciduous,veg,high,2022,aerial2022,leaf-off 2022 aerial; deciduous placed from the shadow pattern or the visible crown,
trees,t_2346,,ornamental,veg,high,2022,aerial2022,leaf-off 2022 aerial; deciduous placed from the shadow pattern or the visible crown,
trees,t_2347,,shrub,veg,medium,2022,aerial2022,leaf-off 2022 aerial; deciduous placed from the shadow pattern or the visible crown,
trees,t_2348,,shrub,veg,medium,2022,aerial2022,leaf-off 2022 aerial; deciduous placed from the shadow pattern or the visible crown,
trees,t_2349,,shrub,veg,medium,2022,aerial2022,leaf-off 2022 aerial; deciduous placed from the shadow pattern or the visible crown,
trees,t_2350,,shrub,veg,medium,2022,aerial2022,leaf-off 2022 aerial; deciduous placed from the shadow pattern or the visible crown,
trees,t_2351,,shrub,veg,medium,2022,aerial2022,leaf-off 2022 aerial; deciduous placed from the shadow pattern or the visible crown,
trees,t_2352,,shrub,veg,medium,2022,aerial2022,leaf-off 2022 aerial; deciduous placed from the shadow pattern or the visible crown,
trees,t_2353,,shrub,veg,medium,2022,aerial2022,leaf-off 2022 aerial; deciduous placed from the shadow pattern or the visible crown,
trees,t_2354,,shrub,veg,medium,2022,aerial2022,leaf-off 2022 aerial; deciduous placed from the shadow pattern or the visible crown,
trees,t_2355,,shrub,veg,medium,2022,aerial2022,leaf-off 2022 aerial; deciduous placed from the shadow pattern or the visible crown,
trees,t_2356,,shrub,veg,medium,2022,aerial2022,leaf-off 2022 aerial; deciduous placed from the shadow pattern or the visible crown,
trees,t_2357,,conifer,veg,high,2022,aerial2022,leaf-off 2022 aerial; deciduous placed from the shadow pattern or the visible crown,
trees,t_2358,,conifer,veg,high,2022,aerial2022,leaf-off 2022 aerial; deciduous placed from the shadow pattern or the visible crown,
trees,t_2359,,conifer,veg,high,2022,aerial2022,leaf-off 2022 aerial; deciduous placed from the shadow pattern or the visible crown,
trees,t_2360,,conifer,veg,high,2022,aerial2022,leaf-off 2022 aerial; deciduous placed from the shadow pattern or the visible crown,
trees,t_2361,,conifer,veg,high,2022,aerial2022,leaf-off 2022 aerial; deciduous placed from the shadow pattern or the visible crown,
trees,t_2362,,conifer,veg,high,2022,aerial2022,leaf-off 2022 aerial; deciduous placed from the shadow pattern or the visible crown,
trees,t_2363,,conifer,veg,high,2022,aerial2022,leaf-off 2022 aerial; deciduous placed from the shadow pattern or the visible crown,
trees,t_2364,,conifer,veg,low,2022,"aerial2022, User155128",leaf-off 2022 aerial; deciduous placed from the shadow pattern or the visible crown,
trees,t_2365,,conifer,veg,low,2022,"aerial2022, User155128",leaf-off 2022 aerial; deciduous placed from the shadow pattern or the visible crown,
trees,t_2366,,conifer,veg,low,2022,"aerial2022, User155128",leaf-off 2022 aerial; deciduous placed from the shadow pattern or the visible crown,
trees,t_2367,,conifer,veg,low,2022,"aerial2022, User155128",leaf-off 2022 aerial; deciduous placed from the shadow pattern or the visible crown,
trees,t_2368,,conifer,veg,low,2022,"aerial2022, User155128",leaf-off 2022 aerial; deciduous placed from the shadow pattern or the visible crown,nudged 1.3 m off a traced walk (merge rule)
trees,t_2369,,conifer,veg,low,2022,"aerial2022, User155128",leaf-off 2022 aerial; deciduous placed from the shadow pattern or the visible crown,
trees,t_2370,,conifer,veg,low,2022,"aerial2022, User155128",leaf-off 2022 aerial; deciduous placed from the shadow pattern or the visible crown,nudged 0.7 m off a traced walk (merge rule)
trees,t_2371,,conifer,veg,low,2022,"aerial2022, User155128",leaf-off 2022 aerial; deciduous placed from the shadow pattern or the visible crown,nudged 0.5 m off a traced walk (merge rule)
trees,t_2372,,ornamental,veg,high,2022,aerial2022,leaf-off 2022 aerial; deciduous placed from the shadow pattern or the visible crown,
trees,t_2373,,ornamental,veg,high,2022,aerial2022,leaf-off 2022 aerial; deciduous placed from the shadow pattern or the visible crown,
trees,t_2374,,ornamental,veg,high,2022,aerial2022,leaf-off 2022 aerial; deciduous placed from the shadow pattern or the visible crown,
trees,t_2375,,ornamental,veg,high,2022,aerial2022,leaf-off 2022 aerial; deciduous placed from the shadow pattern or the visible crown,
trees,t_2376,,ornamental,veg,high,2022,aerial2022,leaf-off 2022 aerial; deciduous placed from the shadow pattern or the visible crown,
trees,t_2377,,ornamental,veg,high,2022,aerial2022,leaf-off 2022 aerial; deciduous placed from the shadow pattern or the visible crown,
trees,t_2378,,ornamental,veg,high,2022,aerial2022,leaf-off 2022 aerial; deciduous placed from the shadow pattern or the visible crown,
trees,t_2379,,ornamental,veg,high,2022,aerial2022,leaf-off 2022 aerial; deciduous placed from the shadow pattern or the visible crown,
trees,t_2380,,ornamental,veg,high,2022,aerial2022,leaf-off 2022 aerial; deciduous placed from the shadow pattern or the visible crown,
trees,t_2381,,ornamental,veg,high,2022,aerial2022,leaf-off 2022 aerial; deciduous placed from the shadow pattern or the visible crown,
trees,t_2382,,ornamental,veg,high,2022,aerial2022,leaf-off 2022 aerial; deciduous placed from the shadow pattern or the visible crown,
trees,t_2383,,ornamental,veg,high,2022,aerial2022,leaf-off 2022 aerial; deciduous placed from the shadow pattern or the visible crown,
trees,t_2384,,shrub,veg,medium,2022,aerial2022,leaf-off 2022 aerial; deciduous placed from the shadow pattern or the visible crown,
trees,t_2385,,shrub,veg,medium,2022,aerial2022,leaf-off 2022 aerial; deciduous placed from the shadow pattern or the visible crown,
trees,t_2386,,shrub,veg,medium,2022,aerial2022,leaf-off 2022 aerial; deciduous placed from the shadow pattern or the visible crown,
trees,t_2387,,shrub,veg,medium,2022,aerial2022,leaf-off 2022 aerial; deciduous placed from the shadow pattern or the visible crown,
trees,t_2388,,shrub,veg,medium,2022,aerial2022,leaf-off 2022 aerial; deciduous placed from the shadow pattern or the visible crown,
trees,t_2389,,shrub,veg,medium,2022,aerial2022,leaf-off 2022 aerial; deciduous placed from the shadow pattern or the visible crown,
trees,t_2390,,shrub,veg,medium,2022,aerial2022,leaf-off 2022 aerial; deciduous placed from the shadow pattern or the visible crown,
trees,t_2391,,shrub,veg,medium,2022,aerial2022,leaf-off 2022 aerial; deciduous placed from the shadow pattern or the visible crown,
trees,t_2392,,shrub,veg,medium,2022,aerial2022,leaf-off 2022 aerial; deciduous placed from the shadow pattern or the visible crown,
trees,t_2393,,shrub,veg,medium,2022,aerial2022,leaf-off 2022 aerial; deciduous placed from the shadow pattern or the visible crown,
trees,t_2394,,shrub,veg,medium,2022,aerial2022,leaf-off 2022 aerial; deciduous placed from the shadow pattern or the visible crown,
trees,t_2395,,shrub,veg,medium,2022,aerial2022,leaf-off 2022 aerial; deciduous placed from the shadow pattern or the visible crown,
trees,t_2396,,shrub,veg,medium,2022,aerial2022,leaf-off 2022 aerial; deciduous placed from the shadow pattern or the visible crown,
trees,t_2397,,deciduous,veg,high,2022,aerial2022,leaf-off 2022 aerial; deciduous placed from the shadow pattern or the visible crown,
trees,t_2398,,deciduous,veg,high,2022,aerial2022,leaf-off 2022 aerial; deciduous placed from the shadow pattern or the visible crown,
trees,t_2399,,conifer,veg,high,2022,aerial2022,leaf-off 2022 aerial; deciduous placed from the shadow pattern or the visible crown,
trees,t_2400,,deciduous,veg,high,2022,aerial2022,leaf-off 2022 aerial; deciduous placed from the shadow pattern or the visible crown,
trees,t_2401,,shrub,veg,medium,2022,aerial2022,leaf-off 2022 aerial; deciduous placed from the shadow pattern or the visible crown,
trees,t_2402,,shrub,veg,medium,2022,aerial2022,leaf-off 2022 aerial; deciduous placed from the shadow pattern or the visible crown,
trees,t_2403,,shrub,veg,medium,2022,aerial2022,leaf-off 2022 aerial; deciduous placed from the shadow pattern or the visible crown,
trees,t_2404,,shrub,veg,medium,2022,aerial2022,leaf-off 2022 aerial; deciduous placed from the shadow pattern or the visible crown,
trees,t_2405,,shrub,veg,medium,2022,aerial2022,leaf-off 2022 aerial; deciduous placed from the shadow pattern or the visible crown,
trees,t_2406,,shrub,veg,medium,2022,aerial2022,leaf-off 2022 aerial; deciduous placed from the shadow pattern or the visible crown,
trees,t_2407,,shrub,veg,medium,2022,aerial2022,leaf-off 2022 aerial; deciduous placed from the shadow pattern or the visible crown,
trees,t_2408,,shrub,veg,medium,2022,aerial2022,leaf-off 2022 aerial; deciduous placed from the shadow pattern or the visible crown,
trees,t_2409,,shrub,veg,medium,2022,aerial2022,leaf-off 2022 aerial; deciduous placed from the shadow pattern or the visible crown,
trees,t_2410,,shrub,veg,medium,2022,aerial2022,leaf-off 2022 aerial; deciduous placed from the shadow pattern or the visible crown,
trees,t_2411,,shrub,veg,medium,2022,aerial2022,leaf-off 2022 aerial; deciduous placed from the shadow pattern or the visible crown,
trees,t_2412,,shrub,veg,medium,2022,aerial2022,leaf-off 2022 aerial; deciduous placed from the shadow pattern or the visible crown,
trees,t_2413,,shrub,veg,medium,2022,aerial2022,leaf-off 2022 aerial; deciduous placed from the shadow pattern or the visible crown,
trees,t_2414,,shrub,veg,medium,2022,aerial2022,leaf-off 2022 aerial; deciduous placed from the shadow pattern or the visible crown,
trees,t_2415,,shrub,veg,medium,2022,aerial2022,leaf-off 2022 aerial; deciduous placed from the shadow pattern or the visible crown,
trees,t_2416,,shrub,veg,medium,2022,aerial2022,leaf-off 2022 aerial; deciduous placed from the shadow pattern or the visible crown,
trees,t_2417,,shrub,veg,medium,2022,aerial2022,leaf-off 2022 aerial; deciduous placed from the shadow pattern or the visible crown,
trees,t_2418,,ornamental,veg,high,2022,aerial2022,leaf-off 2022 aerial; deciduous placed from the shadow pattern or the visible crown,
trees,t_2419,,ornamental,veg,high,2022,aerial2022,leaf-off 2022 aerial; deciduous placed from the shadow pattern or the visible crown,
trees,t_2420,,ornamental,veg,high,2022,aerial2022,leaf-off 2022 aerial; deciduous placed from the shadow pattern or the visible crown,
trees,t_2421,,ornamental,veg,high,2022,aerial2022,leaf-off 2022 aerial; deciduous placed from the shadow pattern or the visible crown,
trees,t_2422,,ornamental,veg,high,2022,aerial2022,leaf-off 2022 aerial; deciduous placed from the shadow pattern or the visible crown,
trees,t_2423,,ornamental,veg,high,2022,aerial2022,leaf-off 2022 aerial; deciduous placed from the shadow pattern or the visible crown,
trees,t_2424,,ornamental,veg,high,2022,aerial2022,leaf-off 2022 aerial; deciduous placed from the shadow pattern or the visible crown,
trees,t_2425,,ornamental,veg,high,2022,aerial2022,leaf-off 2022 aerial; deciduous placed from the shadow pattern or the visible crown,
trees,t_2426,,deciduous,veg,high,2022,aerial2022,leaf-off 2022 aerial; deciduous placed from the shadow pattern or the visible crown,
trees,t_2427,,deciduous,veg,high,2022,aerial2022,leaf-off 2022 aerial; deciduous placed from the shadow pattern or the visible crown,
trees,t_2428,,deciduous,veg,high,2022,aerial2022,leaf-off 2022 aerial; deciduous placed from the shadow pattern or the visible crown,nudged 0.3 m off a traced walk (merge rule)
trees,t_2429,,shrub,veg,medium,2022,aerial2022,leaf-off 2022 aerial; deciduous placed from the shadow pattern or the visible crown,
trees,t_2430,,shrub,veg,medium,2022,aerial2022,leaf-off 2022 aerial; deciduous placed from the shadow pattern or the visible crown,
trees,t_2431,,shrub,veg,medium,2022,aerial2022,leaf-off 2022 aerial; deciduous placed from the shadow pattern or the visible crown,nudged 0.5 m off a traced walk (merge rule)
trees,t_2432,,conifer,veg,high,2022,aerial2022,leaf-off 2022 aerial; deciduous placed from the shadow pattern or the visible crown,
trees,t_2433,,shrub,veg,medium,2022,aerial2022,leaf-off 2022 aerial; deciduous placed from the shadow pattern or the visible crown,nudged 1.2 m off a traced walk (merge rule)
trees,t_2434,,shrub,veg,medium,2022,aerial2022,leaf-off 2022 aerial; deciduous placed from the shadow pattern or the visible crown,
trees,t_2435,,deciduous,veg,high,2022,aerial2022,leaf-off 2022 aerial; deciduous placed from the shadow pattern or the visible crown,
trees,t_2436,,deciduous,veg,high,2022,aerial2022,leaf-off 2022 aerial; deciduous placed from the shadow pattern or the visible crown,
trees,t_2437,,shrub,veg,medium,2022,aerial2022,leaf-off 2022 aerial; deciduous placed from the shadow pattern or the visible crown,
trees,t_2438,,shrub,veg,medium,2022,aerial2022,leaf-off 2022 aerial; deciduous placed from the shadow pattern or the visible crown,
trees,t_2439,,shrub,veg,medium,2022,aerial2022,leaf-off 2022 aerial; deciduous placed from the shadow pattern or the visible crown,
trees,t_2440,,shrub,veg,medium,2022,aerial2022,leaf-off 2022 aerial; deciduous placed from the shadow pattern or the visible crown,
trees,t_2441,,conifer,veg,high,2022,aerial2022,leaf-off 2022 aerial; deciduous placed from the shadow pattern or the visible crown,
trees,t_2442,,conifer,veg,high,2022,aerial2022,leaf-off 2022 aerial; deciduous placed from the shadow pattern or the visible crown,
trees,t_2443,,conifer,veg,high,2022,aerial2022,leaf-off 2022 aerial; deciduous placed from the shadow pattern or the visible crown,
trees,t_2444,,conifer,veg,high,2022,aerial2022,leaf-off 2022 aerial; deciduous placed from the shadow pattern or the visible crown,
trees,t_2445,,conifer,veg,high,2022,aerial2022,leaf-off 2022 aerial; deciduous placed from the shadow pattern or the visible crown,
trees,t_2446,,conifer,veg,high,2022,aerial2022,leaf-off 2022 aerial; deciduous placed from the shadow pattern or the visible crown,
trees,t_2447,,conifer,veg,high,2022,aerial2022,leaf-off 2022 aerial; deciduous placed from the shadow pattern or the visible crown,
trees,t_2448,,shrub,veg,medium,2022,aerial2022,leaf-off 2022 aerial; deciduous placed from the shadow pattern or the visible crown,
trees,t_2449,,shrub,veg,medium,2022,aerial2022,leaf-off 2022 aerial; deciduous placed from the shadow pattern or the visible crown,
trees,t_2450,,ornamental,veg,medium,2022,aerial2022,young tree small crown,
trees,t_2451,,ornamental,veg,medium,2022,aerial2022,young tree small crown,
trees,t_2452,,ornamental,veg,medium,2022,aerial2022,young tree small crown,
trees,t_2453,,deciduous,veg,high,2022,aerial2022,leaf-off 2022 aerial; deciduous placed from the shadow pattern or the visible crown,
trees,t_2454,,deciduous,veg,high,2022,aerial2022,leaf-off 2022 aerial; deciduous placed from the shadow pattern or the visible crown,
trees,t_2455,,shrub,veg,medium,2022,aerial2022,leaf-off 2022 aerial; deciduous placed from the shadow pattern or the visible crown,
trees,t_2456,,deciduous,veg,high,2022,aerial2022,leaf-off 2022 aerial; deciduous placed from the shadow pattern or the visible crown,
trees,t_2457,,deciduous,veg,high,2022,aerial2022,leaf-off 2022 aerial; deciduous placed from the shadow pattern or the visible crown,
trees,t_2458,,conifer,veg,high,2022,aerial2022,leaf-off 2022 aerial; deciduous placed from the shadow pattern or the visible crown,
trees,t_2459,,conifer,veg,high,2022,aerial2022,leaf-off 2022 aerial; deciduous placed from the shadow pattern or the visible crown,
trees,t_2460,,deciduous,veg,high,2022,aerial2022,leaf-off 2022 aerial; deciduous placed from the shadow pattern or the visible crown,
trees,t_2461,,conifer,veg,high,2022,aerial2022,leaf-off 2022 aerial; deciduous placed from the shadow pattern or the visible crown,
trees,t_2462,,conifer,veg,high,2022,aerial2022,leaf-off 2022 aerial; deciduous placed from the shadow pattern or the visible crown,
trees,t_2463,,conifer,veg,high,2022,aerial2022,leaf-off 2022 aerial; deciduous placed from the shadow pattern or the visible crown,
trees,t_2464,,shrub,veg,medium,2022,aerial2022,leaf-off 2022 aerial; deciduous placed from the shadow pattern or the visible crown,
trees,t_2465,,shrub,veg,medium,2022,aerial2022,leaf-off 2022 aerial; deciduous placed from the shadow pattern or the visible crown,
trees,t_2466,,conifer,veg,high,2022,aerial2022,leaf-off 2022 aerial; deciduous placed from the shadow pattern or the visible crown,
trees,t_2467,,conifer,veg,high,2022,aerial2022,leaf-off 2022 aerial; deciduous placed from the shadow pattern or the visible crown,
trees,t_2468,,conifer,veg,high,2022,aerial2022,leaf-off 2022 aerial; deciduous placed from the shadow pattern or the visible crown,
trees,t_2469,,conifer,veg,high,2022,aerial2022,leaf-off 2022 aerial; deciduous placed from the shadow pattern or the visible crown,
trees,t_2470,,conifer,veg,high,2022,aerial2022,leaf-off 2022 aerial; deciduous placed from the shadow pattern or the visible crown,
trees,t_2471,,deciduous,veg,high,2022,aerial2022,leaf-off 2022 aerial; deciduous placed from the shadow pattern or the visible crown,
trees,t_2472,,deciduous,veg,high,2022,aerial2022,leaf-off 2022 aerial; deciduous placed from the shadow pattern or the visible crown,
trees,t_2473,,deciduous,veg,high,2022,aerial2022,leaf-off 2022 aerial; deciduous placed from the shadow pattern or the visible crown,
trees,t_2474,,conifer,veg,high,2022,aerial2022,leaf-off 2022 aerial; deciduous placed from the shadow pattern or the visible crown,
trees,t_2475,,conifer,veg,high,2022,aerial2022,leaf-off 2022 aerial; deciduous placed from the shadow pattern or the visible crown,
trees,t_2476,,conifer,veg,high,2022,aerial2022,leaf-off 2022 aerial; deciduous placed from the shadow pattern or the visible crown,
trees,t_2477,,deciduous,veg,high,2022,aerial2022,leaf-off 2022 aerial; deciduous placed from the shadow pattern or the visible crown,
trees,t_2478,,deciduous,veg,high,2022,aerial2022,leaf-off 2022 aerial; deciduous placed from the shadow pattern or the visible crown,
trees,t_2479,,conifer,veg,high,2022,aerial2022,leaf-off 2022 aerial; deciduous placed from the shadow pattern or the visible crown,
trees,t_2480,,deciduous,veg,high,2022,aerial2022,leaf-off 2022 aerial; deciduous placed from the shadow pattern or the visible crown,
trees,t_2481,,conifer,veg,high,2022,aerial2022,leaf-off 2022 aerial; deciduous placed from the shadow pattern or the visible crown,
trees,t_2482,,conifer,veg,high,2022,aerial2022,leaf-off 2022 aerial; deciduous placed from the shadow pattern or the visible crown,
trees,t_2483,,deciduous,veg,high,2022,aerial2022,leaf-off 2022 aerial; deciduous placed from the shadow pattern or the visible crown,
trees,t_2484,,deciduous,veg,high,2022,aerial2022,leaf-off 2022 aerial; deciduous placed from the shadow pattern or the visible crown,nudged 0.6 m off a traced walk (merge rule)
trees,t_2485,,deciduous,veg,high,2022,aerial2022,leaf-off 2022 aerial; deciduous placed from the shadow pattern or the visible crown,
trees,t_2486,,deciduous,veg,high,2022,aerial2022,leaf-off 2022 aerial; deciduous placed from the shadow pattern or the visible crown,
trees,t_2487,,deciduous,veg,high,2022,aerial2022,leaf-off 2022 aerial; deciduous placed from the shadow pattern or the visible crown,
trees,t_2488,,deciduous,veg,high,2022,aerial2022,leaf-off 2022 aerial; deciduous placed from the shadow pattern or the visible crown,
trees,t_2489,,deciduous,veg,high,2022,aerial2022,leaf-off 2022 aerial; deciduous placed from the shadow pattern or the visible crown,
trees,t_2490,,deciduous,veg,high,2022,aerial2022,leaf-off 2022 aerial; deciduous placed from the shadow pattern or the visible crown,
trees,t_2491,,deciduous,veg,high,2022,aerial2022,leaf-off 2022 aerial; deciduous placed from the shadow pattern or the visible crown,
trees,t_2492,,conifer,veg,high,2022,aerial2022,leaf-off 2022 aerial; deciduous placed from the shadow pattern or the visible crown,
trees,t_2493,,conifer,veg,high,2022,aerial2022,leaf-off 2022 aerial; deciduous placed from the shadow pattern or the visible crown,
trees,t_2494,,conifer,veg,high,2022,aerial2022,leaf-off 2022 aerial; deciduous placed from the shadow pattern or the visible crown,
trees,t_2495,,conifer,veg,high,2022,aerial2022,leaf-off 2022 aerial; deciduous placed from the shadow pattern or the visible crown,
trees,t_2496,,conifer,veg,high,2022,aerial2022,leaf-off 2022 aerial; deciduous placed from the shadow pattern or the visible crown,
trees,t_2497,,deciduous,veg,high,2022,aerial2022,leaf-off 2022 aerial; deciduous placed from the shadow pattern or the visible crown,
trees,t_2498,,deciduous,veg,high,2022,aerial2022,leaf-off 2022 aerial; deciduous placed from the shadow pattern or the visible crown,
trees,t_2499,,deciduous,veg,high,2022,aerial2022,leaf-off 2022 aerial; deciduous placed from the shadow pattern or the visible crown,
trees,t_2500,,deciduous,veg,high,2022,aerial2022,leaf-off 2022 aerial; deciduous placed from the shadow pattern or the visible crown,
trees,t_2501,,deciduous,veg,high,2022,aerial2022,leaf-off 2022 aerial; deciduous placed from the shadow pattern or the visible crown,
trees,t_2502,,deciduous,veg,high,2022,aerial2022,leaf-off 2022 aerial; deciduous placed from the shadow pattern or the visible crown,
trees,t_2503,,shrub,veg,low,2022,aerial2022,leaf-off 2022 aerial; deciduous placed from the shadow pattern or the visible crown,
trees,t_2504,,shrub,veg,low,2022,aerial2022,leaf-off 2022 aerial; deciduous placed from the shadow pattern or the visible crown,
trees,t_2505,,shrub,veg,low,2022,aerial2022,leaf-off 2022 aerial; deciduous placed from the shadow pattern or the visible crown,
trees,t_2506,,shrub,veg,low,2022,aerial2022,leaf-off 2022 aerial; deciduous placed from the shadow pattern or the visible crown,
trees,t_2507,,shrub,veg,low,2022,aerial2022,leaf-off 2022 aerial; deciduous placed from the shadow pattern or the visible crown,
trees,t_2508,,shrub,veg,low,2022,aerial2022,leaf-off 2022 aerial; deciduous placed from the shadow pattern or the visible crown,
trees,t_2509,,shrub,veg,low,2022,aerial2022,leaf-off 2022 aerial; deciduous placed from the shadow pattern or the visible crown,
trees,t_2510,,shrub,veg,low,2022,aerial2022,leaf-off 2022 aerial; deciduous placed from the shadow pattern or the visible crown,
trees,t_2511,,shrub,veg,low,2022,aerial2022,leaf-off 2022 aerial; deciduous placed from the shadow pattern or the visible crown,
trees,t_2512,,shrub,veg,low,2022,aerial2022,leaf-off 2022 aerial; deciduous placed from the shadow pattern or the visible crown,
trees,t_2513,,shrub,veg,low,2022,aerial2022,leaf-off 2022 aerial; deciduous placed from the shadow pattern or the visible crown,nudged 0.9 m off a traced walk (merge rule)
trees,t_2514,,shrub,veg,low,2022,aerial2022,leaf-off 2022 aerial; deciduous placed from the shadow pattern or the visible crown,nudged 0.7 m off a traced walk (merge rule)
trees,t_2515,,deciduous,veg,high,2022,aerial2022,leaf-off 2022 aerial; deciduous placed from the shadow pattern or the visible crown,
trees,t_2516,,deciduous,veg,high,2022,aerial2022,leaf-off 2022 aerial; deciduous placed from the shadow pattern or the visible crown,
trees,t_2517,,deciduous,veg,medium,2022,aerial2022,leaf-off 2022 aerial; deciduous placed from the shadow pattern or the visible crown,
trees,t_2518,,deciduous,veg,medium,2022,aerial2022,leaf-off 2022 aerial; deciduous placed from the shadow pattern or the visible crown,
trees,t_2519,,deciduous,veg,medium,2022,aerial2022,leaf-off 2022 aerial; deciduous placed from the shadow pattern or the visible crown,
trees,t_2520,,deciduous,veg,medium,2022,aerial2022,leaf-off 2022 aerial; deciduous placed from the shadow pattern or the visible crown,
trees,t_2521,,shrub,veg,low,2022,aerial2022,bed ring round the small patio,
trees,t_2522,,shrub,veg,low,2022,aerial2022,bed ring round the small patio,
trees,t_2523,,shrub,veg,low,2022,aerial2022,bed ring round the small patio,
trees,t_2524,,deciduous,veg,medium,2022,aerial2022,trunk at the SE end of the converging branch shadows,
trees,t_2525,,deciduous,veg,medium,2022,aerial2022,trunk at the SE end of the converging branch shadows,
trees,t_2526,,conifer,veg,high,2022,aerial2022,leaf-off 2022 aerial; deciduous placed from the shadow pattern or the visible crown,
trees,t_2527,,conifer,veg,high,2022,aerial2022,leaf-off 2022 aerial; deciduous placed from the shadow pattern or the visible crown,
trees,t_2528,,conifer,veg,high,2022,aerial2022,leaf-off 2022 aerial; deciduous placed from the shadow pattern or the visible crown,nudged 0.8 m off a traced walk (merge rule)
trees,t_2529,,shrub,veg,medium,2022,aerial2022,leaf-off 2022 aerial; deciduous placed from the shadow pattern or the visible crown,
trees,t_2530,,shrub,veg,medium,2022,aerial2022,leaf-off 2022 aerial; deciduous placed from the shadow pattern or the visible crown,
trees,t_2531,,shrub,veg,medium,2022,aerial2022,leaf-off 2022 aerial; deciduous placed from the shadow pattern or the visible crown,
trees,t_2532,,deciduous,veg,medium,2022,aerial2022,leaf-off 2022 aerial; deciduous placed from the shadow pattern or the visible crown,
trees,t_2533,,deciduous,veg,medium,2022,aerial2022,leaf-off 2022 aerial; deciduous placed from the shadow pattern or the visible crown,
trees,t_2534,,deciduous,veg,medium,2022,aerial2022,leaf-off 2022 aerial; deciduous placed from the shadow pattern or the visible crown,
trees,t_2535,,deciduous,veg,low,2022,aerial2022,leaf-off 2022 aerial; deciduous placed from the shadow pattern or the visible crown,
trees,t_2536,,deciduous,veg,medium,2022,aerial2022,leaf-off 2022 aerial; deciduous placed from the shadow pattern or the visible crown,
trees,t_2537,,deciduous,veg,high,2022,aerial2022,leaf-off 2022 aerial; deciduous placed from the shadow pattern or the visible crown,
trees,t_2538,,conifer,veg,medium,2022,aerial2022,leaf-off 2022 aerial; evergreens from green crowns with long shadows over the lot; the meadow to the SE is open,
trees,t_2539,,conifer,veg,medium,2022,aerial2022,row of evergreens along the lot south edge count approximate,
trees,t_2540,,conifer,veg,medium,2022,aerial2022,row of evergreens along the lot south edge count approximate,
trees,t_2541,,conifer,veg,medium,2022,aerial2022,row of evergreens along the lot south edge count approximate,
trees,t_2542,,conifer,veg,medium,2022,aerial2022,row of evergreens along the lot south edge count approximate,
trees,t_2543,,conifer,veg,medium,2022,aerial2022,row of evergreens along the lot south edge count approximate,
trees,t_2544,,conifer,veg,medium,2022,aerial2022,row of evergreens along the lot south edge count approximate,
trees,t_2545,,conifer,veg,medium,2022,aerial2022,row of evergreens along the lot south edge count approximate,
trees,t_2546,,conifer,veg,medium,2022,aerial2022,row of evergreens along the lot south edge count approximate,
trees,t_2547,,conifer,veg,medium,2022,aerial2022,row of evergreens along the lot south edge count approximate,
trees,t_2548,,conifer,veg,medium,2022,aerial2022,row of evergreens along the lot south edge count approximate,
trees,t_2549,,conifer,veg,medium,2022,aerial2022,row of evergreens along the lot south edge count approximate,
trees,t_2550,,conifer,veg,medium,2022,aerial2022,row of evergreens along the lot south edge count approximate,
trees,t_2551,,deciduous,veg,medium,2022,aerial2022,leaf-off 2022 aerial; evergreens from green crowns with long shadows over the lot; the meadow to the SE is open,
trees,t_2552,,deciduous,veg,low,2022,aerial2022,leaf-off 2022 aerial; evergreens from green crowns with long shadows over the lot; the meadow to the SE is open,
trees,t_2553,,deciduous,veg,medium,2022,aerial2022,leaf-off 2022 aerial; evergreens from green crowns with long shadows over the lot; the meadow to the SE is open,nudged 0.6 m off a traced walk (merge rule)
trees,t_2554,,deciduous,veg,low,2022,aerial2022,leaf-off 2022 aerial; evergreens from green crowns with long shadows over the lot; the meadow to the SE is open,
trees,t_2555,,deciduous,veg,medium,2022,aerial2022,leaf-off 2022 aerial; lot trees read from their leaf-off crowns and shadows; aerial ends near z 478,
trees,t_2556,,deciduous,veg,medium,2022,aerial2022,leaf-off 2022 aerial; lot trees read from their leaf-off crowns and shadows; aerial ends near z 478,
trees,t_2557,,deciduous,veg,low,2022,aerial2022,leaf-off 2022 aerial; lot trees read from their leaf-off crowns and shadows; aerial ends near z 478,
trees,t_2558,,deciduous,veg,medium,2022,aerial2022,leaf-off 2022 aerial; lot trees read from their leaf-off crowns and shadows; aerial ends near z 478,
trees,t_2559,,deciduous,veg,medium,2022,aerial2022,leaf-off 2022 aerial; lot trees read from their leaf-off crowns and shadows; aerial ends near z 478,
trees,t_2560,,deciduous,veg,medium,2022,aerial2022,leaf-off 2022 aerial; lot trees read from their leaf-off crowns and shadows; aerial ends near z 478,
trees,t_2561,,deciduous,veg,medium,2022,aerial2022,leaf-off 2022 aerial; lot trees read from their leaf-off crowns and shadows; aerial ends near z 478,
trees,t_2562,,deciduous,veg,low,2022,aerial2022,leaf-off 2022 aerial; lot trees read from their leaf-off crowns and shadows; aerial ends near z 478,
trees,t_2563,,deciduous,veg,low,2022,aerial2022,leaf-off 2022 aerial; lot trees read from their leaf-off crowns and shadows; aerial ends near z 478,
trees,t_2564,,deciduous,veg,high,2022,aerial2022,leaf-off 2022 aerial; lot trees read from their leaf-off crowns and shadows; aerial ends near z 478,
trees,t_2565,,deciduous,veg,medium,2022,aerial2022,leaf-off 2022 aerial; lot trees read from their leaf-off crowns and shadows; aerial ends near z 478,
trees,t_2566,,deciduous,veg,medium,2022,aerial2022,leaf-off 2022 aerial; lot trees read from their leaf-off crowns and shadows; aerial ends near z 478,
trees,t_2567,,deciduous,veg,medium,2022,aerial2022,leaf-off 2022 aerial; lot trees read from their leaf-off crowns and shadows; aerial ends near z 478,
trees,t_2568,,deciduous,veg,high,2022,aerial2022,leaf-off 2022 aerial; lot trees read from their leaf-off crowns and shadows; aerial ends near z 478,
trees,t_2569,,deciduous,veg,medium,2022,aerial2022,leaf-off 2022 aerial; lot trees read from their leaf-off crowns and shadows; aerial ends near z 478,
trees,t_2570,,deciduous,veg,medium,2022,aerial2022,leaf-off 2022 aerial; lot trees read from their leaf-off crowns and shadows; aerial ends near z 478,
trees,t_2571,,deciduous,veg,low,2022,aerial2022,leaf-off 2022 aerial; lot trees read from their leaf-off crowns and shadows; aerial ends near z 478,
trees,t_2572,,deciduous,veg,low,2022,aerial2022,leaf-off 2022 aerial; lot trees read from their leaf-off crowns and shadows; aerial ends near z 478,
trees,t_2573,,deciduous,veg,low,2022,aerial2022,leaf-off 2022 aerial; lot trees read from their leaf-off crowns and shadows; aerial ends near z 478,
trees,t_2574,,deciduous,veg,low,2022,aerial2022,leaf-off 2022 aerial; lot trees read from their leaf-off crowns and shadows; aerial ends near z 478,
trees,t_2575,,deciduous,veg,high,2022,aerial2022,leaf-off 2022 aerial; deciduous placed from the shadow pattern or the visible crown,
trees,t_2576,,deciduous,veg,high,2022,aerial2022,leaf-off 2022 aerial; deciduous placed from the shadow pattern or the visible crown,
trees,t_2577,,deciduous,veg,high,2022,aerial2022,leaf-off 2022 aerial; deciduous placed from the shadow pattern or the visible crown,
trees,t_2578,,deciduous,veg,high,2022,aerial2022,leaf-off 2022 aerial; deciduous placed from the shadow pattern or the visible crown,
trees,t_2579,,deciduous,veg,high,2022,aerial2022,leaf-off 2022 aerial; deciduous placed from the shadow pattern or the visible crown,
trees,t_2580,,deciduous,veg,high,2022,aerial2022,leaf-off 2022 aerial; deciduous placed from the shadow pattern or the visible crown,
trees,t_2581,,deciduous,veg,high,2022,aerial2022,leaf-off 2022 aerial; deciduous placed from the shadow pattern or the visible crown,
trees,t_2582,,deciduous,veg,high,2022,aerial2022,leaf-off 2022 aerial; deciduous placed from the shadow pattern or the visible crown,
trees,t_2583,,conifer,veg,high,2022,aerial2022,leaf-off 2022 aerial; deciduous placed from the shadow pattern or the visible crown,
trees,t_2584,,ornamental,veg,high,2022,aerial2022,leaf-off 2022 aerial; deciduous placed from the shadow pattern or the visible crown,
trees,t_2585,,deciduous,veg,high,2022,aerial2022,leaf-off 2022 aerial; deciduous placed from the shadow pattern or the visible crown,
trees,t_2586,,deciduous,veg,high,2022,aerial2022,leaf-off 2022 aerial; deciduous placed from the shadow pattern or the visible crown,
trees,t_2587,,conifer,veg,high,2022,aerial2022,leaf-off 2022 aerial; deciduous placed from the shadow pattern or the visible crown,
trees,t_2588,,shrub,veg,medium,2022,aerial2022,leaf-off 2022 aerial; deciduous placed from the shadow pattern or the visible crown,
trees,t_2589,,shrub,veg,medium,2022,aerial2022,leaf-off 2022 aerial; deciduous placed from the shadow pattern or the visible crown,
trees,t_2590,,conifer,veg,high,2022,aerial2022,leaf-off 2022 aerial; deciduous placed from the shadow pattern or the visible crown,
trees,t_2591,,conifer,veg,high,2022,aerial2022,leaf-off 2022 aerial; deciduous placed from the shadow pattern or the visible crown,
trees,t_2592,,conifer,veg,high,2022,aerial2022,leaf-off 2022 aerial; deciduous placed from the shadow pattern or the visible crown,
trees,t_2593,,conifer,veg,high,2022,aerial2022,leaf-off 2022 aerial; deciduous placed from the shadow pattern or the visible crown,
trees,t_2594,,deciduous,veg,high,2022,aerial2022,leaf-off 2022 aerial; deciduous placed from the shadow pattern or the visible crown,
trees,t_2595,,conifer,veg,high,2022,aerial2022,leaf-off 2022 aerial; deciduous placed from the shadow pattern or the visible crown,
trees,t_2596,,conifer,veg,high,2022,aerial2022,leaf-off 2022 aerial; deciduous placed from the shadow pattern or the visible crown,
trees,t_2597,,conifer,veg,high,2022,aerial2022,leaf-off 2022 aerial; deciduous placed from the shadow pattern or the visible crown,
trees,t_2598,,conifer,veg,high,2022,aerial2022,leaf-off 2022 aerial; deciduous placed from the shadow pattern or the visible crown,
trees,t_2599,,conifer,veg,high,2022,aerial2022,leaf-off 2022 aerial; deciduous placed from the shadow pattern or the visible crown,
trees,t_2600,,deciduous,veg,high,2022,aerial2022,leaf-off 2022 aerial; deciduous placed from the shadow pattern or the visible crown,
trees,t_2601,,deciduous,veg,high,2022,aerial2022,leaf-off 2022 aerial; deciduous placed from the shadow pattern or the visible crown,
trees,t_2602,,deciduous,veg,high,2022,aerial2022,leaf-off 2022 aerial; deciduous placed from the shadow pattern or the visible crown,
trees,t_2603,,deciduous,veg,high,2022,aerial2022,leaf-off 2022 aerial; deciduous placed from the shadow pattern or the visible crown,
trees,t_2604,,deciduous,veg,high,2022,aerial2022,leaf-off 2022 aerial; deciduous placed from the shadow pattern or the visible crown,
trees,t_2605,,deciduous,veg,high,2022,aerial2022,leaf-off 2022 aerial; deciduous placed from the shadow pattern or the visible crown,
trees,t_2606,,deciduous,veg,high,2022,aerial2022,leaf-off 2022 aerial; deciduous placed from the shadow pattern or the visible crown,
trees,t_2607,,deciduous,veg,high,2022,aerial2022,leaf-off 2022 aerial; deciduous placed from the shadow pattern or the visible crown,
trees,t_2608,,deciduous,veg,high,2022,aerial2022,leaf-off 2022 aerial; deciduous placed from the shadow pattern or the visible crown,
trees,t_2609,,deciduous,veg,high,2022,aerial2022,leaf-off 2022 aerial; deciduous placed from the shadow pattern or the visible crown,
trees,t_2610,,deciduous,veg,high,2022,aerial2022,leaf-off 2022 aerial; deciduous placed from the shadow pattern or the visible crown,
trees,t_2611,,deciduous,veg,high,2022,aerial2022,leaf-off 2022 aerial; deciduous placed from the shadow pattern or the visible crown,
trees,t_2612,,deciduous,veg,high,2022,aerial2022,leaf-off 2022 aerial; deciduous placed from the shadow pattern or the visible crown,
trees,t_2613,,deciduous,veg,high,2022,aerial2022,leaf-off 2022 aerial; deciduous placed from the shadow pattern or the visible crown,
trees,t_2614,,deciduous,veg,high,2022,aerial2022,leaf-off 2022 aerial; deciduous placed from the shadow pattern or the visible crown,nudged 1.0 m off a traced walk (merge rule)
trees,t_2615,,shrub,veg,medium,2022,aerial2022,leaf-off 2022 aerial; deciduous placed from the shadow pattern or the visible crown,
trees,t_2616,,shrub,veg,medium,2022,aerial2022,leaf-off 2022 aerial; deciduous placed from the shadow pattern or the visible crown,
trees,t_2617,,shrub,veg,medium,2022,aerial2022,leaf-off 2022 aerial; deciduous placed from the shadow pattern or the visible crown,
trees,t_2618,,shrub,veg,medium,2022,aerial2022,leaf-off 2022 aerial; deciduous placed from the shadow pattern or the visible crown,
trees,t_2619,,conifer,veg,high,2022,aerial2022,leaf-off 2022 aerial; deciduous placed from the shadow pattern or the visible crown,
trees,t_2620,,shrub,veg,medium,2022,aerial2022,leaf-off 2022 aerial; deciduous placed from the shadow pattern or the visible crown,
trees,t_2621,,shrub,veg,medium,2022,aerial2022,leaf-off 2022 aerial; deciduous placed from the shadow pattern or the visible crown,
trees,t_2622,,shrub,veg,medium,2022,aerial2022,leaf-off 2022 aerial; deciduous placed from the shadow pattern or the visible crown,
trees,t_2623,,ornamental,veg,high,2022,aerial2022,row of small trees between the east lot and the walk,
trees,t_2624,,ornamental,veg,high,2022,aerial2022,row of small trees between the east lot and the walk,
trees,t_2625,,ornamental,veg,high,2022,aerial2022,row of small trees between the east lot and the walk,
trees,t_2626,,ornamental,veg,high,2022,aerial2022,row of small trees between the east lot and the walk,
trees,t_2627,,ornamental,veg,high,2022,aerial2022,row of small trees between the east lot and the walk,
trees,t_2628,,ornamental,veg,high,2022,aerial2022,row of small trees between the east lot and the walk,
trees,t_2629,,ornamental,veg,high,2022,aerial2022,row of small trees between the east lot and the walk,
trees,t_2630,,ornamental,veg,high,2022,aerial2022,row of small trees between the east lot and the walk,
trees,t_2631,,deciduous,veg,high,2022,aerial2022,leaf-off 2022 aerial; deciduous placed from the shadow pattern or the visible crown,
trees,t_2632,,shrub,veg,medium,2022,aerial2022,leaf-off 2022 aerial; deciduous placed from the shadow pattern or the visible crown,
trees,t_2633,,shrub,veg,medium,2022,aerial2022,leaf-off 2022 aerial; deciduous placed from the shadow pattern or the visible crown,
trees,t_2634,,shrub,veg,medium,2022,aerial2022,leaf-off 2022 aerial; deciduous placed from the shadow pattern or the visible crown,
trees,t_2635,,shrub,veg,medium,2022,aerial2022,leaf-off 2022 aerial; deciduous placed from the shadow pattern or the visible crown,
trees,t_2636,,shrub,veg,medium,2022,aerial2022,leaf-off 2022 aerial; deciduous placed from the shadow pattern or the visible crown,
trees,t_2637,,shrub,veg,medium,2022,aerial2022,leaf-off 2022 aerial; deciduous placed from the shadow pattern or the visible crown,
trees,t_2638,,shrub,veg,medium,2022,aerial2022,leaf-off 2022 aerial; deciduous placed from the shadow pattern or the visible crown,
trees,t_2639,,conifer,veg,high,2022,aerial2022,leaf-off 2022 aerial; deciduous placed from the shadow pattern or the visible crown,
trees,t_2640,,conifer,veg,high,2022,aerial2022,leaf-off 2022 aerial; deciduous placed from the shadow pattern or the visible crown,
trees,t_2641,,conifer,veg,high,2022,aerial2022,leaf-off 2022 aerial; deciduous placed from the shadow pattern or the visible crown,
trees,t_2642,,deciduous,veg,high,2022,aerial2022,leaf-off 2022 aerial; deciduous placed from the shadow pattern or the visible crown,
trees,t_2643,,deciduous,veg,high,2022,aerial2022,leaf-off 2022 aerial; deciduous placed from the shadow pattern or the visible crown,
trees,t_2644,,shrub,veg,medium,2022,aerial2022,leaf-off 2022 aerial; deciduous placed from the shadow pattern or the visible crown,
trees,t_2645,,shrub,veg,medium,2022,aerial2022,leaf-off 2022 aerial; deciduous placed from the shadow pattern or the visible crown,
trees,t_2646,,shrub,veg,medium,2022,aerial2022,leaf-off 2022 aerial; deciduous placed from the shadow pattern or the visible crown,
trees,t_2647,,shrub,veg,medium,2022,aerial2022,shrubs in the gateway median bed,
trees,t_2648,,shrub,veg,medium,2022,aerial2022,shrubs in the gateway median bed,
trees,t_2649,,shrub,veg,medium,2022,aerial2022,shrubs in the gateway median bed,
trees,t_2650,,shrub,veg,medium,2022,aerial2022,shrubs in the gateway median bed,
trees,t_2651,,shrub,veg,medium,2022,aerial2022,leaf-off 2022 aerial; deciduous placed from the shadow pattern or the visible crown,
trees,t_2652,,shrub,veg,medium,2022,aerial2022,leaf-off 2022 aerial; deciduous placed from the shadow pattern or the visible crown,
trees,t_2653,,deciduous,veg,high,2022,aerial2022,leaf-off 2022 aerial; deciduous placed from the shadow pattern or the visible crown,
trees,t_2654,,conifer,veg,high,2022,aerial2022,leaf-off 2022 aerial; deciduous placed from the shadow pattern or the visible crown,
trees,t_2655,,conifer,veg,high,2022,aerial2022,leaf-off 2022 aerial; deciduous placed from the shadow pattern or the visible crown,
trees,t_2656,,deciduous,veg,high,2022,aerial2022,leaf-off 2022 aerial; deciduous placed from the shadow pattern or the visible crown,
trees,t_2657,,deciduous,veg,high,2022,aerial2022,leaf-off 2022 aerial; deciduous placed from the shadow pattern or the visible crown,
trees,t_2658,,conifer,veg,high,2022,aerial2022,leaf-off 2022 aerial; deciduous placed from the shadow pattern or the visible crown,
trees,t_2659,,conifer,veg,high,2022,aerial2022,leaf-off 2022 aerial; deciduous placed from the shadow pattern or the visible crown,
trees,t_2660,,ornamental,veg,high,2022,aerial2022,leaf-off 2022 aerial; deciduous placed from the shadow pattern or the visible crown,
trees,t_2661,,ornamental,veg,high,2022,aerial2022,leaf-off 2022 aerial; deciduous placed from the shadow pattern or the visible crown,
trees,t_2662,,ornamental,veg,high,2022,aerial2022,leaf-off 2022 aerial; deciduous placed from the shadow pattern or the visible crown,
trees,t_2663,,deciduous,veg,high,2022,aerial2022,leaf-off 2022 aerial; deciduous placed from the shadow pattern or the visible crown,
trees,t_2664,,deciduous,veg,high,2022,aerial2022,leaf-off 2022 aerial; deciduous placed from the shadow pattern or the visible crown,
trees,t_2665,,deciduous,veg,high,2022,aerial2022,leaf-off 2022 aerial; deciduous placed from the shadow pattern or the visible crown,
trees,t_2666,,ornamental,veg,high,2022,aerial2022,leaf-off 2022 aerial; deciduous placed from the shadow pattern or the visible crown,
trees,t_2667,,ornamental,veg,high,2022,aerial2022,leaf-off 2022 aerial; deciduous placed from the shadow pattern or the visible crown,
trees,t_2668,,ornamental,veg,high,2022,aerial2022,leaf-off 2022 aerial; deciduous placed from the shadow pattern or the visible crown,
trees,t_2669,,ornamental,veg,high,2022,aerial2022,leaf-off 2022 aerial; deciduous placed from the shadow pattern or the visible crown,
trees,t_2670,,ornamental,veg,low,2022,aerial2022,small mulch ring possibly a young tree,
trees,t_2671,,ornamental,veg,low,2022,aerial2022,small mulch ring possibly a young tree,
trees,t_2672,,shrub,veg,low,2022,aerial2022,leaf-off 2022 aerial; deciduous placed from the shadow pattern or the visible crown,
trees,t_2673,,shrub,veg,low,2022,aerial2022,leaf-off 2022 aerial; deciduous placed from the shadow pattern or the visible crown,
trees,t_2674,,shrub,veg,low,2022,aerial2022,leaf-off 2022 aerial; deciduous placed from the shadow pattern or the visible crown,
trees,t_2675,,shrub,veg,low,2022,aerial2022,leaf-off 2022 aerial; deciduous placed from the shadow pattern or the visible crown,
trees,t_2676,,shrub,veg,low,2022,aerial2022,leaf-off 2022 aerial; deciduous placed from the shadow pattern or the visible crown,
trees,t_2677,,shrub,veg,low,2022,aerial2022,leaf-off 2022 aerial; deciduous placed from the shadow pattern or the visible crown,
trees,t_2678,,conifer,veg,high,2022,aerial2022,leaf-off 2022 aerial; deciduous placed from the shadow pattern or the visible crown,
trees,t_2679,,conifer,veg,high,2022,aerial2022,leaf-off 2022 aerial; deciduous placed from the shadow pattern or the visible crown,
trees,t_2680,,deciduous,veg,high,2022,aerial2022,leaf-off 2022 aerial; deciduous placed from the shadow pattern or the visible crown,
trees,t_2681,,deciduous,veg,high,2022,aerial2022,leaf-off 2022 aerial; deciduous placed from the shadow pattern or the visible crown,
trees,t_2682,,shrub,veg,low,2022,aerial2022,leaf-off 2022 aerial; deciduous placed from the shadow pattern or the visible crown,
trees,t_2683,,shrub,veg,low,2022,aerial2022,leaf-off 2022 aerial; deciduous placed from the shadow pattern or the visible crown,
trees,t_2684,,shrub,veg,medium,2022,aerial2022,leaf-off 2022 aerial; deciduous placed from the shadow pattern or the visible crown,
trees,t_2685,,shrub,veg,medium,2022,aerial2022,leaf-off 2022 aerial; deciduous placed from the shadow pattern or the visible crown,
trees,t_2686,,shrub,veg,low,2022,aerial2022,leaf-off 2022 aerial; deciduous placed from the shadow pattern or the visible crown,
trees,t_2687,,shrub,veg,low,2022,aerial2022,leaf-off 2022 aerial; deciduous placed from the shadow pattern or the visible crown,
trees,t_2688,,shrub,veg,low,2022,aerial2022,leaf-off 2022 aerial; deciduous placed from the shadow pattern or the visible crown,
trees,t_2689,,shrub,veg,low,2022,aerial2022,leaf-off 2022 aerial; deciduous placed from the shadow pattern or the visible crown,
trees,t_2690,,shrub,veg,low,2022,aerial2022,leaf-off 2022 aerial; deciduous placed from the shadow pattern or the visible crown,
trees,t_2691,,shrub,veg,low,2022,aerial2022,leaf-off 2022 aerial; deciduous placed from the shadow pattern or the visible crown,
trees,t_2692,,deciduous,veg,high,2022,aerial2022,leaf-off 2022 aerial; deciduous placed from the shadow pattern or the visible crown,
trees,t_2693,,deciduous,veg,high,2022,aerial2022,leaf-off 2022 aerial; deciduous placed from the shadow pattern or the visible crown,
trees,t_2694,,deciduous,veg,high,2022,aerial2022,leaf-off 2022 aerial; deciduous placed from the shadow pattern or the visible crown,
trees,t_2695,,deciduous,veg,high,2022,aerial2022,leaf-off 2022 aerial; deciduous placed from the shadow pattern or the visible crown,
trees,t_2696,,deciduous,veg,high,2022,aerial2022,leaf-off 2022 aerial; deciduous placed from the shadow pattern or the visible crown,
trees,t_2697,,shrub,veg,medium,2022,aerial2022,leaf-off 2022 aerial; deciduous placed from the shadow pattern or the visible crown,
trees,t_2698,,ornamental,veg,low,2022,aerial2022,leaf-off 2022 aerial; deciduous placed from the shadow pattern or the visible crown,
trees,t_2699,,shrub,veg,medium,2022,aerial2022,leaf-off 2022 aerial; deciduous placed from the shadow pattern or the visible crown,
trees,t_2700,,shrub,veg,medium,2022,aerial2022,leaf-off 2022 aerial; deciduous placed from the shadow pattern or the visible crown,
trees,t_2701,,shrub,veg,medium,2022,aerial2022,leaf-off 2022 aerial; deciduous placed from the shadow pattern or the visible crown,
trees,t_2702,,shrub,veg,medium,2022,aerial2022,leaf-off 2022 aerial; deciduous placed from the shadow pattern or the visible crown,
trees,t_2703,,shrub,veg,medium,2022,aerial2022,leaf-off 2022 aerial; deciduous placed from the shadow pattern or the visible crown,
trees,t_2704,,shrub,veg,medium,2022,aerial2022,leaf-off 2022 aerial; deciduous placed from the shadow pattern or the visible crown,
trees,t_2705,,shrub,veg,medium,2022,aerial2022,leaf-off 2022 aerial; deciduous placed from the shadow pattern or the visible crown,
trees,t_2706,,shrub,veg,medium,2022,aerial2022,leaf-off 2022 aerial; deciduous placed from the shadow pattern or the visible crown,
trees,t_2707,,conifer,veg,high,2022,aerial2022,leaf-off 2022 aerial; deciduous placed from the shadow pattern or the visible crown,
trees,t_2708,,deciduous,veg,high,2022,aerial2022,leaf-off 2022 aerial; deciduous placed from the shadow pattern or the visible crown,
trees,t_2709,,deciduous,veg,high,2022,aerial2022,leaf-off 2022 aerial; deciduous placed from the shadow pattern or the visible crown,
trees,t_2710,,deciduous,veg,high,2022,aerial2022,leaf-off 2022 aerial; deciduous placed from the shadow pattern or the visible crown,
trees,t_2711,,deciduous,veg,high,2022,aerial2022,leaf-off 2022 aerial; deciduous placed from the shadow pattern or the visible crown,
trees,t_2712,,deciduous,veg,high,2022,aerial2022,leaf-off 2022 aerial; deciduous placed from the shadow pattern or the visible crown,
trees,t_2713,,deciduous,veg,high,2022,aerial2022,leaf-off 2022 aerial; young planted grove of small conifers and deciduous trees along the east verge,
trees,t_2714,,deciduous,veg,high,2022,aerial2022,leaf-off 2022 aerial; young planted grove of small conifers and deciduous trees along the east verge,nudged 0.8 m off a traced walk (merge rule)
trees,t_2715,,deciduous,veg,high,2022,aerial2022,leaf-off 2022 aerial; young planted grove of small conifers and deciduous trees along the east verge,
trees,t_2716,,deciduous,veg,high,2022,aerial2022,leaf-off 2022 aerial; young planted grove of small conifers and deciduous trees along the east verge,
trees,t_2717,,ornamental,veg,high,2022,aerial2022,leaf-off 2022 aerial; young planted grove of small conifers and deciduous trees along the east verge,
trees,t_2718,,shrub,veg,medium,2022,aerial2022,leaf-off 2022 aerial; young planted grove of small conifers and deciduous trees along the east verge,
trees,t_2719,,deciduous,veg,high,2022,aerial2022,leaf-off 2022 aerial; young planted grove of small conifers and deciduous trees along the east verge,
trees,t_2720,,conifer,veg,high,2022,aerial2022,leaf-off 2022 aerial; young planted grove of small conifers and deciduous trees along the east verge,
trees,t_2721,,conifer,veg,high,2022,aerial2022,leaf-off 2022 aerial; young planted grove of small conifers and deciduous trees along the east verge,
trees,t_2722,,conifer,veg,high,2022,aerial2022,leaf-off 2022 aerial; young planted grove of small conifers and deciduous trees along the east verge,
trees,t_2723,,conifer,veg,high,2022,aerial2022,leaf-off 2022 aerial; young planted grove of small conifers and deciduous trees along the east verge,
trees,t_2724,,conifer,veg,high,2022,aerial2022,leaf-off 2022 aerial; young planted grove of small conifers and deciduous trees along the east verge,
trees,t_2725,,conifer,veg,high,2022,aerial2022,leaf-off 2022 aerial; young planted grove of small conifers and deciduous trees along the east verge,
trees,t_2726,,deciduous,veg,high,2022,aerial2022,leaf-off 2022 aerial; young planted grove of small conifers and deciduous trees along the east verge,
trees,t_2727,,deciduous,veg,high,2022,aerial2022,leaf-off 2022 aerial; young planted grove of small conifers and deciduous trees along the east verge,
trees,t_2728,,ornamental,veg,high,2022,aerial2022,leaf-off 2022 aerial; young planted grove of small conifers and deciduous trees along the east verge,
trees,t_2729,,ornamental,veg,low,2022,aerial2022,leaf-off 2022 aerial; young planted grove of small conifers and deciduous trees along the east verge,
trees,t_2730,,deciduous,veg,high,2022,aerial2022,leaf-off 2022 aerial; young planted grove of small conifers and deciduous trees along the east verge,
trees,t_2731,,deciduous,veg,high,2022,aerial2022,leaf-off 2022 aerial; young planted grove of small conifers and deciduous trees along the east verge,
trees,t_2732,,conifer,veg,high,2022,aerial2022,leaf-off 2022 aerial; young planted grove of small conifers and deciduous trees along the east verge,
trees,t_2733,,conifer,veg,high,2022,aerial2022,leaf-off 2022 aerial; young planted grove of small conifers and deciduous trees along the east verge,
trees,t_2734,,conifer,veg,high,2022,aerial2022,leaf-off 2022 aerial; young planted grove of small conifers and deciduous trees along the east verge,
trees,t_2735,,conifer,veg,high,2022,aerial2022,leaf-off 2022 aerial; young planted grove of small conifers and deciduous trees along the east verge,
trees,t_2736,,conifer,veg,high,2022,aerial2022,leaf-off 2022 aerial; young planted grove of small conifers and deciduous trees along the east verge,
trees,t_2737,,conifer,veg,high,2022,aerial2022,leaf-off 2022 aerial; young planted grove of small conifers and deciduous trees along the east verge,
trees,t_2738,,conifer,veg,high,2022,aerial2022,leaf-off 2022 aerial; young planted grove of small conifers and deciduous trees along the east verge,
trees,t_2739,,conifer,veg,high,2022,aerial2022,leaf-off 2022 aerial; young planted grove of small conifers and deciduous trees along the east verge,
trees,t_2740,,conifer,veg,high,2022,aerial2022,leaf-off 2022 aerial; young planted grove of small conifers and deciduous trees along the east verge,
trees,t_2741,,conifer,veg,high,2022,aerial2022,leaf-off 2022 aerial; young planted grove of small conifers and deciduous trees along the east verge,
trees,t_2742,,conifer,veg,high,2022,aerial2022,leaf-off 2022 aerial; young planted grove of small conifers and deciduous trees along the east verge,
trees,t_2743,,conifer,veg,high,2022,aerial2022,leaf-off 2022 aerial; young planted grove of small conifers and deciduous trees along the east verge,
trees,t_2744,,conifer,veg,high,2022,aerial2022,leaf-off 2022 aerial; young planted grove of small conifers and deciduous trees along the east verge,
trees,t_2745,,conifer,veg,high,2022,aerial2022,leaf-off 2022 aerial; young planted grove of small conifers and deciduous trees along the east verge,
trees,t_2746,,conifer,veg,high,2022,aerial2022,leaf-off 2022 aerial; young planted grove of small conifers and deciduous trees along the east verge,
trees,t_2747,,shrub,veg,medium,2022,aerial2022,leaf-off 2022 aerial; young planted grove of small conifers and deciduous trees along the east verge,
trees,t_2748,,shrub,veg,medium,2022,aerial2022,leaf-off 2022 aerial; young planted grove of small conifers and deciduous trees along the east verge,
trees,t_2749,,shrub,veg,medium,2022,aerial2022,leaf-off 2022 aerial; young planted grove of small conifers and deciduous trees along the east verge,
trees,t_2750,,shrub,veg,medium,2022,aerial2022,leaf-off 2022 aerial; young planted grove of small conifers and deciduous trees along the east verge,
trees,t_2751,,deciduous,veg,high,2022,aerial2022,leaf-off 2022 aerial; young trees on the east verge,
trees,t_2752,,deciduous,veg,high,2022,aerial2022,leaf-off 2022 aerial; young trees on the east verge,
trees,t_2753,,deciduous,veg,high,2022,aerial2022,leaf-off 2022 aerial; young trees on the east verge,
trees,t_2754,,deciduous,veg,high,2022,aerial2022,leaf-off 2022 aerial; young trees on the east verge,
trees,t_2755,,deciduous,veg,high,2022,aerial2022,leaf-off 2022 aerial; young trees on the east verge,
trees,t_2756,,deciduous,veg,high,2022,aerial2022,leaf-off 2022 aerial; young trees on the east verge,
trees,t_2757,,deciduous,veg,high,2022,aerial2022,leaf-off 2022 aerial; young trees on the east verge,
trees,t_2758,,shrub,veg,medium,2022,aerial2022,leaf-off 2022 aerial; young trees on the east verge,nudged 0.9 m off a traced walk (merge rule)
trees,t_2759,,shrub,veg,medium,2022,aerial2022,leaf-off 2022 aerial; young trees on the east verge,nudged 0.6 m off a traced walk (merge rule)
trees,t_2760,,shrub,veg,medium,2022,aerial2022,leaf-off 2022 aerial; young trees on the east verge,nudged 1.2 m off a traced walk (merge rule)
trees,t_2761,,shrub,veg,medium,2022,aerial2022,leaf-off 2022 aerial; young trees on the east verge,nudged 0.4 m off a traced walk (merge rule)
trees,t_2762,,conifer,veg,high,2022,aerial2022,leaf-off 2022 aerial; young trees on the east verge,
trees,t_2763,,conifer,veg,high,2022,aerial2022,leaf-off 2022 aerial; young trees on the east verge,
trees,t_2764,,conifer,veg,high,2022,aerial2022,leaf-off 2022 aerial; young trees on the east verge,
trees,t_2765,,conifer,veg,high,2022,aerial2022,leaf-off 2022 aerial; young trees on the east verge,
trees,t_2766,,conifer,veg,high,2022,aerial2022,leaf-off 2022 aerial; young trees on the east verge,nudged 0.5 m off a traced walk (merge rule)
trees,t_2767,,conifer,veg,high,2022,aerial2022,leaf-off 2022 aerial; young trees on the east verge,
trees,t_2768,,conifer,veg,high,2022,aerial2022,leaf-off 2022 aerial; young trees on the east verge,
trees,t_2769,,conifer,veg,high,2022,aerial2022,leaf-off 2022 aerial; young trees on the east verge,
trees,t_2770,,conifer,veg,high,2022,aerial2022,leaf-off 2022 aerial; young trees on the east verge,
trees,t_2771,,shrub,veg,medium,2022,aerial2022,leaf-off 2022 aerial; young trees on the east verge,
trees,t_2772,,shrub,veg,medium,2022,aerial2022,leaf-off 2022 aerial; young trees on the east verge,
trees,t_2773,,shrub,veg,medium,2022,aerial2022,leaf-off 2022 aerial; young trees on the east verge,
trees,t_2774,,shrub,veg,medium,2022,aerial2022,leaf-off 2022 aerial; young trees on the east verge,
trees,t_2775,,deciduous,veg,high,2022,aerial2022,leaf-off 2022 aerial; roadside trees south of the south perimeter road,
trees,t_2776,,deciduous,veg,high,2022,aerial2022,leaf-off 2022 aerial; roadside trees south of the south perimeter road,
trees,t_2777,,deciduous,veg,high,2022,aerial2022,leaf-off 2022 aerial; roadside trees south of the south perimeter road,
props,p_0001,C06,light_pole,veg,low,2022,aerial2022,utility pole from shadow,
props,p_0002,C06,light_pole,veg,low,2022,aerial2022,utility pole from shadow,
props,p_0003,C06,light_pole,veg,low,2022,aerial2022,utility pole from shadow,
props,p_0004,C06,light_pole,veg,low,2022,aerial2022,utility pole from shadow,
props,p_0005,C06,light_pole,veg,low,2022,aerial2022,utility pole from shadow,
props,p_0006,C06,light_pole,veg,low,2022,aerial2022,street light from shadow,
props,p_0007,C06,light_pole,veg,low,2022,aerial2022,street light from shadow,
props,p_0008,C06,light_pole,veg,medium,2022,aerial2022,street light from shadow,
props,p_0009,C06,light_pole,veg,medium,2022,aerial2022,street light from shadow,
props,p_0010,C06,light_pole,veg,medium,2022,aerial2022,street light from shadow,
props,p_0011,C06,light_pole,veg,medium,2022,aerial2022,field light pole from shadow,
props,p_0012,C06,light_pole,veg,medium,2022,aerial2022,field light pole from shadow,
props,p_0013,C06,light_pole,veg,medium,2022,aerial2022,field light pole from shadow,
props,p_0014,C06,light_pole,veg,low,2022,aerial2022,street light from shadow,
props,p_0015,C06,light_pole,veg,medium,2022,aerial2022,street light from shadow,
props,p_0016,C06,light_pole,veg,medium,2022,aerial2022,field light pole from shadow,
props,p_0017,C06,light_pole,veg,medium,2022,aerial2022,field light pole from shadow,
props,p_0018,C06,light_pole,veg,medium,2022,aerial2022,field light pole from shadow,
props,p_0019,C06,light_pole,veg,medium,2022,aerial2022,field light pole from shadow,
props,p_0020,C06,light_pole,veg,medium,2022,aerial2022,field light pole from shadow,
props,p_0021,C06,light_pole,veg,medium,2022,aerial2022,street light from shadow,
props,p_0022,C06,light_pole,veg,medium,2022,aerial2022,street light from shadow,
props,p_0023,C06,light_pole,veg,low,2022,aerial2022,parking light pole from shadow,
props,p_0024,C06,light_pole,veg,medium,2022,aerial2022,street light from shadow,
props,p_0025,C06,light_pole,veg,medium,2022,aerial2022,street light from shadow,
props,p_0026,C06,light_pole,veg,medium,2022,aerial2022,street light from shadow,
props,p_0027,C06,light_pole,veg,medium,2022,aerial2022,stadium light tower from shadow,
props,p_0028,C06,light_pole,veg,medium,2022,aerial2022,stadium light tower from shadow,
props,p_0029,C06,light_pole,veg,medium,2022,aerial2022,stadium light tower from shadow,
props,p_0030,C06,light_pole,veg,medium,2022,aerial2022,stadium light tower from shadow,
props,p_0031,C06,lamp,veg,medium,2022,aerial2022,walk lamp from pole shadow,nudged 1.6 m off a traced walk (merge rule)
props,p_0032,C06,lamp,veg,medium,2022,aerial2022,walk lamp from pole shadow,
props,p_0033,C06,lamp,veg,medium,2022,aerial2022,walk lamp from pole shadow,
props,p_0034,C06,lamp,veg,medium,2022,aerial2022,walk lamp from pole shadow,
props,p_0035,C06,light_pole,veg,medium,2022,aerial2022,street light from shadow,
props,p_0036,C06,light_pole,veg,medium,2022,aerial2022,street light from shadow,
props,p_0037,C06,light_pole,veg,medium,2022,aerial2022,field light pole from shadow,
props,p_0038,C06,light_pole,veg,medium,2022,aerial2022,field light pole from shadow,
props,p_0039,C06,light_pole,veg,medium,2022,aerial2022,field light pole from shadow,
props,p_0040,C06,light_pole,veg,medium,2022,aerial2022,field light pole from shadow,
props,p_0041,C06,light_pole,veg,medium,2022,aerial2022,street light from shadow,
props,p_0042,C06,light_pole,veg,medium,2022,aerial2022,street light from shadow,
props,p_0043,C06,light_pole,veg,medium,2022,aerial2022,street light from shadow,
props,p_0044,C06,lamp,veg,medium,2022,aerial2022,walk lamp from pole shadow,
props,p_0045,C06,lamp,veg,medium,2022,aerial2022,walk lamp from pole shadow,
props,p_0046,C06,light_pole,veg,medium,2022,aerial2022,parking light pole from shadow,
props,p_0047,C06,light_pole,veg,medium,2022,aerial2022,parking light pole from shadow,
props,p_0048,C06,light_pole,veg,medium,2022,aerial2022,street light from shadow,
props,p_0049,C06,light_pole,veg,medium,2022,aerial2022,street light from shadow,
props,p_0050,C06,light_pole,veg,medium,2022,aerial2022,street light from shadow,
props,p_0051,C06,lamp,veg,medium,2022,aerial2022,sidewalk lamp from pole shadow,
props,p_0052,C06,lamp,veg,medium,2022,aerial2022,sidewalk lamp from pole shadow,
props,p_0053,C06,lamp,veg,medium,2022,aerial2022,sidewalk lamp from pole shadow,
props,p_0054,C06,lamp,veg,low,2022,aerial2022,sidewalk lamp from pole shadow,
props,p_0055,C06,lamp,veg,low,2022,aerial2022,sidewalk lamp from pole shadow,
props,p_0056,C06,lamp,veg,medium,2022,aerial2022,street lamp from pole shadow,nudged 0.3 m off a traced walk (merge rule)
props,p_0057,C06,lamp,veg,medium,2022,aerial2022,street lamp from pole shadow,nudged 0.5 m off a traced walk (merge rule)
props,p_0058,C06,lamp,veg,medium,2022,aerial2022,pedestrian lamp from pole shadow,
props,p_0059,C06,lamp,veg,medium,2022,aerial2022,pedestrian lamp from pole shadow,
props,p_0060,C06,light_pole,veg,medium,2022,aerial2022,parking light pole from shadow,
props,p_0061,C06,light_pole,veg,medium,2022,aerial2022,parking light pole from shadow,
props,p_0062,C06,light_pole,veg,medium,2022,aerial2022,street light from shadow,
props,p_0063,C06,light_pole,veg,medium,2022,aerial2022,street light from shadow,nudged 0.8 m off a traced walk (merge rule)
props,p_0064,C06,lamp,veg,low,2022,aerial2022,lamp head seen from above,
props,p_0065,C06,light_pole,veg,medium,2022,aerial2022,road light pole from shadow,
props,p_0066,C06,light_pole,veg,medium,2022,aerial2022,road light pole from shadow,
props,p_0067,C06,lamp,veg,low,2022,aerial2022,leaf-off 2022 aerial; deciduous placed from the shadow pattern or the visible crown,
props,p_0068,C06,light_pole,veg,medium,2022,aerial2022,parking light pole from shadow,
props,p_0069,C06,light_pole,veg,medium,2022,aerial2022,parking light pole from shadow,
props,p_0070,C06,light_pole,veg,medium,2022,aerial2022,parking light pole from shadow,
props,p_0071,C06,lamp,veg,low,2022,aerial2022,leaf-off 2022 aerial; deciduous placed from the shadow pattern or the visible crown,nudged 0.4 m off a traced walk (merge rule)
props,p_0072,C06,lamp,veg,medium,2022,aerial2022,pedestrian lamp from pole shadow,
props,p_0073,C06,lamp,veg,medium,2022,aerial2022,pedestrian lamp from pole shadow,
props,p_0074,C06,lamp,veg,medium,2022,aerial2022,pedestrian lamp from pole shadow,nudged 0.2 m off a traced walk (merge rule)
props,p_0075,C06,lamp,veg,medium,2022,aerial2022,pedestrian lamp from pole shadow,nudged 0.3 m off a traced walk (merge rule)
props,p_0076,C06,lamp,veg,medium,2022,aerial2022,pedestrian lamp from pole shadow,
props,p_0077,C06,lamp,veg,medium,2022,aerial2022,pedestrian lamp from pole shadow,
props,p_0078,C06,bike_rack,veg,medium,2022,aerial2022,bicycles visible on the paved pad by the residence hall,
props,p_0079,C06,lamp,veg,medium,2022,aerial2022,walk lamp from pole shadow,
props,p_0080,C06,light_pole,veg,medium,2022,aerial2022,parking light pole from shadow,
props,p_0081,C06,light_pole,veg,medium,2022,aerial2022,street light from shadow,
props,p_0082,C06,light_pole,veg,medium,2022,aerial2022,street light from shadow,
props,p_0083,C06,light_pole,veg,medium,2022,aerial2022,street light from shadow,
props,p_0084,C06,light_pole,veg,medium,2022,aerial2022,parking light pole from shadow,
props,p_0085,C06,light_pole,veg,medium,2022,aerial2022,parking light pole from shadow,
props,p_0086,C06,light_pole,veg,medium,2022,aerial2022,parking light pole from shadow,
props,p_0087,C06,light_pole,veg,medium,2022,aerial2022,parking light pole from shadow,
props,p_0088,C06,light_pole,veg,medium,2022,aerial2022,street light from shadow,
props,p_0089,C06,light_pole,veg,medium,2022,aerial2022,street light from shadow,
props,p_0090,C06,light_pole,veg,medium,2022,aerial2022,street light from shadow,
props,p_0091,C06,light_pole,veg,medium,2022,aerial2022,street light from shadow,
props,p_0092,C06,light_pole,veg,medium,2022,aerial2022,parking light pole from shadow,
props,p_0093,C06,light_pole,veg,medium,2022,aerial2022,parking light pole from shadow,
props,p_0094,C06,lamp,veg,medium,2022,aerial2022,street lamp from pole shadow,
props,p_0095,C06,lamp,veg,medium,2022,aerial2022,sidewalk lamp from pole shadow,
props,p_0096,C06,lamp,veg,medium,2022,aerial2022,sidewalk lamp from pole shadow,
props,p_0097,C06,bench,veg,low,2022,aerial2022,dark rectangle on the front lawn read as a bench,nudged 1.6 m off a traced walk (merge rule)
props,p_0098,C06,lamp,veg,low,2022,aerial2022,post with short shadow,
props,p_0099,C06,lamp,veg,low,2022,aerial2022,post with short shadow,
props,p_0100,C06,lamp,veg,medium,2022,aerial2022,pedestrian lamp from pole shadow,
props,p_0101,C06,lamp,veg,medium,2022,aerial2022,pedestrian lamp from pole shadow,
props,p_0102,C06,lamp,veg,medium,2022,aerial2022,pedestrian lamp from pole shadow,
props,p_0103,C06,lamp,veg,medium,2022,aerial2022,pedestrian lamp from pole shadow,
props,p_0104,C06,bike_rack,veg,low,2022,aerial2022,row of small objects in front of the residence hall read as bikes at a rack,
props,p_0105,C06,bench,veg,medium,2022,aerial2022,white bench tops visible in the paved court,
props,p_0106,C06,bench,veg,medium,2022,aerial2022,white bench tops visible in the paved court,
props,p_0107,C06,bench,veg,medium,2022,aerial2022,white bench tops visible in the paved court,
props,p_0108,C06,bench,veg,medium,2022,aerial2022,white bench tops visible in the paved court,
props,p_0109,C06,bench,veg,medium,2022,aerial2022,white bench tops visible in the paved court,
props,p_0110,C06,bench,veg,medium,2022,aerial2022,white bench tops visible in the paved court,
props,p_0111,C06,bench,veg,medium,2022,aerial2022,white bench tops visible in the paved court,
props,p_0112,C06,bench,veg,medium,2022,aerial2022,white bench tops visible in the paved court,
props,p_0113,C06,bench,veg,medium,2022,aerial2022,white bench tops visible in the paved court,
props,p_0114,C06,bench,veg,medium,2022,aerial2022,white bench tops visible in the paved court,
props,p_0115,C06,lamp,veg,medium,2022,aerial2022,pedestrian lamp from pole shadow,
props,p_0116,C06,lamp,veg,medium,2022,aerial2022,pedestrian lamp from pole shadow,
props,p_0117,C06,lamp,veg,medium,2022,aerial2022,pedestrian lamp from pole shadow,
props,p_0118,C06,lamp,veg,medium,2022,aerial2022,pedestrian lamp from pole shadow,
props,p_0119,C06,lamp,veg,medium,2022,aerial2022,pedestrian lamp from pole shadow,
props,p_0120,C06,light_pole,veg,medium,2022,aerial2022,street light from shadow,
props,p_0121,C06,light_pole,veg,medium,2022,aerial2022,street light from shadow,
props,p_0122,C06,light_pole,veg,medium,2022,aerial2022,parking light pole from shadow,
props,p_0123,C06,light_pole,veg,medium,2022,aerial2022,street light from shadow,
props,p_0124,C06,light_pole,veg,medium,2022,aerial2022,street light from shadow,
props,p_0125,C06,light_pole,veg,medium,2022,aerial2022,street light from shadow,
props,p_0126,C06,light_pole,veg,medium,2022,aerial2022,street light from shadow,
props,p_0127,C06,light_pole,veg,medium,2022,aerial2022,street light from shadow,
props,p_0128,C06,light_pole,veg,medium,2022,aerial2022,street light from shadow,
props,p_0129,C06,light_pole,veg,medium,2022,aerial2022,street light from shadow,
props,p_0130,C06,light_pole,veg,medium,2022,aerial2022,street light from shadow,
props,p_0131,C06,light_pole,veg,medium,2022,aerial2022,parking light pole from shadow,
props,p_0132,C06,light_pole,veg,low,2022,aerial2022,parking light pole from shadow,
props,p_0133,C06,lamp,veg,medium,2022,aerial2022,pedestrian lamp from pole shadow,
props,p_0134,C06,lamp,veg,low,2022,aerial2022,leaf-off 2022 aerial; deciduous placed from the shadow pattern or the visible crown,
props,p_0135,C06,lamp,veg,medium,2022,aerial2022,pedestrian lamp from pole shadow,
props,p_0136,C06,light_pole,veg,medium,2022,aerial2022,street light from shadow,
props,p_0137,C06,light_pole,veg,medium,2022,aerial2022,street light from shadow,
props,p_0138,C06,light_pole,veg,medium,2022,aerial2022,street light from shadow,
props,p_0139,C06,light_pole,veg,medium,2022,aerial2022,parking light pole from shadow,
props,p_0140,C06,light_pole,veg,medium,2022,aerial2022,parking light pole from shadow,
props,p_0141,C06,light_pole,veg,medium,2022,aerial2022,light pole from shadow,
props,p_0142,C06,lamp,veg,low,2022,aerial2022,leaf-off 2022 aerial; deciduous placed from the shadow pattern or the visible crown,
props,p_0143,C06,light_pole,veg,medium,2022,aerial2022,road light pole from shadow,
props,p_0144,C06,light_pole,veg,low,2022,aerial2022,road light pole from shadow,
props,p_0145,C06,light_pole,veg,medium,2022,aerial2022,parking light pole from shadow,
props,p_0146,C06,bench,veg,low,2022,aerial2022,light slab beside the gateway walk read as a bench,
props,p_0147,C06,bench,veg,low,2022,aerial2022,light slab beside the gateway walk read as a bench,
props,p_0148,C06,lamp,veg,low,2022,aerial2022,leaf-off 2022 aerial; deciduous placed from the shadow pattern or the visible crown,
props,p_0149,C06,light_pole,veg,medium,2022,aerial2022,street light from shadow,
props,p_0150,C06,light_pole,veg,medium,2022,aerial2022,street light from shadow,
props,p_0151,C06,lamp,veg,medium,2022,aerial2022,gateway walk lamp from shadow,
props,p_0152,C06,lamp,veg,medium,2022,aerial2022,gateway walk lamp from shadow,
props,p_0153,C06,light_pole,veg,medium,2022,aerial2022,road light pole from shadow,
props,p_0154,C06,light_pole,veg,medium,2022,aerial2022,street light from shadow,
props,p_0155,C06,lamp,veg,medium,2022,aerial2022,pedestrian lamp from pole shadow,
props,p_0156,C06,light_pole,veg,medium,2022,aerial2022,street light from shadow,
props,p_0157,C06,lamp,veg,medium,2022,aerial2022,pedestrian lamp from pole shadow,
props,p_0158,C06,lamp,veg,low,2022,aerial2022,leaf-off 2022 aerial; deciduous placed from the shadow pattern or the visible crown,
props,p_0159,C06,table,veg,medium,2022,aerial2022,white patio tables and chairs seen from above,
props,p_0160,C06,table,veg,medium,2022,aerial2022,white patio tables and chairs seen from above,
props,p_0161,C06,lamp,veg,medium,2022,aerial2022,pedestrian lamp from pole shadow,
props,p_0162,C06,lamp,veg,medium,2022,aerial2022,pedestrian lamp from pole shadow,
props,p_0163,C06,light_pole,veg,medium,2022,aerial2022,parking light pole from shadow,
props,p_0164,C06,light_pole,veg,medium,2022,aerial2022,parking light pole from shadow,
props,p_0165,C06,light_pole,veg,low,2022,aerial2022,street light from shadow,
props,p_0166,C06,light_pole,veg,medium,2022,aerial2022,street light from shadow,
props,p_0167,C06,light_pole,veg,medium,2022,aerial2022,parking light pole from shadow,
props,p_0168,C06,light_pole,veg,medium,2022,aerial2022,parking light pole from shadow,
props,p_0169,C06,light_pole,veg,medium,2022,aerial2022,parking light pole from shadow,
props,p_0170,C06,light_pole,veg,medium,2022,aerial2022,parking light pole from shadow,
props,p_0171,C06,lamp,veg,medium,2022,aerial2022,pedestrian lamp from pole shadow,
props,p_0172,C06,light_pole,veg,medium,2022,aerial2022,street light from shadow,
props,p_0173,C06,light_pole,veg,medium,2022,aerial2022,street light from shadow,
props,p_0174,C06,light_pole,veg,medium,2022,aerial2022,road light pole from shadow,
props,p_0175,C06,light_pole,veg,medium,2022,aerial2022,road light pole from shadow,nudged 0.6 m off a traced walk (merge rule)
props,p_0176,C06,light_pole,veg,medium,2022,aerial2022,road light pole from shadow,
props,p_0177,C06,light_pole,veg,medium,2022,aerial2022,parking light pole from shadow,
props,p_0178,C06,sign_blank,veg,medium,2022,aerial2022,entrance sign panel beside the east perimeter street,
props,p_0179,C06,sign_blank,veg,low,2022,aerial2022,entrance sign panel beside the east perimeter street,
props,p_0180,C06,light_pole,veg,medium,2022,aerial2022,street light from shadow,
props,p_0181,C06,light_pole,veg,medium,2022,aerial2022,street light from shadow,
props,p_0182,C06,light_pole,veg,medium,2022,aerial2022,street light from shadow,
props,p_0183,C06,light_pole,veg,medium,2022,aerial2022,street light from shadow,
props,p_0184,C06,sign_blank,veg,medium,2022,aerial2022,entrance sign wall beside the south east corner,
props,p_0185,C06,sign_blank,veg,low,2022,aerial2022,light slab monument beside the entrance sign,
props,p_0186,C06,light_pole,veg,medium,2022,aerial2022,street light from shadow,
props,p_0187,C06,light_pole,veg,medium,2022,aerial2022,street light from shadow,
props,p_0188,C06,light_pole,veg,medium,2022,aerial2022,road light pole from shadow,
props,p_0189,C06,light_pole,veg,low,2022,aerial2022,road light pole from shadow,
props,p_0190,C06,light_pole,veg,medium,2022,aerial2022,street light from shadow,
props,p_0191,C06,light_pole,veg,medium,2022,aerial2022,street light from shadow,
changes,chg_founders_hall,B02,,north,medium,2026,"aerial2022, plan2023p4, wayfinding2026, S10, S11",2023 plan still shows the office (proposal 4 'future building' on it); 2026 wayfinding shows the hall,demolition date unknown
changes,chg_north_court_homes,B45,,north,medium,2026,"overview2022, parcels2025, wayfinding2026, R150, R160",2022 overview shows no buildings on the block; the 2025 parcels give both parcels apartment class 402 (the class of B05's parcel); the 2026 wayfinding inset (pin 44) shows the seven buildings; R150/R160 show them finished and occupied,construction date unknown
changes,chg_studio_house_unresolved,B46,,north,low,2026,wayfinding2026,pixel search of all cyan/orange markers: numbers 1-44 only,location needed from the owner; one candidate is the unnumbered single-storey building lodge_west_building
changes,chg_terrace_apartments,B06,,north,low,2026,"overview2022, parcels2025, wayfinding2026","2022 overview (0.66 m/px), 2025 parcel class codes (street-side parcel 500 = vacant residential lot, rear parcel 510 = single-family), 2026 wayfinding pin 6",construction date and the fate of the rear-parcel house unresolved; no post-2022 overhead image or photograph in the pack
changes,chg_west_loop_relocated,,,west,low,2026,"wayfinding2026, S01",2026 map + the university's note that online maps show the old loop route,exact alignment and opening year
changes,chg_west_old_track_removed,,,west,medium,2026,"aerial2022, plan2023p4, wayfinding2026",the 2023 plan base still shows faint lanes under its parking overlay; the 2026 map has no track,"what surface now occupies the east half (lawn, parking or construction staging for the new assembly centre)"
changes,chg_west_racket_courts_added,,,west,medium,2026,"wayfinding2026, R055, plan2023p4, aerial2022",2023 plan proposes courts here; 2026 map shows them; R055 shows the finished complex,completion year; exact position (+-10 m)
changes,chg_west_tennis_north_removed,,,west,medium,2026,"wayfinding2026, aerial2022",cross-reference for the core zone,
changes,chg_west_track_complex_added,,,west,low,2026,"wayfinding2026, plan2023p4",status at Oct 2026 assumed open; 2023 plan showed a different layout,completion and as-built layout
changes,chg_west_trainhall_plaza_added,,,west,low,2025,"R058, aerial2022",photo shows new hardscape; training hall itself is present in 2022,exact extent
